{"label":"i2i-client.js","level":"info","message":"Fetching auth token STANDARD for api","timestamp":"2025-09-30T00:05:00.561Z"}
{"label":"i2i-client.js","level":"info","message":"Fetching auth token STANDARD for api","timestamp":"2025-09-30T00:05:00.562Z"}
{"label":"i2i-monitor-service.js","level":"info","message":"I2I Monitor GetPolicy: 0.1435","timestamp":"2025-09-30T00:05:00.705Z"}
{"label":"i2i-client.js","level":"info","message":"Fetching auth token STANDARD for api","timestamp":"2025-09-30T00:05:00.705Z"}
{"label":"i2i-client.js","level":"info","message":"Fetching auth token STANDARD for api","timestamp":"2025-09-30T00:05:00.880Z"}
{"label":"i2i-monitor-service.js","level":"info","message":"I2I Monitor UpdateClaim: 1.6648","timestamp":"2025-09-30T00:05:02.370Z"}
{"label":"i2i-client.js","level":"info","message":"Fetching auth token STANDARD for api","timestamp":"2025-09-30T00:05:02.370Z"}
{"label":"i2i-client.js","level":"info","message":"Fetching auth token STANDARD for api","timestamp":"2025-09-30T00:05:02.449Z"}
{"label":"i2i-client.js","level":"info","message":"Fetching auth token STANDARD for api","timestamp":"2025-09-30T00:05:02.544Z"}
{"label":"i2i-monitor-service.js","level":"info","message":"I2I Monitor UpdatePolicy: 9.1008","timestamp":"2025-09-30T00:05:11.471Z"}
{"label":"i2i-client.js","level":"info","message":"Fetching auth token STANDARD for api","timestamp":"2025-09-30T00:05:11.471Z"}
{"label":"i2i-client.js","level":"info","message":"Fetching auth token STANDARD for api","timestamp":"2025-09-30T00:05:11.556Z"}
{"label":"i2i-monitor-service.js","level":"info","message":"I2I Monitor UpdateParty: 0.1802","timestamp":"2025-09-30T00:05:11.652Z"}
{"label":"i2i-client.js","level":"info","message":"Fetching auth token STANDARD for api","timestamp":"2025-09-30T00:05:11.652Z"}
{"label":"i2i-monitor-service.js","level":"info","message":"I2I Monitor GetParty: 0.0876","timestamp":"2025-09-30T00:05:11.739Z"}
{"label":"i2i-client.js","level":"info","message":"Fetching auth token STANDARD for api","timestamp":"2025-09-30T00:05:11.739Z"}
{"label":"i2i-monitor-service.js","level":"info","message":"I2I Monitor GetClaim: 0.1155","timestamp":"2025-09-30T00:05:11.855Z"}
{"GetClaim":0.115453139,"GetParty":0.087569437,"GetPolicy":0.143517429,"UpdateClaim":1.664780992,"UpdateParty":0.180228759,"UpdatePolicy":9.100788881,"label":"i2i-monitor-service.js","level":"info","message":"I2I Monitor Results","timestamp":"2025-09-30T00:05:11.855Z"}
{"label":"i2i-client.js","level":"info","message":"Fetching auth token STANDARD for api","timestamp":"2025-09-30T00:10:00.005Z"}
{"label":"i2i-client.js","level":"info","message":"Fetching auth token STANDARD for api","timestamp":"2025-09-30T00:10:00.005Z"}
{"label":"marketing-service.js","level":"info","message":"Start job sommarkampanj-2025-dogs:sommarkampanj-2025","timestamp":"2025-09-30T00:10:00.017Z"}
{"label":"marketing-service-job.js","level":"info","message":"Starting JOB sommarkampanj-2025-dogs:sommarkampanj-2025","timestamp":"2025-09-30T00:10:00.017Z"}
{"label":"marketing-service.js","level":"info","message":"Start job sommarkampanj-2025-dogs:sommarkampanj-2025","timestamp":"2025-09-30T00:10:00.021Z"}
{"label":"marketing-service-job.js","level":"info","message":"Starting JOB sommarkampanj-2025-dogs:sommarkampanj-2025","timestamp":"2025-09-30T00:10:00.021Z"}
{"label":"i2i-client.js","level":"info","message":"Fetching auth token STANDARD for api","timestamp":"2025-09-30T00:10:00.363Z"}
{"label":"marketing-service-job.js","level":"info","message":"Got 0 items to synk","timestamp":"2025-09-30T00:10:00.506Z"}
{"label":"marketing-service-job.js","level":"info","message":"Marketing log written","timestamp":"2025-09-30T00:10:00.506Z"}
{"label":"marketing-service-job.js","level":"info","message":"Post duplicate removal 0 items to synk","timestamp":"2025-09-30T00:10:00.506Z"}
{"label":"marketing-service-job.js","level":"info","message":"No data to sync","timestamp":"2025-09-30T00:10:00.506Z"}
{"label":"marketing-service-job.js","level":"info","message":"Got 0 items to synk","timestamp":"2025-09-30T00:10:00.631Z"}
{"label":"marketing-service-job.js","level":"info","message":"Marketing log written","timestamp":"2025-09-30T00:10:00.631Z"}
{"label":"marketing-service-job.js","level":"info","message":"Post duplicate removal 0 items to synk","timestamp":"2025-09-30T00:10:00.631Z"}
{"label":"marketing-service-job.js","level":"info","message":"No data to sync","timestamp":"2025-09-30T00:10:00.631Z"}
{"label":"i2i-monitor-service.js","level":"info","message":"I2I Monitor UpdateClaim: 1.9741","timestamp":"2025-09-30T00:10:01.979Z"}
{"label":"i2i-client.js","level":"info","message":"Fetching auth token STANDARD for api","timestamp":"2025-09-30T00:10:01.979Z"}
{"label":"i2i-monitor-service.js","level":"info","message":"I2I Monitor GetPolicy: 0.0880","timestamp":"2025-09-30T00:10:02.067Z"}
{"label":"i2i-client.js","level":"info","message":"Fetching auth token STANDARD for api","timestamp":"2025-09-30T00:10:02.067Z"}
{"label":"i2i-monitor-service.js","level":"info","message":"I2I Monitor GetParty: 0.0800","timestamp":"2025-09-30T00:10:02.148Z"}
{"label":"i2i-client.js","level":"info","message":"Fetching auth token STANDARD for api","timestamp":"2025-09-30T00:10:02.148Z"}
{"label":"i2i-client.js","level":"info","message":"Fetching auth token STANDARD for api","timestamp":"2025-09-30T00:10:02.233Z"}
{"label":"i2i-client.js","level":"info","message":"Fetching auth token STANDARD for api","timestamp":"2025-09-30T00:10:02.380Z"}
{"label":"i2i-monitor-service.js","level":"info","message":"I2I Monitor UpdatePolicy: 9.1123","timestamp":"2025-09-30T00:10:11.260Z"}
{"label":"i2i-client.js","level":"info","message":"Fetching auth token STANDARD for api","timestamp":"2025-09-30T00:10:11.260Z"}
{"label":"i2i-monitor-service.js","level":"info","message":"I2I Monitor GetClaim: 0.1355","timestamp":"2025-09-30T00:10:11.396Z"}
{"label":"i2i-client.js","level":"info","message":"Fetching auth token STANDARD for api","timestamp":"2025-09-30T00:10:11.396Z"}
{"label":"i2i-client.js","level":"info","message":"Fetching auth token STANDARD for api","timestamp":"2025-09-30T00:10:11.489Z"}
{"label":"i2i-monitor-service.js","level":"info","message":"I2I Monitor UpdateParty: 0.1860","timestamp":"2025-09-30T00:10:11.582Z"}
{"GetClaim":0.135512024,"GetParty":0.08003519199999999,"GetPolicy":0.08804716500000001,"UpdateClaim":1.9741322430000001,"UpdateParty":0.186035961,"UpdatePolicy":9.112272976,"label":"i2i-monitor-service.js","level":"info","message":"I2I Monitor Results","timestamp":"2025-09-30T00:10:11.582Z"}
{"label":"i2i-client.js","level":"info","message":"Fetching auth token STANDARD for api","timestamp":"2025-09-30T00:15:00.328Z"}
{"label":"i2i-client.js","level":"info","message":"Fetching auth token STANDARD for api","timestamp":"2025-09-30T00:15:00.328Z"}
{"label":"i2i-monitor-service.js","level":"info","message":"I2I Monitor GetPolicy: 0.0964","timestamp":"2025-09-30T00:15:00.425Z"}
{"label":"i2i-client.js","level":"info","message":"Fetching auth token STANDARD for api","timestamp":"2025-09-30T00:15:00.425Z"}
{"label":"i2i-monitor-service.js","level":"info","message":"I2I Monitor GetClaim: 0.1176","timestamp":"2025-09-30T00:15:00.542Z"}
{"label":"i2i-client.js","level":"info","message":"Fetching auth token STANDARD for api","timestamp":"2025-09-30T00:15:00.542Z"}
{"label":"i2i-client.js","level":"info","message":"Fetching auth token STANDARD for api","timestamp":"2025-09-30T00:15:00.629Z"}
{"label":"i2i-client.js","level":"info","message":"Fetching auth token STANDARD for api","timestamp":"2025-09-30T00:15:00.718Z"}
{"label":"i2i-monitor-service.js","level":"info","message":"I2I Monitor UpdatePolicy: 8.6139","timestamp":"2025-09-30T00:15:09.156Z"}
{"label":"i2i-client.js","level":"info","message":"Fetching auth token STANDARD for api","timestamp":"2025-09-30T00:15:09.156Z"}
{"label":"i2i-client.js","level":"info","message":"Fetching auth token STANDARD for api","timestamp":"2025-09-30T00:15:09.245Z"}
{"label":"i2i-monitor-service.js","level":"info","message":"I2I Monitor UpdateParty: 0.1907","timestamp":"2025-09-30T00:15:09.347Z"}
{"label":"i2i-client.js","level":"info","message":"Fetching auth token STANDARD for api","timestamp":"2025-09-30T00:15:09.347Z"}
{"label":"i2i-monitor-service.js","level":"info","message":"I2I Monitor GetParty: 0.0849","timestamp":"2025-09-30T00:15:09.432Z"}
{"label":"i2i-client.js","level":"info","message":"Fetching auth token STANDARD for api","timestamp":"2025-09-30T00:15:09.433Z"}
{"label":"i2i-client.js","level":"info","message":"Fetching auth token STANDARD for api","timestamp":"2025-09-30T00:15:09.548Z"}
{"label":"i2i-monitor-service.js","level":"info","message":"I2I Monitor UpdateClaim: 1.4890","timestamp":"2025-09-30T00:15:10.922Z"}
{"GetClaim":0.11755212,"GetParty":0.08492453500000001,"GetPolicy":0.096443541,"UpdateClaim":1.4889674720000001,"UpdateParty":0.190746825,"UpdatePolicy":8.613869552,"label":"i2i-monitor-service.js","level":"info","message":"I2I Monitor Results","timestamp":"2025-09-30T00:15:10.922Z"}
{"label":"i2i-client.js","level":"info","message":"Fetching auth token STANDARD for api","timestamp":"2025-09-30T00:20:00.690Z"}
{"label":"i2i-client.js","level":"info","message":"Fetching auth token STANDARD for api","timestamp":"2025-09-30T00:20:00.691Z"}
{"label":"marketing-service.js","level":"info","message":"Start job sommarkampanj-2025-dogs:sommarkampanj-2025","timestamp":"2025-09-30T00:20:00.703Z"}
{"label":"marketing-service-job.js","level":"info","message":"Starting JOB sommarkampanj-2025-dogs:sommarkampanj-2025","timestamp":"2025-09-30T00:20:00.703Z"}
{"label":"marketing-service.js","level":"info","message":"Start job sommarkampanj-2025-dogs:sommarkampanj-2025","timestamp":"2025-09-30T00:20:00.704Z"}
{"label":"marketing-service-job.js","level":"info","message":"Starting JOB sommarkampanj-2025-dogs:sommarkampanj-2025","timestamp":"2025-09-30T00:20:00.704Z"}
{"label":"i2i-client.js","level":"info","message":"Fetching auth token STANDARD for api","timestamp":"2025-09-30T00:20:00.968Z"}
{"label":"marketing-service-job.js","level":"info","message":"Got 0 items to synk","timestamp":"2025-09-30T00:20:01.062Z"}
{"label":"marketing-service-job.js","level":"info","message":"Marketing log written","timestamp":"2025-09-30T00:20:01.062Z"}
{"label":"marketing-service-job.js","level":"info","message":"Post duplicate removal 0 items to synk","timestamp":"2025-09-30T00:20:01.062Z"}
{"label":"marketing-service-job.js","level":"info","message":"No data to sync","timestamp":"2025-09-30T00:20:01.062Z"}
{"label":"marketing-service-job.js","level":"info","message":"Got 0 items to synk","timestamp":"2025-09-30T00:20:01.472Z"}
{"label":"marketing-service-job.js","level":"info","message":"Marketing log written","timestamp":"2025-09-30T00:20:01.472Z"}
{"label":"marketing-service-job.js","level":"info","message":"Post duplicate removal 0 items to synk","timestamp":"2025-09-30T00:20:01.472Z"}
{"label":"marketing-service-job.js","level":"info","message":"No data to sync","timestamp":"2025-09-30T00:20:01.472Z"}
{"label":"i2i-monitor-service.js","level":"info","message":"I2I Monitor UpdateClaim: 1.7601","timestamp":"2025-09-30T00:20:02.451Z"}
{"label":"i2i-client.js","level":"info","message":"Fetching auth token STANDARD for api","timestamp":"2025-09-30T00:20:02.451Z"}
{"label":"i2i-client.js","level":"info","message":"Fetching auth token STANDARD for api","timestamp":"2025-09-30T00:20:02.534Z"}
{"label":"i2i-monitor-service.js","level":"info","message":"I2I Monitor UpdateParty: 0.1662","timestamp":"2025-09-30T00:20:02.617Z"}
{"label":"i2i-client.js","level":"info","message":"Fetching auth token STANDARD for api","timestamp":"2025-09-30T00:20:02.617Z"}
{"label":"i2i-client.js","level":"info","message":"Fetching auth token STANDARD for api","timestamp":"2025-09-30T00:20:02.704Z"}
{"label":"i2i-client.js","level":"info","message":"Fetching auth token STANDARD for api","timestamp":"2025-09-30T00:20:02.790Z"}
{"label":"i2i-monitor-service.js","level":"info","message":"I2I Monitor UpdatePolicy: 9.2489","timestamp":"2025-09-30T00:20:11.866Z"}
{"label":"i2i-client.js","level":"info","message":"Fetching auth token STANDARD for api","timestamp":"2025-09-30T00:20:11.866Z"}
{"label":"i2i-monitor-service.js","level":"info","message":"I2I Monitor GetClaim: 0.1132","timestamp":"2025-09-30T00:20:11.980Z"}
{"label":"i2i-client.js","level":"info","message":"Fetching auth token STANDARD for api","timestamp":"2025-09-30T00:20:11.980Z"}
{"label":"i2i-monitor-service.js","level":"info","message":"I2I Monitor GetPolicy: 0.0927","timestamp":"2025-09-30T00:20:12.072Z"}
{"label":"i2i-client.js","level":"info","message":"Fetching auth token STANDARD for api","timestamp":"2025-09-30T00:20:12.072Z"}
{"label":"i2i-monitor-service.js","level":"info","message":"I2I Monitor GetParty: 0.0765","timestamp":"2025-09-30T00:20:12.149Z"}
{"GetClaim":0.113248779,"GetParty":0.076461707,"GetPolicy":0.09265185499999999,"UpdateClaim":1.7600535089999998,"UpdateParty":0.166223362,"UpdatePolicy":9.248875115999999,"label":"i2i-monitor-service.js","level":"info","message":"I2I Monitor Results","timestamp":"2025-09-30T00:20:12.149Z"}
{"label":"i2i-client.js","level":"info","message":"Fetching auth token STANDARD for api","timestamp":"2025-09-30T00:25:00.009Z"}
{"label":"i2i-client.js","level":"info","message":"Fetching auth token STANDARD for api","timestamp":"2025-09-30T00:25:00.009Z"}
{"label":"i2i-monitor-service.js","level":"info","message":"I2I Monitor GetPolicy: 0.1150","timestamp":"2025-09-30T00:25:00.124Z"}
{"label":"i2i-client.js","level":"info","message":"Fetching auth token STANDARD for api","timestamp":"2025-09-30T00:25:00.124Z"}
{"label":"i2i-client.js","level":"info","message":"Fetching auth token STANDARD for api","timestamp":"2025-09-30T00:25:00.202Z"}
{"label":"i2i-monitor-service.js","level":"info","message":"I2I Monitor UpdateParty: 0.1705","timestamp":"2025-09-30T00:25:00.295Z"}
{"label":"i2i-client.js","level":"info","message":"Fetching auth token STANDARD for api","timestamp":"2025-09-30T00:25:00.295Z"}
{"label":"i2i-monitor-service.js","level":"info","message":"I2I Monitor GetParty: 0.0756","timestamp":"2025-09-30T00:25:00.371Z"}
{"label":"i2i-client.js","level":"info","message":"Fetching auth token STANDARD for api","timestamp":"2025-09-30T00:25:00.371Z"}
{"label":"i2i-client.js","level":"info","message":"Fetching auth token STANDARD for api","timestamp":"2025-09-30T00:25:00.452Z"}
{"label":"i2i-client.js","level":"info","message":"Fetching auth token STANDARD for api","timestamp":"2025-09-30T00:25:00.535Z"}
{"label":"i2i-monitor-service.js","level":"info","message":"I2I Monitor UpdatePolicy: 9.0757","timestamp":"2025-09-30T00:25:09.447Z"}
{"label":"i2i-client.js","level":"info","message":"Fetching auth token STANDARD for api","timestamp":"2025-09-30T00:25:09.447Z"}
{"label":"i2i-monitor-service.js","level":"info","message":"I2I Monitor GetClaim: 0.1162","timestamp":"2025-09-30T00:25:09.563Z"}
{"label":"i2i-client.js","level":"info","message":"Fetching auth token STANDARD for api","timestamp":"2025-09-30T00:25:09.563Z"}
{"label":"i2i-client.js","level":"info","message":"Fetching auth token STANDARD for api","timestamp":"2025-09-30T00:25:09.670Z"}
{"label":"i2i-monitor-service.js","level":"info","message":"I2I Monitor UpdateClaim: 1.6376","timestamp":"2025-09-30T00:25:11.201Z"}
{"GetClaim":0.116156762,"GetParty":0.075610079,"GetPolicy":0.11496994499999999,"UpdateClaim":1.637632986,"UpdateParty":0.17050216599999998,"UpdatePolicy":9.075729705,"label":"i2i-monitor-service.js","level":"info","message":"I2I Monitor Results","timestamp":"2025-09-30T00:25:11.201Z"}
{"label":"i2i-client.js","level":"info","message":"Fetching auth token STANDARD for api","timestamp":"2025-09-30T00:30:00.365Z"}
{"label":"i2i-client.js","level":"info","message":"Fetching auth token STANDARD for api","timestamp":"2025-09-30T00:30:00.366Z"}
{"label":"marketing-service.js","level":"info","message":"Start job sommarkampanj-2025-dogs:sommarkampanj-2025","timestamp":"2025-09-30T00:30:00.376Z"}
{"label":"marketing-service-job.js","level":"info","message":"Starting JOB sommarkampanj-2025-dogs:sommarkampanj-2025","timestamp":"2025-09-30T00:30:00.376Z"}
{"label":"marketing-service.js","level":"info","message":"Start job sommarkampanj-2025-dogs:sommarkampanj-2025","timestamp":"2025-09-30T00:30:00.377Z"}
{"label":"marketing-service-job.js","level":"info","message":"Starting JOB sommarkampanj-2025-dogs:sommarkampanj-2025","timestamp":"2025-09-30T00:30:00.377Z"}
{"label":"i2i-db-monitor-service.js","level":"info","message":"I2I DB Monitor ProfilerLastHour@Execution: 0.0310","timestamp":"2025-09-30T00:30:00.399Z"}
{"label":"i2i-db-monitor-service.js","level":"info","message":"I2I DB Monitor ProfilerLastHour@TotalCount: 0.0000","timestamp":"2025-09-30T00:30:00.399Z"}
{"label":"i2i-db-monitor-service.js","level":"info","message":"I2I DB Monitor ProfilerLastHour@Count: 0.0000","timestamp":"2025-09-30T00:30:00.399Z"}
{"label":"i2i-db-monitor-service.js","level":"info","message":"I2I DB Monitor ProfilerLastHour@ErrorCount: 0.0000","timestamp":"2025-09-30T00:30:00.399Z"}
{"label":"i2i-db-monitor-service.js","level":"info","message":"I2I DB Monitor ProfilerLastHour@CountTimeout: 0.0000","timestamp":"2025-09-30T00:30:00.399Z"}
{"label":"i2i-db-monitor-service.js","level":"info","message":"I2I DB Monitor ProfilerLastHour@AvgDuration: 0.0000","timestamp":"2025-09-30T00:30:00.399Z"}
{"label":"i2i-db-monitor-service.js","level":"info","message":"I2I DB Monitor ProfilerLastHour@TotalDuration: 0.0000","timestamp":"2025-09-30T00:30:00.399Z"}
{"label":"i2i-db-monitor-service.js","level":"info","message":"I2I DB Monitor ProfilerLastHour@AvgDurationTimeout: 0.0000","timestamp":"2025-09-30T00:30:00.399Z"}
{"label":"i2i-db-monitor-service.js","level":"info","message":"I2I DB Monitor ProfilerLastHour@TotalDurationTiemout: 0.0000","timestamp":"2025-09-30T00:30:00.399Z"}
{"label":"i2i-db-monitor-service.js","level":"info","message":"I2I DB Monitor ProfilerPrevHour@Execution: 0.0140","timestamp":"2025-09-30T00:30:00.413Z"}
{"label":"i2i-db-monitor-service.js","level":"info","message":"I2I DB Monitor ProfilerPrevHour@TotalCount: 46.0000","timestamp":"2025-09-30T00:30:00.413Z"}
{"label":"i2i-db-monitor-service.js","level":"info","message":"I2I DB Monitor ProfilerPrevHour@Count: 25.0000","timestamp":"2025-09-30T00:30:00.413Z"}
{"label":"i2i-db-monitor-service.js","level":"info","message":"I2I DB Monitor ProfilerPrevHour@ErrorCount: 3.0000","timestamp":"2025-09-30T00:30:00.413Z"}
{"label":"i2i-db-monitor-service.js","level":"info","message":"I2I DB Monitor ProfilerPrevHour@CountTimeout: 18.0000","timestamp":"2025-09-30T00:30:00.414Z"}
{"label":"i2i-db-monitor-service.js","level":"info","message":"I2I DB Monitor ProfilerPrevHour@AvgDuration: 26841978.8400","timestamp":"2025-09-30T00:30:00.414Z"}
{"label":"i2i-db-monitor-service.js","level":"info","message":"I2I DB Monitor ProfilerPrevHour@TotalDuration: 671049471.0000","timestamp":"2025-09-30T00:30:00.414Z"}
{"label":"i2i-db-monitor-service.js","level":"info","message":"I2I DB Monitor ProfilerPrevHour@AvgDurationTimeout: 29994871.8889","timestamp":"2025-09-30T00:30:00.414Z"}
{"label":"i2i-db-monitor-service.js","level":"info","message":"I2I DB Monitor ProfilerPrevHour@TotalDurationTiemout: 539907694.0000","timestamp":"2025-09-30T00:30:00.414Z"}
{"ProfilerLastHour_AvgDuration":0,"ProfilerLastHour_AvgDurationTimeout":0,"ProfilerLastHour_Count":0,"ProfilerLastHour_CountTimeout":0,"ProfilerLastHour_ErrorCount":0,"ProfilerLastHour_TotalCount":0,"ProfilerLastHour_TotalDuration":0,"ProfilerLastHour_TotalDurationTiemout":0,"ProfilerPrevHour_AvgDuration":26841978.84,"ProfilerPrevHour_AvgDurationTimeout":29994871.888888888,"ProfilerPrevHour_Count":25,"ProfilerPrevHour_CountTimeout":18,"ProfilerPrevHour_ErrorCount":3,"ProfilerPrevHour_TotalCount":46,"ProfilerPrevHour_TotalDuration":671049471,"ProfilerPrevHour_TotalDurationTiemout":539907694,"label":"i2i-db-monitor-service.js","level":"info","message":"I2I DB Monitor Results","timestamp":"2025-09-30T00:30:00.414Z"}
{"label":"i2i-client.js","level":"info","message":"Fetching auth token STANDARD for api","timestamp":"2025-09-30T00:30:00.552Z"}
{"label":"i2i-client.js","level":"info","message":"Fetching auth token STANDARD for api","timestamp":"2025-09-30T00:30:00.680Z"}
{"label":"marketing-service-job.js","level":"info","message":"Got 0 items to synk","timestamp":"2025-09-30T00:30:00.778Z"}
{"label":"marketing-service-job.js","level":"info","message":"Marketing log written","timestamp":"2025-09-30T00:30:00.778Z"}
{"label":"marketing-service-job.js","level":"info","message":"Post duplicate removal 0 items to synk","timestamp":"2025-09-30T00:30:00.778Z"}
{"label":"marketing-service-job.js","level":"info","message":"No data to sync","timestamp":"2025-09-30T00:30:00.778Z"}
{"label":"marketing-service-job.js","level":"info","message":"Got 0 items to synk","timestamp":"2025-09-30T00:30:00.914Z"}
{"label":"marketing-service-job.js","level":"info","message":"Marketing log written","timestamp":"2025-09-30T00:30:00.914Z"}
{"label":"marketing-service-job.js","level":"info","message":"Post duplicate removal 0 items to synk","timestamp":"2025-09-30T00:30:00.914Z"}
{"label":"marketing-service-job.js","level":"info","message":"No data to sync","timestamp":"2025-09-30T00:30:00.914Z"}
{"label":"i2i-monitor-service.js","level":"info","message":"I2I Monitor UpdatePolicy: 8.6862","timestamp":"2025-09-30T00:30:09.052Z"}
{"label":"i2i-client.js","level":"info","message":"Fetching auth token STANDARD for api","timestamp":"2025-09-30T00:30:09.052Z"}
{"label":"i2i-client.js","level":"info","message":"Fetching auth token STANDARD for api","timestamp":"2025-09-30T00:30:09.166Z"}
{"label":"i2i-monitor-service.js","level":"info","message":"I2I Monitor UpdateClaim: 1.4203","timestamp":"2025-09-30T00:30:10.472Z"}
{"label":"i2i-client.js","level":"info","message":"Fetching auth token STANDARD for api","timestamp":"2025-09-30T00:30:10.473Z"}
{"label":"i2i-monitor-service.js","level":"info","message":"I2I Monitor GetParty: 0.0776","timestamp":"2025-09-30T00:30:10.550Z"}
{"label":"i2i-client.js","level":"info","message":"Fetching auth token STANDARD for api","timestamp":"2025-09-30T00:30:10.550Z"}
{"label":"i2i-client.js","level":"info","message":"Fetching auth token STANDARD for api","timestamp":"2025-09-30T00:30:10.625Z"}
{"label":"i2i-monitor-service.js","level":"info","message":"I2I Monitor UpdateParty: 0.1630","timestamp":"2025-09-30T00:30:10.713Z"}
{"label":"i2i-client.js","level":"info","message":"Fetching auth token STANDARD for api","timestamp":"2025-09-30T00:30:10.713Z"}
{"label":"i2i-monitor-service.js","level":"info","message":"I2I Monitor GetClaim: 0.1119","timestamp":"2025-09-30T00:30:10.825Z"}
{"label":"i2i-client.js","level":"info","message":"Fetching auth token STANDARD for api","timestamp":"2025-09-30T00:30:10.826Z"}
{"label":"i2i-monitor-service.js","level":"info","message":"I2I Monitor GetPolicy: 0.0865","timestamp":"2025-09-30T00:30:10.912Z"}
{"GetClaim":0.111948258,"GetParty":0.077639887,"GetPolicy":0.086542662,"UpdateClaim":1.420251108,"UpdateParty":0.163008882,"UpdatePolicy":8.686214667,"label":"i2i-monitor-service.js","level":"info","message":"I2I Monitor Results","timestamp":"2025-09-30T00:30:10.912Z"}
{"label":"i2i-client.js","level":"info","message":"Fetching auth token STANDARD for api","timestamp":"2025-09-30T00:35:00.672Z"}
{"label":"i2i-client.js","level":"info","message":"Fetching auth token STANDARD for api","timestamp":"2025-09-30T00:35:00.672Z"}
{"label":"i2i-client.js","level":"info","message":"Fetching auth token STANDARD for api","timestamp":"2025-09-30T00:35:00.770Z"}
{"label":"i2i-client.js","level":"info","message":"Fetching auth token STANDARD for api","timestamp":"2025-09-30T00:35:00.858Z"}
{"label":"i2i-monitor-service.js","level":"info","message":"I2I Monitor UpdatePolicy: 11.1658","timestamp":"2025-09-30T00:35:11.838Z"}
{"label":"i2i-client.js","level":"info","message":"Fetching auth token STANDARD for api","timestamp":"2025-09-30T00:35:11.838Z"}
{"label":"i2i-client.js","level":"info","message":"Fetching auth token STANDARD for api","timestamp":"2025-09-30T00:35:13.878Z"}
{"label":"i2i-monitor-service.js","level":"info","message":"I2I Monitor UpdateClaim: 6.4726","timestamp":"2025-09-30T00:35:18.311Z"}
{"label":"i2i-client.js","level":"info","message":"Fetching auth token STANDARD for api","timestamp":"2025-09-30T00:35:18.311Z"}
{"label":"i2i-monitor-service.js","level":"info","message":"I2I Monitor GetPolicy: 0.9604","timestamp":"2025-09-30T00:35:19.271Z"}
{"label":"i2i-client.js","level":"info","message":"Fetching auth token STANDARD for api","timestamp":"2025-09-30T00:35:19.271Z"}
{"label":"i2i-client.js","level":"info","message":"Fetching auth token STANDARD for api","timestamp":"2025-09-30T00:35:20.974Z"}
{"label":"i2i-monitor-service.js","level":"info","message":"I2I Monitor UpdateParty: 2.8519","timestamp":"2025-09-30T00:35:22.123Z"}
{"label":"i2i-client.js","level":"info","message":"Fetching auth token STANDARD for api","timestamp":"2025-09-30T00:35:22.123Z"}
{"label":"i2i-monitor-service.js","level":"info","message":"I2I Monitor GetParty: 1.2353","timestamp":"2025-09-30T00:35:23.359Z"}
{"label":"i2i-client.js","level":"info","message":"Fetching auth token STANDARD for api","timestamp":"2025-09-30T00:35:23.360Z"}
{"label":"i2i-monitor-service.js","level":"info","message":"I2I Monitor GetClaim: 1.5229","timestamp":"2025-09-30T00:35:24.882Z"}
{"GetClaim":1.5228582670000002,"GetParty":1.235276671,"GetPolicy":0.960392452,"UpdateClaim":6.472622647000001,"UpdateParty":2.8519176550000003,"UpdatePolicy":11.165823039000001,"label":"i2i-monitor-service.js","level":"info","message":"I2I Monitor Results","timestamp":"2025-09-30T00:35:24.883Z"}
{"label":"i2i-client.js","level":"info","message":"Fetching auth token STANDARD for api","timestamp":"2025-09-30T00:40:00.968Z"}
{"label":"i2i-client.js","level":"info","message":"Fetching auth token STANDARD for api","timestamp":"2025-09-30T00:40:00.968Z"}
{"label":"marketing-service.js","level":"info","message":"Start job sommarkampanj-2025-dogs:sommarkampanj-2025","timestamp":"2025-09-30T00:40:00.981Z"}
{"label":"marketing-service-job.js","level":"info","message":"Starting JOB sommarkampanj-2025-dogs:sommarkampanj-2025","timestamp":"2025-09-30T00:40:00.981Z"}
{"label":"marketing-service.js","level":"info","message":"Start job sommarkampanj-2025-dogs:sommarkampanj-2025","timestamp":"2025-09-30T00:40:00.984Z"}
{"label":"marketing-service-job.js","level":"info","message":"Starting JOB sommarkampanj-2025-dogs:sommarkampanj-2025","timestamp":"2025-09-30T00:40:00.984Z"}
{"label":"i2i-client.js","level":"info","message":"Fetching auth token STANDARD for api","timestamp":"2025-09-30T00:40:01.219Z"}
{"label":"marketing-service-job.js","level":"info","message":"Got 0 items to synk","timestamp":"2025-09-30T00:40:01.505Z"}
{"label":"marketing-service-job.js","level":"info","message":"Marketing log written","timestamp":"2025-09-30T00:40:01.505Z"}
{"label":"marketing-service-job.js","level":"info","message":"Post duplicate removal 0 items to synk","timestamp":"2025-09-30T00:40:01.505Z"}
{"label":"marketing-service-job.js","level":"info","message":"No data to sync","timestamp":"2025-09-30T00:40:01.505Z"}
{"label":"marketing-service-job.js","level":"info","message":"Got 0 items to synk","timestamp":"2025-09-30T00:40:01.623Z"}
{"label":"marketing-service-job.js","level":"info","message":"Marketing log written","timestamp":"2025-09-30T00:40:01.623Z"}
{"label":"marketing-service-job.js","level":"info","message":"Post duplicate removal 0 items to synk","timestamp":"2025-09-30T00:40:01.623Z"}
{"label":"marketing-service-job.js","level":"info","message":"No data to sync","timestamp":"2025-09-30T00:40:01.623Z"}
{"label":"i2i-monitor-service.js","level":"info","message":"I2I Monitor UpdateClaim: 2.1895","timestamp":"2025-09-30T00:40:03.158Z"}
{"label":"i2i-client.js","level":"info","message":"Fetching auth token STANDARD for api","timestamp":"2025-09-30T00:40:03.158Z"}
{"label":"i2i-client.js","level":"info","message":"Fetching auth token STANDARD for api","timestamp":"2025-09-30T00:40:03.306Z"}
{"label":"i2i-client.js","level":"info","message":"Fetching auth token STANDARD for api","timestamp":"2025-09-30T00:40:03.558Z"}
{"label":"i2i-monitor-service.js","level":"info","message":"I2I Monitor UpdatePolicy: 19.9762","timestamp":"2025-09-30T00:40:23.134Z"}
{"label":"i2i-client.js","level":"info","message":"Fetching auth token STANDARD for api","timestamp":"2025-09-30T00:40:23.134Z"}
{"label":"i2i-client.js","level":"info","message":"Fetching auth token STANDARD for api","timestamp":"2025-09-30T00:40:23.303Z"}
{"label":"i2i-monitor-service.js","level":"info","message":"I2I Monitor UpdateParty: 0.3596","timestamp":"2025-09-30T00:40:23.494Z"}
{"label":"i2i-client.js","level":"info","message":"Fetching auth token STANDARD for api","timestamp":"2025-09-30T00:40:23.494Z"}
{"label":"i2i-monitor-service.js","level":"info","message":"I2I Monitor GetParty: 0.1818","timestamp":"2025-09-30T00:40:23.676Z"}
{"label":"i2i-client.js","level":"info","message":"Fetching auth token STANDARD for api","timestamp":"2025-09-30T00:40:23.676Z"}
{"label":"i2i-monitor-service.js","level":"info","message":"I2I Monitor GetPolicy: 0.1521","timestamp":"2025-09-30T00:40:23.828Z"}
{"label":"i2i-client.js","level":"info","message":"Fetching auth token STANDARD for api","timestamp":"2025-09-30T00:40:23.828Z"}
{"label":"i2i-monitor-service.js","level":"info","message":"I2I Monitor GetClaim: 0.1998","timestamp":"2025-09-30T00:40:24.028Z"}
{"GetClaim":0.199847091,"GetParty":0.181811251,"GetPolicy":0.152139945,"UpdateClaim":2.189470462,"UpdateParty":0.359630826,"UpdatePolicy":19.97623279,"label":"i2i-monitor-service.js","level":"info","message":"I2I Monitor Results","timestamp":"2025-09-30T00:40:24.028Z"}
{"label":"i2i-client.js","level":"info","message":"Fetching auth token STANDARD for api","timestamp":"2025-09-30T00:45:00.246Z"}
{"label":"i2i-client.js","level":"info","message":"Fetching auth token STANDARD for api","timestamp":"2025-09-30T00:45:00.246Z"}
{"label":"i2i-monitor-service.js","level":"info","message":"I2I Monitor GetPolicy: 0.0957","timestamp":"2025-09-30T00:45:00.342Z"}
{"label":"i2i-client.js","level":"info","message":"Fetching auth token STANDARD for api","timestamp":"2025-09-30T00:45:00.342Z"}
{"label":"i2i-monitor-service.js","level":"info","message":"I2I Monitor GetParty: 0.0904","timestamp":"2025-09-30T00:45:00.433Z"}
{"label":"i2i-client.js","level":"info","message":"Fetching auth token STANDARD for api","timestamp":"2025-09-30T00:45:00.433Z"}
{"label":"i2i-client.js","level":"info","message":"Fetching auth token STANDARD for api","timestamp":"2025-09-30T00:45:00.520Z"}
{"label":"i2i-client.js","level":"info","message":"Fetching auth token STANDARD for api","timestamp":"2025-09-30T00:45:00.601Z"}
{"label":"i2i-monitor-service.js","level":"info","message":"I2I Monitor UpdatePolicy: 8.9995","timestamp":"2025-09-30T00:45:09.432Z"}
{"label":"i2i-client.js","level":"info","message":"Fetching auth token STANDARD for api","timestamp":"2025-09-30T00:45:09.432Z"}
{"label":"i2i-client.js","level":"info","message":"Fetching auth token STANDARD for api","timestamp":"2025-09-30T00:45:09.546Z"}
{"label":"i2i-monitor-service.js","level":"info","message":"I2I Monitor UpdateClaim: 1.4110","timestamp":"2025-09-30T00:45:10.843Z"}
{"label":"i2i-client.js","level":"info","message":"Fetching auth token STANDARD for api","timestamp":"2025-09-30T00:45:10.843Z"}
{"label":"i2i-client.js","level":"info","message":"Fetching auth token STANDARD for api","timestamp":"2025-09-30T00:45:10.922Z"}
{"label":"i2i-monitor-service.js","level":"info","message":"I2I Monitor UpdateParty: 0.1825","timestamp":"2025-09-30T00:45:11.026Z"}
{"label":"i2i-client.js","level":"info","message":"Fetching auth token STANDARD for api","timestamp":"2025-09-30T00:45:11.026Z"}
{"label":"i2i-monitor-service.js","level":"info","message":"I2I Monitor GetClaim: 0.1119","timestamp":"2025-09-30T00:45:11.138Z"}
{"GetClaim":0.111852643,"GetParty":0.09039736999999999,"GetPolicy":0.09571146,"UpdateClaim":1.411029973,"UpdateParty":0.18249644599999998,"UpdatePolicy":8.999534657,"label":"i2i-monitor-service.js","level":"info","message":"I2I Monitor Results","timestamp":"2025-09-30T00:45:11.138Z"}
{"label":"i2i-client.js","level":"info","message":"Fetching auth token STANDARD for api","timestamp":"2025-09-30T00:50:00.521Z"}
{"label":"i2i-client.js","level":"info","message":"Fetching auth token STANDARD for api","timestamp":"2025-09-30T00:50:00.522Z"}
{"label":"marketing-service.js","level":"info","message":"Start job sommarkampanj-2025-dogs:sommarkampanj-2025","timestamp":"2025-09-30T00:50:00.548Z"}
{"label":"marketing-service-job.js","level":"info","message":"Starting JOB sommarkampanj-2025-dogs:sommarkampanj-2025","timestamp":"2025-09-30T00:50:00.548Z"}
{"label":"marketing-service.js","level":"info","message":"Start job sommarkampanj-2025-dogs:sommarkampanj-2025","timestamp":"2025-09-30T00:50:00.557Z"}
{"label":"marketing-service-job.js","level":"info","message":"Starting JOB sommarkampanj-2025-dogs:sommarkampanj-2025","timestamp":"2025-09-30T00:50:00.557Z"}
{"label":"i2i-client.js","level":"info","message":"Fetching auth token STANDARD for api","timestamp":"2025-09-30T00:50:00.611Z"}
{"label":"i2i-client.js","level":"info","message":"Fetching auth token STANDARD for api","timestamp":"2025-09-30T00:50:00.754Z"}
{"label":"marketing-service-job.js","level":"info","message":"Got 0 items to synk","timestamp":"2025-09-30T00:50:01.123Z"}
{"label":"marketing-service-job.js","level":"info","message":"Marketing log written","timestamp":"2025-09-30T00:50:01.123Z"}
{"label":"marketing-service-job.js","level":"info","message":"Post duplicate removal 0 items to synk","timestamp":"2025-09-30T00:50:01.123Z"}
{"label":"marketing-service-job.js","level":"info","message":"No data to sync","timestamp":"2025-09-30T00:50:01.123Z"}
{"label":"marketing-service-job.js","level":"info","message":"Got 0 items to synk","timestamp":"2025-09-30T00:50:01.196Z"}
{"label":"marketing-service-job.js","level":"info","message":"Marketing log written","timestamp":"2025-09-30T00:50:01.196Z"}
{"label":"marketing-service-job.js","level":"info","message":"Post duplicate removal 0 items to synk","timestamp":"2025-09-30T00:50:01.196Z"}
{"label":"marketing-service-job.js","level":"info","message":"No data to sync","timestamp":"2025-09-30T00:50:01.196Z"}
{"label":"i2i-monitor-service.js","level":"info","message":"I2I Monitor UpdatePolicy: 9.5091","timestamp":"2025-09-30T00:50:10.031Z"}
{"label":"i2i-client.js","level":"info","message":"Fetching auth token STANDARD for api","timestamp":"2025-09-30T00:50:10.031Z"}
{"label":"i2i-client.js","level":"info","message":"Fetching auth token STANDARD for api","timestamp":"2025-09-30T00:50:10.112Z"}
{"label":"i2i-monitor-service.js","level":"info","message":"I2I Monitor UpdateParty: 0.3081","timestamp":"2025-09-30T00:50:10.339Z"}
{"label":"i2i-client.js","level":"info","message":"Fetching auth token STANDARD for api","timestamp":"2025-09-30T00:50:10.339Z"}
{"label":"i2i-monitor-service.js","level":"info","message":"I2I Monitor GetClaim: 0.1293","timestamp":"2025-09-30T00:50:10.468Z"}
{"label":"i2i-client.js","level":"info","message":"Fetching auth token STANDARD for api","timestamp":"2025-09-30T00:50:10.469Z"}
{"label":"i2i-monitor-service.js","level":"info","message":"I2I Monitor GetPolicy: 0.0880","timestamp":"2025-09-30T00:50:10.557Z"}
{"label":"i2i-client.js","level":"info","message":"Fetching auth token STANDARD for api","timestamp":"2025-09-30T00:50:10.557Z"}
{"label":"i2i-client.js","level":"info","message":"Fetching auth token STANDARD for api","timestamp":"2025-09-30T00:50:10.673Z"}
{"label":"i2i-monitor-service.js","level":"info","message":"I2I Monitor UpdateClaim: 1.4730","timestamp":"2025-09-30T00:50:12.030Z"}
{"label":"i2i-client.js","level":"info","message":"Fetching auth token STANDARD for api","timestamp":"2025-09-30T00:50:12.030Z"}
{"label":"i2i-monitor-service.js","level":"info","message":"I2I Monitor GetParty: 0.0834","timestamp":"2025-09-30T00:50:12.113Z"}
{"GetClaim":0.129344561,"GetParty":0.08343031399999999,"GetPolicy":0.087959061,"UpdateClaim":1.473033786,"UpdateParty":0.308094818,"UpdatePolicy":9.509066981,"label":"i2i-monitor-service.js","level":"info","message":"I2I Monitor Results","timestamp":"2025-09-30T00:50:12.113Z"}
{"label":"i2i-client.js","level":"info","message":"Fetching auth token STANDARD for api","timestamp":"2025-09-30T00:55:00.781Z"}
{"label":"i2i-client.js","level":"info","message":"Fetching auth token STANDARD for api","timestamp":"2025-09-30T00:55:00.781Z"}
{"label":"i2i-client.js","level":"info","message":"Fetching auth token STANDARD for api","timestamp":"2025-09-30T00:55:00.871Z"}
{"label":"i2i-client.js","level":"info","message":"Fetching auth token STANDARD for api","timestamp":"2025-09-30T00:55:00.951Z"}
{"label":"i2i-monitor-service.js","level":"info","message":"I2I Monitor UpdatePolicy: 8.7667","timestamp":"2025-09-30T00:55:09.548Z"}
{"label":"i2i-client.js","level":"info","message":"Fetching auth token STANDARD for api","timestamp":"2025-09-30T00:55:09.548Z"}
{"label":"i2i-client.js","level":"info","message":"Fetching auth token STANDARD for api","timestamp":"2025-09-30T00:55:09.676Z"}
{"label":"i2i-monitor-service.js","level":"info","message":"I2I Monitor UpdateClaim: 1.4128","timestamp":"2025-09-30T00:55:10.961Z"}
{"label":"i2i-client.js","level":"info","message":"Fetching auth token STANDARD for api","timestamp":"2025-09-30T00:55:10.961Z"}
{"label":"i2i-monitor-service.js","level":"info","message":"I2I Monitor GetClaim: 0.1138","timestamp":"2025-09-30T00:55:11.075Z"}
{"label":"i2i-client.js","level":"info","message":"Fetching auth token STANDARD for api","timestamp":"2025-09-30T00:55:11.075Z"}
{"label":"i2i-monitor-service.js","level":"info","message":"I2I Monitor GetPolicy: 0.0794","timestamp":"2025-09-30T00:55:11.155Z"}
{"label":"i2i-client.js","level":"info","message":"Fetching auth token STANDARD for api","timestamp":"2025-09-30T00:55:11.155Z"}
{"label":"i2i-client.js","level":"info","message":"Fetching auth token STANDARD for api","timestamp":"2025-09-30T00:55:11.234Z"}
{"label":"i2i-monitor-service.js","level":"info","message":"I2I Monitor UpdateParty: 0.1650","timestamp":"2025-09-30T00:55:11.320Z"}
{"label":"i2i-client.js","level":"info","message":"Fetching auth token STANDARD for api","timestamp":"2025-09-30T00:55:11.320Z"}
{"label":"i2i-monitor-service.js","level":"info","message":"I2I Monitor GetParty: 0.0732","timestamp":"2025-09-30T00:55:11.393Z"}
{"GetClaim":0.113764818,"GetParty":0.073244147,"GetPolicy":0.079436325,"UpdateClaim":1.4127989870000002,"UpdateParty":0.164989903,"UpdatePolicy":8.766721318,"label":"i2i-monitor-service.js","level":"info","message":"I2I Monitor Results","timestamp":"2025-09-30T00:55:11.393Z"}
{"label":"marketing-service.js","level":"info","message":"Start job puppy-school:puppy-school","timestamp":"2025-09-30T01:00:00.066Z"}
{"label":"marketing-service-job.js","level":"info","message":"Starting JOB puppy-school:puppy-school","timestamp":"2025-09-30T01:00:00.066Z"}
{"label":"i2i-client.js","level":"info","message":"Fetching auth token STANDARD for api","timestamp":"2025-09-30T01:00:00.070Z"}
{"label":"marketing-service.js","level":"info","message":"Start job kitten-school:kitten-school","timestamp":"2025-09-30T01:00:00.069Z"}
{"label":"marketing-service-job.js","level":"info","message":"Starting JOB kitten-school:kitten-school","timestamp":"2025-09-30T01:00:00.069Z"}
{"label":"i2i-client.js","level":"info","message":"Fetching auth token STANDARD for api","timestamp":"2025-09-30T01:00:00.070Z"}
{"label":"i2i-db-monitor-service.js","level":"info","message":"I2I DB Monitor ProfilerLastHour@Execution: 0.0516","timestamp":"2025-09-30T01:00:00.123Z"}
{"label":"i2i-db-monitor-service.js","level":"info","message":"I2I DB Monitor ProfilerLastHour@TotalCount: 1.0000","timestamp":"2025-09-30T01:00:00.124Z"}
{"label":"i2i-db-monitor-service.js","level":"info","message":"I2I DB Monitor ProfilerLastHour@Count: 1.0000","timestamp":"2025-09-30T01:00:00.124Z"}
{"label":"i2i-db-monitor-service.js","level":"info","message":"I2I DB Monitor ProfilerLastHour@ErrorCount: 0.0000","timestamp":"2025-09-30T01:00:00.124Z"}
{"label":"i2i-db-monitor-service.js","level":"info","message":"I2I DB Monitor ProfilerLastHour@CountTimeout: 0.0000","timestamp":"2025-09-30T01:00:00.124Z"}
{"label":"i2i-db-monitor-service.js","level":"info","message":"I2I DB Monitor ProfilerLastHour@AvgDuration: 6474570.0000","timestamp":"2025-09-30T01:00:00.124Z"}
{"label":"i2i-db-monitor-service.js","level":"info","message":"I2I DB Monitor ProfilerLastHour@TotalDuration: 6474570.0000","timestamp":"2025-09-30T01:00:00.124Z"}
{"label":"i2i-db-monitor-service.js","level":"info","message":"I2I DB Monitor ProfilerLastHour@AvgDurationTimeout: 0.0000","timestamp":"2025-09-30T01:00:00.124Z"}
{"label":"i2i-db-monitor-service.js","level":"info","message":"I2I DB Monitor ProfilerLastHour@TotalDurationTiemout: 0.0000","timestamp":"2025-09-30T01:00:00.124Z"}
{"label":"i2i-db-monitor-service.js","level":"info","message":"I2I DB Monitor ProfilerPrevHour@Execution: 0.0342","timestamp":"2025-09-30T01:00:00.158Z"}
{"label":"i2i-db-monitor-service.js","level":"info","message":"I2I DB Monitor ProfilerPrevHour@TotalCount: 1.0000","timestamp":"2025-09-30T01:00:00.158Z"}
{"label":"i2i-db-monitor-service.js","level":"info","message":"I2I DB Monitor ProfilerPrevHour@Count: 1.0000","timestamp":"2025-09-30T01:00:00.158Z"}
{"label":"i2i-db-monitor-service.js","level":"info","message":"I2I DB Monitor ProfilerPrevHour@ErrorCount: 0.0000","timestamp":"2025-09-30T01:00:00.158Z"}
{"label":"i2i-db-monitor-service.js","level":"info","message":"I2I DB Monitor ProfilerPrevHour@CountTimeout: 0.0000","timestamp":"2025-09-30T01:00:00.158Z"}
{"label":"i2i-db-monitor-service.js","level":"info","message":"I2I DB Monitor ProfilerPrevHour@AvgDuration: 14203942.0000","timestamp":"2025-09-30T01:00:00.158Z"}
{"label":"i2i-db-monitor-service.js","level":"info","message":"I2I DB Monitor ProfilerPrevHour@TotalDuration: 14203942.0000","timestamp":"2025-09-30T01:00:00.158Z"}
{"label":"i2i-db-monitor-service.js","level":"info","message":"I2I DB Monitor ProfilerPrevHour@AvgDurationTimeout: 0.0000","timestamp":"2025-09-30T01:00:00.158Z"}
{"label":"i2i-db-monitor-service.js","level":"info","message":"I2I DB Monitor ProfilerPrevHour@TotalDurationTiemout: 0.0000","timestamp":"2025-09-30T01:00:00.158Z"}
{"ProfilerLastHour_AvgDuration":6474570,"ProfilerLastHour_AvgDurationTimeout":0,"ProfilerLastHour_Count":1,"ProfilerLastHour_CountTimeout":0,"ProfilerLastHour_ErrorCount":0,"ProfilerLastHour_TotalCount":1,"ProfilerLastHour_TotalDuration":6474570,"ProfilerLastHour_TotalDurationTiemout":0,"ProfilerPrevHour_AvgDuration":14203942,"ProfilerPrevHour_AvgDurationTimeout":0,"ProfilerPrevHour_Count":1,"ProfilerPrevHour_CountTimeout":0,"ProfilerPrevHour_ErrorCount":0,"ProfilerPrevHour_TotalCount":1,"ProfilerPrevHour_TotalDuration":14203942,"ProfilerPrevHour_TotalDurationTiemout":0,"label":"i2i-db-monitor-service.js","level":"info","message":"I2I DB Monitor Results","timestamp":"2025-09-30T01:00:00.158Z"}
{"label":"i2i-monitor-service.js","level":"info","message":"I2I Monitor GetPolicy: 0.1093","timestamp":"2025-09-30T01:00:00.179Z"}
{"label":"i2i-client.js","level":"info","message":"Fetching auth token STANDARD for api","timestamp":"2025-09-30T01:00:00.179Z"}
{"label":"marketing-service.js","level":"info","message":"Start job sommarkampanj-2025-dogs:sommarkampanj-2025","timestamp":"2025-09-30T01:00:00.226Z"}
{"label":"marketing-service-job.js","level":"info","message":"Starting JOB sommarkampanj-2025-dogs:sommarkampanj-2025","timestamp":"2025-09-30T01:00:00.226Z"}
{"label":"marketing-service.js","level":"info","message":"Start job sommarkampanj-2025-dogs:sommarkampanj-2025","timestamp":"2025-09-30T01:00:00.228Z"}
{"label":"marketing-service-job.js","level":"info","message":"Starting JOB sommarkampanj-2025-dogs:sommarkampanj-2025","timestamp":"2025-09-30T01:00:00.228Z"}
{"label":"i2i-client.js","level":"info","message":"Fetching auth token STANDARD for api","timestamp":"2025-09-30T01:00:00.258Z"}
{"label":"i2i-monitor-service.js","level":"info","message":"I2I Monitor UpdateParty: 0.1683","timestamp":"2025-09-30T01:00:00.348Z"}
{"label":"i2i-client.js","level":"info","message":"Fetching auth token STANDARD for api","timestamp":"2025-09-30T01:00:00.348Z"}
{"label":"i2i-client.js","level":"info","message":"Fetching auth token STANDARD for api","timestamp":"2025-09-30T01:00:00.485Z"}
{"label":"i2i-client.js","level":"info","message":"Fetching auth token STANDARD for api","timestamp":"2025-09-30T01:00:00.667Z"}
{"label":"marketing-service-job.js","level":"info","message":"Got 0 items to synk","timestamp":"2025-09-30T01:00:00.956Z"}
{"label":"marketing-service-job.js","level":"info","message":"Marketing log written","timestamp":"2025-09-30T01:00:00.956Z"}
{"label":"marketing-service-job.js","level":"info","message":"Post duplicate removal 0 items to synk","timestamp":"2025-09-30T01:00:00.956Z"}
{"label":"marketing-service-job.js","level":"info","message":"No data to sync","timestamp":"2025-09-30T01:00:00.956Z"}
{"label":"marketing-service-job.js","level":"info","message":"Got 25 items to synk","timestamp":"2025-09-30T01:00:01.163Z"}
{"label":"marketing-service-job.js","level":"info","message":"Got 26 items to synk","timestamp":"2025-09-30T01:00:01.182Z"}
{"label":"marketing-service-job.js","level":"info","message":"Got 0 items to synk","timestamp":"2025-09-30T01:00:01.184Z"}
{"label":"marketing-service-job.js","level":"info","message":"Marketing log written","timestamp":"2025-09-30T01:00:01.184Z"}
{"label":"marketing-service-job.js","level":"info","message":"Post duplicate removal 0 items to synk","timestamp":"2025-09-30T01:00:01.184Z"}
{"label":"marketing-service-job.js","level":"info","message":"No data to sync","timestamp":"2025-09-30T01:00:01.184Z"}
{"label":"marketing-service-job.js","level":"info","message":"Marketing log written","timestamp":"2025-09-30T01:00:01.209Z"}
{"label":"marketing-service-job.js","level":"info","message":"Post duplicate removal 25 items to synk","timestamp":"2025-09-30T01:00:01.209Z"}
{"label":"log-sink.js","level":"info","message":"Wrote generated/files/puppy-school_20250930010001209Z.csv","timestamp":"2025-09-30T01:00:01.216Z"}
{"label":"marketing-service-job.js","level":"info","message":"Marketing log written","timestamp":"2025-09-30T01:00:01.219Z"}
{"label":"marketing-service-job.js","level":"info","message":"Post duplicate removal 22 items to synk","timestamp":"2025-09-30T01:00:01.220Z"}
{"label":"log-sink.js","level":"info","message":"Wrote generated/files/kitten-school_20250930010001220Z.csv","timestamp":"2025-09-30T01:00:01.222Z"}
{"label":"mailchimp-sink.js","level":"info","message":"Got status preprocessing","timestamp":"2025-09-30T01:00:03.803Z"}
{"label":"mailchimp-sink.js","level":"info","message":"waiting 2000 ms...","timestamp":"2025-09-30T01:00:03.803Z"}
{"label":"mailchimp-sink.js","level":"info","message":"Got status preprocessing","timestamp":"2025-09-30T01:00:04.023Z"}
{"label":"mailchimp-sink.js","level":"info","message":"waiting 2000 ms...","timestamp":"2025-09-30T01:00:04.023Z"}
{"label":"mailchimp-sink.js","level":"info","message":"Got status started","timestamp":"2025-09-30T01:00:06.208Z"}
{"label":"mailchimp-sink.js","level":"info","message":"waiting 2000 ms...","timestamp":"2025-09-30T01:00:06.208Z"}
{"label":"mailchimp-sink.js","level":"info","message":"Got status started","timestamp":"2025-09-30T01:00:06.437Z"}
{"label":"mailchimp-sink.js","level":"info","message":"waiting 2000 ms...","timestamp":"2025-09-30T01:00:06.437Z"}
{"label":"mailchimp-sink.js","level":"info","message":"Got status finished","timestamp":"2025-09-30T01:00:08.623Z"}
{"label":"mailchimp-sink.js","level":"info","message":"{\"totalOperations\":44,\"finishedOperations\":44,\"erroredOperations\":18,\"responseBodyUrl\":\"https://apibatches-prd.s3.us-east-2.amazonaws.com/jc6wakq0im-response.tar.gz?X-Amz-Content-Sha256=UNSIGNED-PAYLOAD&X-Amz-Security-Token=IQoJb3JpZ2luX2VjEFkaCXVzLWVhc3QtMiJIMEYCIQC7sbRntryTmKRq%2F4ocY%2FmnL1MW2BH5KrwwcrecduscTQIhALUlT85NV2%2BtYsI6BmAD8DjAz9moyxa0YomR%2Bf5kyt8CKqYCCOL%2F%2F%2F%2F%2F%2F%2F%2F%2F%2FwEQABoMNDU4MTUwNDcwNjI3IgyKuJG4SVt4Tq6aJvIq%2BgE22NI16Wy72l1KCHh5o64zzULQGZqOCqWgIOtvsBnRdTUyMYj6XA%2BlmC%2FYR7w4oGuEROG5%2FGIVAdedfngT1gn0x8faMtoAhifvL%2FpTslmGddkK9pNX2jv%2F%2B70V%2FAK0PKyFZH%2Fgg3eKFT0MfAtMFGXIqInVzFXrvo7%2BGRZ%2FFHTd0VIaCh0OewtFA2KCl5%2FC9GeC%2FK3VsTSnMqX4dx5Sf%2BWM3c32PMKJJUgjRv1n37I00fI%2BLTnReIdEwW9u2VRBzLjRaXNXhK4Mfe48P4EO%2BjoG77k7q4lqgJ%2B8MYIt9ifZDtRx3%2FB0qIXzGXMk6MEL0YjdMxA%2B1CCwh13EMPzU7MYGOpwBXclzyZBb%2FKp2hiujcB08BNHPxfIVQ4hmibLcs0tG1I0QwyLdzLJ1%2F8V4O5R0pOrQs61W8MM%2BC9qC8S4I%2B7LKXiu2Ff1njwQVl78TfKVNvEcmQER%2Bm6azN1cT7gsq58rW%2BsPQi5LxIqUpqxlb1bvcGfkt8PyKwi5Lmw1Q6%2BHgpJrUfp%2FnEibLXTEbZrQ1E4Sxcsv8QlJ3CMPjYVub&X-Amz-Algorithm=AWS4-HMAC-SHA256&X-Amz-Credential=ASIAWVK7FMPRZINY6PO4%2F20250930%2Fus-east-2%2Fs3%2Faws4_request&X-Amz-Date=20250930T010008Z&X-Amz-SignedHeaders=host&X-Amz-Expires=600&X-Amz-Signature=6ccc88de6494c6131904f0dfb68482e1b5092a30f114a10c643e74af5335c72d\"}","timestamp":"2025-09-30T01:00:08.623Z"}
{"label":"mailchimp-sink.js","level":"info","message":"Got status finished","timestamp":"2025-09-30T01:00:09.099Z"}
{"label":"mailchimp-sink.js","level":"info","message":"{\"totalOperations\":50,\"finishedOperations\":50,\"erroredOperations\":20,\"responseBodyUrl\":\"https://apibatches-prd.s3.us-east-2.amazonaws.com/bsls08et68-response.tar.gz?X-Amz-Content-Sha256=UNSIGNED-PAYLOAD&X-Amz-Security-Token=IQoJb3JpZ2luX2VjEFkaCXVzLWVhc3QtMiJHMEUCIGH8ilRQzOFkeyGLLrPc0pd%2FH1g9xuftZp4Gwq%2B6wK73AiEAiUXKs652YkZSrf0m7e1b2TlDPtxtB5WpilYxO%2FTrLLkqpgII4v%2F%2F%2F%2F%2F%2F%2F%2F%2F%2FARAAGgw0NTgxNTA0NzA2MjciDCwBJGeEs2rYLF%2FbVyr6ARsocB2dqIPTJWfqrJrcmqZH5pB2g1fxKryurdFmYh8fF0ajKxUxW3%2Fl0B3zOQWv2v7qT8hBg%2BFqyjlnL05mtggOhSr72g8agVaGASe2wg%2BGQ31UDg8KFKjtLp5M1T2bX57RHTDQB7bCDvlso%2Bvo4rGVCGOPajqQ%2BUAL29qQ4S9RmMMtKmmDmFL4ODSVv4bs8ZU7Fav0N1PAAMhiAVmS8HXCK3JY0wEL5QsZyXU2Sl8znAtui91mvDUL2wca1e87z8Xtdd0EcS%2Flfl5EWYkGpl7ehyBpWaRVZ8X7XGyidh%2FEKOoEdr0Uor9T8UXgw7Q4a0BY1rgjHGbN37AwitXsxgY6nQHfziySzHFav5fBSZI6qB%2Fh%2F53XDbj5oJ8Z2IGbHgPIVNf1Wh72oYqiiZCJWLWQX3Ksdvtq0QwIx7amYpfBTT2jJbv6XnAwnJEWqUoPm7JgxY9%2BhQSMe0LwJ9eKeE8L0R3JLewvDDTznY5FEo%2FGB4YJ%2FKPmQDn4%2FpJkPHvU5HMylne%2B70Pl1ZpzkKULmf3DI2VfkrAD7FLzgGtXafBS&X-Amz-Algorithm=AWS4-HMAC-SHA256&X-Amz-Credential=ASIAWVK7FMPRVRUUGPGH%2F20250930%2Fus-east-2%2Fs3%2Faws4_request&X-Amz-Date=20250930T010008Z&X-Amz-SignedHeaders=host&X-Amz-Expires=600&X-Amz-Signature=a5e92791b19579f21a93d2b5a5053fec1965fd83088939a2cc24537ba7404e86\"}","timestamp":"2025-09-30T01:00:09.099Z"}
{"label":"i2i-monitor-service.js","level":"info","message":"I2I Monitor UpdatePolicy: 13.0354","timestamp":"2025-09-30T01:00:13.383Z"}
{"label":"i2i-client.js","level":"info","message":"Fetching auth token STANDARD for api","timestamp":"2025-09-30T01:00:13.383Z"}
{"label":"i2i-client.js","level":"info","message":"Fetching auth token STANDARD for api","timestamp":"2025-09-30T01:00:13.536Z"}
{"label":"i2i-monitor-service.js","level":"info","message":"I2I Monitor UpdateClaim: 1.8107","timestamp":"2025-09-30T01:00:15.194Z"}
{"label":"i2i-client.js","level":"info","message":"Fetching auth token STANDARD for api","timestamp":"2025-09-30T01:00:15.194Z"}
{"label":"i2i-monitor-service.js","level":"info","message":"I2I Monitor GetClaim: 0.1270","timestamp":"2025-09-30T01:00:15.321Z"}
{"label":"i2i-client.js","level":"info","message":"Fetching auth token STANDARD for api","timestamp":"2025-09-30T01:00:15.321Z"}
{"label":"i2i-monitor-service.js","level":"info","message":"I2I Monitor GetParty: 0.0868","timestamp":"2025-09-30T01:00:15.408Z"}
{"GetClaim":0.127037565,"GetParty":0.08679018999999999,"GetPolicy":0.10930257,"UpdateClaim":1.810675405,"UpdateParty":0.16829944800000002,"UpdatePolicy":13.035441187,"label":"i2i-monitor-service.js","level":"info","message":"I2I Monitor Results","timestamp":"2025-09-30T01:00:15.408Z"}
{"label":"i2i-client.js","level":"info","message":"Fetching auth token STANDARD for api","timestamp":"2025-09-30T01:05:00.482Z"}
{"label":"i2i-client.js","level":"info","message":"Fetching auth token STANDARD for api","timestamp":"2025-09-30T01:05:00.482Z"}
{"label":"i2i-monitor-service.js","level":"info","message":"I2I Monitor GetClaim: 0.3049","timestamp":"2025-09-30T01:05:00.787Z"}
{"label":"i2i-client.js","level":"info","message":"Fetching auth token STANDARD for api","timestamp":"2025-09-30T01:05:00.787Z"}
{"label":"i2i-monitor-service.js","level":"info","message":"I2I Monitor GetParty: 0.1181","timestamp":"2025-09-30T01:05:00.905Z"}
{"label":"i2i-client.js","level":"info","message":"Fetching auth token STANDARD for api","timestamp":"2025-09-30T01:05:00.906Z"}
{"label":"i2i-monitor-service.js","level":"info","message":"I2I Monitor GetPolicy: 0.1096","timestamp":"2025-09-30T01:05:01.015Z"}
{"label":"i2i-client.js","level":"info","message":"Fetching auth token STANDARD for api","timestamp":"2025-09-30T01:05:01.015Z"}
{"label":"i2i-client.js","level":"info","message":"Fetching auth token STANDARD for api","timestamp":"2025-09-30T01:05:01.113Z"}
{"label":"i2i-monitor-service.js","level":"info","message":"I2I Monitor UpdateParty: 0.2190","timestamp":"2025-09-30T01:05:01.234Z"}
{"label":"i2i-client.js","level":"info","message":"Fetching auth token STANDARD for api","timestamp":"2025-09-30T01:05:01.234Z"}
{"label":"i2i-client.js","level":"info","message":"Fetching auth token STANDARD for api","timestamp":"2025-09-30T01:05:01.381Z"}
{"label":"i2i-monitor-service.js","level":"info","message":"I2I Monitor UpdateClaim: 1.6011","timestamp":"2025-09-30T01:05:02.836Z"}
{"label":"i2i-client.js","level":"info","message":"Fetching auth token STANDARD for api","timestamp":"2025-09-30T01:05:02.836Z"}
{"label":"i2i-client.js","level":"info","message":"Fetching auth token STANDARD for api","timestamp":"2025-09-30T01:05:02.924Z"}
{"label":"i2i-client.js","level":"info","message":"Fetching auth token STANDARD for api","timestamp":"2025-09-30T01:05:03.018Z"}
{"label":"i2i-monitor-service.js","level":"info","message":"I2I Monitor UpdatePolicy: 9.0159","timestamp":"2025-09-30T01:05:11.852Z"}
{"GetClaim":0.304944434,"GetParty":0.118076893,"GetPolicy":0.109616914,"UpdateClaim":1.601117134,"UpdateParty":0.2190016,"UpdatePolicy":9.015937808,"label":"i2i-monitor-service.js","level":"info","message":"I2I Monitor Results","timestamp":"2025-09-30T01:05:11.852Z"}
{"label":"i2i-client.js","level":"info","message":"Fetching auth token STANDARD for api","timestamp":"2025-09-30T01:10:00.810Z"}
{"label":"i2i-client.js","level":"info","message":"Fetching auth token STANDARD for api","timestamp":"2025-09-30T01:10:00.811Z"}
{"label":"marketing-service.js","level":"info","message":"Start job sommarkampanj-2025-dogs:sommarkampanj-2025","timestamp":"2025-09-30T01:10:00.822Z"}
{"label":"marketing-service-job.js","level":"info","message":"Starting JOB sommarkampanj-2025-dogs:sommarkampanj-2025","timestamp":"2025-09-30T01:10:00.822Z"}
{"label":"marketing-service.js","level":"info","message":"Start job sommarkampanj-2025-dogs:sommarkampanj-2025","timestamp":"2025-09-30T01:10:00.825Z"}
{"label":"marketing-service-job.js","level":"info","message":"Starting JOB sommarkampanj-2025-dogs:sommarkampanj-2025","timestamp":"2025-09-30T01:10:00.825Z"}
{"label":"i2i-client.js","level":"info","message":"Fetching auth token STANDARD for api","timestamp":"2025-09-30T01:10:01.075Z"}
{"label":"i2i-client.js","level":"info","message":"Fetching auth token STANDARD for api","timestamp":"2025-09-30T01:10:01.213Z"}
{"label":"marketing-service-job.js","level":"info","message":"Got 0 items to synk","timestamp":"2025-09-30T01:10:01.351Z"}
{"label":"marketing-service-job.js","level":"info","message":"Marketing log written","timestamp":"2025-09-30T01:10:01.352Z"}
{"label":"marketing-service-job.js","level":"info","message":"Post duplicate removal 0 items to synk","timestamp":"2025-09-30T01:10:01.352Z"}
{"label":"marketing-service-job.js","level":"info","message":"No data to sync","timestamp":"2025-09-30T01:10:01.352Z"}
{"label":"marketing-service-job.js","level":"info","message":"Got 0 items to synk","timestamp":"2025-09-30T01:10:01.451Z"}
{"label":"marketing-service-job.js","level":"info","message":"Marketing log written","timestamp":"2025-09-30T01:10:01.451Z"}
{"label":"marketing-service-job.js","level":"info","message":"Post duplicate removal 0 items to synk","timestamp":"2025-09-30T01:10:01.451Z"}
{"label":"marketing-service-job.js","level":"info","message":"No data to sync","timestamp":"2025-09-30T01:10:01.452Z"}
{"label":"i2i-monitor-service.js","level":"info","message":"I2I Monitor UpdatePolicy: 9.3336","timestamp":"2025-09-30T01:10:10.144Z"}
{"label":"i2i-client.js","level":"info","message":"Fetching auth token STANDARD for api","timestamp":"2025-09-30T01:10:10.144Z"}
{"label":"i2i-monitor-service.js","level":"info","message":"I2I Monitor GetParty: 0.0777","timestamp":"2025-09-30T01:10:10.222Z"}
{"label":"i2i-client.js","level":"info","message":"Fetching auth token STANDARD for api","timestamp":"2025-09-30T01:10:10.222Z"}
{"label":"i2i-monitor-service.js","level":"info","message":"I2I Monitor GetPolicy: 0.0848","timestamp":"2025-09-30T01:10:10.307Z"}
{"label":"i2i-client.js","level":"info","message":"Fetching auth token STANDARD for api","timestamp":"2025-09-30T01:10:10.307Z"}
{"label":"i2i-client.js","level":"info","message":"Fetching auth token STANDARD for api","timestamp":"2025-09-30T01:10:10.430Z"}
{"label":"i2i-monitor-service.js","level":"info","message":"I2I Monitor UpdateClaim: 1.7879","timestamp":"2025-09-30T01:10:12.096Z"}
{"label":"i2i-client.js","level":"info","message":"Fetching auth token STANDARD for api","timestamp":"2025-09-30T01:10:12.096Z"}
{"label":"i2i-client.js","level":"info","message":"Fetching auth token STANDARD for api","timestamp":"2025-09-30T01:10:12.179Z"}
{"label":"i2i-monitor-service.js","level":"info","message":"I2I Monitor UpdateParty: 0.1805","timestamp":"2025-09-30T01:10:12.277Z"}
{"label":"i2i-client.js","level":"info","message":"Fetching auth token STANDARD for api","timestamp":"2025-09-30T01:10:12.277Z"}
{"label":"i2i-monitor-service.js","level":"info","message":"I2I Monitor GetClaim: 0.1424","timestamp":"2025-09-30T01:10:12.419Z"}
{"GetClaim":0.142426424,"GetParty":0.077743874,"GetPolicy":0.084820221,"UpdateClaim":1.787922939,"UpdateParty":0.180500962,"UpdatePolicy":9.333622437,"label":"i2i-monitor-service.js","level":"info","message":"I2I Monitor Results","timestamp":"2025-09-30T01:10:12.419Z"}
{"label":"i2i-client.js","level":"info","message":"Fetching auth token STANDARD for api","timestamp":"2025-09-30T01:15:00.161Z"}
{"label":"i2i-client.js","level":"info","message":"Fetching auth token STANDARD for api","timestamp":"2025-09-30T01:15:00.161Z"}
{"label":"i2i-client.js","level":"info","message":"Fetching auth token STANDARD for api","timestamp":"2025-09-30T01:15:00.272Z"}
{"label":"i2i-client.js","level":"info","message":"Fetching auth token STANDARD for api","timestamp":"2025-09-30T01:15:00.363Z"}
{"label":"i2i-monitor-service.js","level":"info","message":"I2I Monitor UpdatePolicy: 8.7854","timestamp":"2025-09-30T01:15:08.947Z"}
{"label":"i2i-client.js","level":"info","message":"Fetching auth token STANDARD for api","timestamp":"2025-09-30T01:15:08.947Z"}
{"label":"i2i-monitor-service.js","level":"info","message":"I2I Monitor GetPolicy: 0.0949","timestamp":"2025-09-30T01:15:09.042Z"}
{"label":"i2i-client.js","level":"info","message":"Fetching auth token STANDARD for api","timestamp":"2025-09-30T01:15:09.042Z"}
{"label":"i2i-monitor-service.js","level":"info","message":"I2I Monitor GetParty: 0.0973","timestamp":"2025-09-30T01:15:09.139Z"}
{"label":"i2i-client.js","level":"info","message":"Fetching auth token STANDARD for api","timestamp":"2025-09-30T01:15:09.139Z"}
{"label":"i2i-client.js","level":"info","message":"Fetching auth token STANDARD for api","timestamp":"2025-09-30T01:15:09.224Z"}
{"label":"i2i-monitor-service.js","level":"info","message":"I2I Monitor UpdateParty: 0.1799","timestamp":"2025-09-30T01:15:09.319Z"}
{"label":"i2i-client.js","level":"info","message":"Fetching auth token STANDARD for api","timestamp":"2025-09-30T01:15:09.319Z"}
{"label":"i2i-client.js","level":"info","message":"Fetching auth token STANDARD for api","timestamp":"2025-09-30T01:15:09.549Z"}
{"label":"i2i-monitor-service.js","level":"info","message":"I2I Monitor UpdateClaim: 2.1660","timestamp":"2025-09-30T01:15:11.485Z"}
{"label":"i2i-client.js","level":"info","message":"Fetching auth token STANDARD for api","timestamp":"2025-09-30T01:15:11.485Z"}
{"label":"i2i-monitor-service.js","level":"info","message":"I2I Monitor GetClaim: 0.1606","timestamp":"2025-09-30T01:15:11.646Z"}
{"GetClaim":0.16064831200000002,"GetParty":0.09733235600000001,"GetPolicy":0.094881519,"UpdateClaim":2.166029017,"UpdateParty":0.179897812,"UpdatePolicy":8.785405693000001,"label":"i2i-monitor-service.js","level":"info","message":"I2I Monitor Results","timestamp":"2025-09-30T01:15:11.646Z"}
{"label":"i2i-client.js","level":"info","message":"Fetching auth token STANDARD for api","timestamp":"2025-09-30T01:20:00.470Z"}
{"label":"i2i-client.js","level":"info","message":"Fetching auth token STANDARD for api","timestamp":"2025-09-30T01:20:00.470Z"}
{"label":"marketing-service.js","level":"info","message":"Start job sommarkampanj-2025-dogs:sommarkampanj-2025","timestamp":"2025-09-30T01:20:00.480Z"}
{"label":"marketing-service-job.js","level":"info","message":"Starting JOB sommarkampanj-2025-dogs:sommarkampanj-2025","timestamp":"2025-09-30T01:20:00.480Z"}
{"label":"marketing-service.js","level":"info","message":"Start job sommarkampanj-2025-dogs:sommarkampanj-2025","timestamp":"2025-09-30T01:20:00.483Z"}
{"label":"marketing-service-job.js","level":"info","message":"Starting JOB sommarkampanj-2025-dogs:sommarkampanj-2025","timestamp":"2025-09-30T01:20:00.483Z"}
{"label":"i2i-monitor-service.js","level":"info","message":"I2I Monitor GetClaim: 0.3449","timestamp":"2025-09-30T01:20:00.815Z"}
{"label":"i2i-client.js","level":"info","message":"Fetching auth token STANDARD for api","timestamp":"2025-09-30T01:20:00.815Z"}
{"label":"marketing-service-job.js","level":"info","message":"Got 0 items to synk","timestamp":"2025-09-30T01:20:00.967Z"}
{"label":"marketing-service-job.js","level":"info","message":"Marketing log written","timestamp":"2025-09-30T01:20:00.967Z"}
{"label":"marketing-service-job.js","level":"info","message":"Post duplicate removal 0 items to synk","timestamp":"2025-09-30T01:20:00.967Z"}
{"label":"marketing-service-job.js","level":"info","message":"No data to sync","timestamp":"2025-09-30T01:20:00.967Z"}
{"label":"i2i-client.js","level":"info","message":"Fetching auth token STANDARD for api","timestamp":"2025-09-30T01:20:01.000Z"}
{"label":"marketing-service-job.js","level":"info","message":"Got 0 items to synk","timestamp":"2025-09-30T01:20:01.051Z"}
{"label":"marketing-service-job.js","level":"info","message":"Marketing log written","timestamp":"2025-09-30T01:20:01.051Z"}
{"label":"marketing-service-job.js","level":"info","message":"Post duplicate removal 0 items to synk","timestamp":"2025-09-30T01:20:01.051Z"}
{"label":"marketing-service-job.js","level":"info","message":"No data to sync","timestamp":"2025-09-30T01:20:01.051Z"}
{"label":"i2i-client.js","level":"info","message":"Fetching auth token STANDARD for api","timestamp":"2025-09-30T01:20:01.121Z"}
{"label":"i2i-monitor-service.js","level":"info","message":"I2I Monitor UpdatePolicy: 9.4755","timestamp":"2025-09-30T01:20:10.291Z"}
{"label":"i2i-client.js","level":"info","message":"Fetching auth token STANDARD for api","timestamp":"2025-09-30T01:20:10.291Z"}
{"label":"i2i-client.js","level":"info","message":"Fetching auth token STANDARD for api","timestamp":"2025-09-30T01:20:10.441Z"}
{"label":"i2i-monitor-service.js","level":"info","message":"I2I Monitor UpdateClaim: 1.7770","timestamp":"2025-09-30T01:20:12.068Z"}
{"label":"i2i-client.js","level":"info","message":"Fetching auth token STANDARD for api","timestamp":"2025-09-30T01:20:12.068Z"}
{"label":"i2i-client.js","level":"info","message":"Fetching auth token STANDARD for api","timestamp":"2025-09-30T01:20:12.165Z"}
{"label":"i2i-monitor-service.js","level":"info","message":"I2I Monitor UpdateParty: 0.2061","timestamp":"2025-09-30T01:20:12.274Z"}
{"label":"i2i-client.js","level":"info","message":"Fetching auth token STANDARD for api","timestamp":"2025-09-30T01:20:12.274Z"}
{"label":"i2i-monitor-service.js","level":"info","message":"I2I Monitor GetPolicy: 0.1053","timestamp":"2025-09-30T01:20:12.380Z"}
{"label":"i2i-client.js","level":"info","message":"Fetching auth token STANDARD for api","timestamp":"2025-09-30T01:20:12.380Z"}
{"label":"i2i-monitor-service.js","level":"info","message":"I2I Monitor GetParty: 0.0877","timestamp":"2025-09-30T01:20:12.467Z"}
{"GetClaim":0.34486881199999997,"GetParty":0.087699057,"GetPolicy":0.105296709,"UpdateClaim":1.777004882,"UpdateParty":0.206147039,"UpdatePolicy":9.475479108,"label":"i2i-monitor-service.js","level":"info","message":"I2I Monitor Results","timestamp":"2025-09-30T01:20:12.468Z"}
{"label":"i2i-client.js","level":"info","message":"Fetching auth token STANDARD for api","timestamp":"2025-09-30T01:25:00.792Z"}
{"label":"i2i-client.js","level":"info","message":"Fetching auth token STANDARD for api","timestamp":"2025-09-30T01:25:00.792Z"}
{"label":"i2i-client.js","level":"info","message":"Fetching auth token STANDARD for api","timestamp":"2025-09-30T01:25:00.919Z"}
{"label":"i2i-monitor-service.js","level":"info","message":"I2I Monitor UpdateClaim: 1.4763","timestamp":"2025-09-30T01:25:02.268Z"}
{"label":"i2i-client.js","level":"info","message":"Fetching auth token STANDARD for api","timestamp":"2025-09-30T01:25:02.268Z"}
{"label":"i2i-monitor-service.js","level":"info","message":"I2I Monitor GetPolicy: 0.0815","timestamp":"2025-09-30T01:25:02.350Z"}
{"label":"i2i-client.js","level":"info","message":"Fetching auth token STANDARD for api","timestamp":"2025-09-30T01:25:02.350Z"}
{"label":"i2i-monitor-service.js","level":"info","message":"I2I Monitor GetParty: 0.0793","timestamp":"2025-09-30T01:25:02.429Z"}
{"label":"i2i-client.js","level":"info","message":"Fetching auth token STANDARD for api","timestamp":"2025-09-30T01:25:02.429Z"}
{"label":"i2i-client.js","level":"info","message":"Fetching auth token STANDARD for api","timestamp":"2025-09-30T01:25:02.510Z"}
{"label":"i2i-client.js","level":"info","message":"Fetching auth token STANDARD for api","timestamp":"2025-09-30T01:25:02.593Z"}
{"label":"i2i-monitor-service.js","level":"info","message":"I2I Monitor UpdatePolicy: 8.5814","timestamp":"2025-09-30T01:25:11.011Z"}
{"label":"i2i-client.js","level":"info","message":"Fetching auth token STANDARD for api","timestamp":"2025-09-30T01:25:11.011Z"}
{"label":"i2i-client.js","level":"info","message":"Fetching auth token STANDARD for api","timestamp":"2025-09-30T01:25:11.087Z"}
{"label":"i2i-monitor-service.js","level":"info","message":"I2I Monitor UpdateParty: 1.1370","timestamp":"2025-09-30T01:25:12.148Z"}
{"label":"i2i-client.js","level":"info","message":"Fetching auth token STANDARD for api","timestamp":"2025-09-30T01:25:12.148Z"}
{"label":"i2i-monitor-service.js","level":"info","message":"I2I Monitor GetClaim: 0.1175","timestamp":"2025-09-30T01:25:12.266Z"}
{"GetClaim":0.117539225,"GetParty":0.079316777,"GetPolicy":0.081455656,"UpdateClaim":1.476288207,"UpdateParty":1.136986894,"UpdatePolicy":8.581428502000001,"label":"i2i-monitor-service.js","level":"info","message":"I2I Monitor Results","timestamp":"2025-09-30T01:25:12.266Z"}
{"label":"i2i-client.js","level":"info","message":"Fetching auth token STANDARD for api","timestamp":"2025-09-30T01:30:00.184Z"}
{"label":"i2i-client.js","level":"info","message":"Fetching auth token STANDARD for api","timestamp":"2025-09-30T01:30:00.184Z"}
{"label":"marketing-service.js","level":"info","message":"Start job sommarkampanj-2025-dogs:sommarkampanj-2025","timestamp":"2025-09-30T01:30:00.197Z"}
{"label":"marketing-service-job.js","level":"info","message":"Starting JOB sommarkampanj-2025-dogs:sommarkampanj-2025","timestamp":"2025-09-30T01:30:00.197Z"}
{"label":"marketing-service.js","level":"info","message":"Start job sommarkampanj-2025-dogs:sommarkampanj-2025","timestamp":"2025-09-30T01:30:00.198Z"}
{"label":"marketing-service-job.js","level":"info","message":"Starting JOB sommarkampanj-2025-dogs:sommarkampanj-2025","timestamp":"2025-09-30T01:30:00.198Z"}
{"label":"i2i-db-monitor-service.js","level":"info","message":"I2I DB Monitor ProfilerLastHour@Execution: 0.0362","timestamp":"2025-09-30T01:30:00.223Z"}
{"label":"i2i-db-monitor-service.js","level":"info","message":"I2I DB Monitor ProfilerLastHour@TotalCount: 1.0000","timestamp":"2025-09-30T01:30:00.223Z"}
{"label":"i2i-db-monitor-service.js","level":"info","message":"I2I DB Monitor ProfilerLastHour@Count: 1.0000","timestamp":"2025-09-30T01:30:00.223Z"}
{"label":"i2i-db-monitor-service.js","level":"info","message":"I2I DB Monitor ProfilerLastHour@ErrorCount: 0.0000","timestamp":"2025-09-30T01:30:00.223Z"}
{"label":"i2i-db-monitor-service.js","level":"info","message":"I2I DB Monitor ProfilerLastHour@CountTimeout: 0.0000","timestamp":"2025-09-30T01:30:00.223Z"}
{"label":"i2i-db-monitor-service.js","level":"info","message":"I2I DB Monitor ProfilerLastHour@AvgDuration: 6474570.0000","timestamp":"2025-09-30T01:30:00.223Z"}
{"label":"i2i-db-monitor-service.js","level":"info","message":"I2I DB Monitor ProfilerLastHour@TotalDuration: 6474570.0000","timestamp":"2025-09-30T01:30:00.223Z"}
{"label":"i2i-db-monitor-service.js","level":"info","message":"I2I DB Monitor ProfilerLastHour@AvgDurationTimeout: 0.0000","timestamp":"2025-09-30T01:30:00.223Z"}
{"label":"i2i-db-monitor-service.js","level":"info","message":"I2I DB Monitor ProfilerLastHour@TotalDurationTiemout: 0.0000","timestamp":"2025-09-30T01:30:00.223Z"}
{"label":"i2i-db-monitor-service.js","level":"info","message":"I2I DB Monitor ProfilerPrevHour@Execution: 0.0194","timestamp":"2025-09-30T01:30:00.243Z"}
{"label":"i2i-db-monitor-service.js","level":"info","message":"I2I DB Monitor ProfilerPrevHour@TotalCount: 0.0000","timestamp":"2025-09-30T01:30:00.243Z"}
{"label":"i2i-db-monitor-service.js","level":"info","message":"I2I DB Monitor ProfilerPrevHour@Count: 0.0000","timestamp":"2025-09-30T01:30:00.243Z"}
{"label":"i2i-db-monitor-service.js","level":"info","message":"I2I DB Monitor ProfilerPrevHour@ErrorCount: 0.0000","timestamp":"2025-09-30T01:30:00.243Z"}
{"label":"i2i-db-monitor-service.js","level":"info","message":"I2I DB Monitor ProfilerPrevHour@CountTimeout: 0.0000","timestamp":"2025-09-30T01:30:00.243Z"}
{"label":"i2i-db-monitor-service.js","level":"info","message":"I2I DB Monitor ProfilerPrevHour@AvgDuration: 0.0000","timestamp":"2025-09-30T01:30:00.243Z"}
{"label":"i2i-db-monitor-service.js","level":"info","message":"I2I DB Monitor ProfilerPrevHour@TotalDuration: 0.0000","timestamp":"2025-09-30T01:30:00.243Z"}
{"label":"i2i-db-monitor-service.js","level":"info","message":"I2I DB Monitor ProfilerPrevHour@AvgDurationTimeout: 0.0000","timestamp":"2025-09-30T01:30:00.243Z"}
{"label":"i2i-db-monitor-service.js","level":"info","message":"I2I DB Monitor ProfilerPrevHour@TotalDurationTiemout: 0.0000","timestamp":"2025-09-30T01:30:00.243Z"}
{"ProfilerLastHour_AvgDuration":6474570,"ProfilerLastHour_AvgDurationTimeout":0,"ProfilerLastHour_Count":1,"ProfilerLastHour_CountTimeout":0,"ProfilerLastHour_ErrorCount":0,"ProfilerLastHour_TotalCount":1,"ProfilerLastHour_TotalDuration":6474570,"ProfilerLastHour_TotalDurationTiemout":0,"ProfilerPrevHour_AvgDuration":0,"ProfilerPrevHour_AvgDurationTimeout":0,"ProfilerPrevHour_Count":0,"ProfilerPrevHour_CountTimeout":0,"ProfilerPrevHour_ErrorCount":0,"ProfilerPrevHour_TotalCount":0,"ProfilerPrevHour_TotalDuration":0,"ProfilerPrevHour_TotalDurationTiemout":0,"label":"i2i-db-monitor-service.js","level":"info","message":"I2I DB Monitor Results","timestamp":"2025-09-30T01:30:00.243Z"}
{"label":"i2i-monitor-service.js","level":"info","message":"I2I Monitor GetParty: 0.2279","timestamp":"2025-09-30T01:30:00.412Z"}
{"label":"i2i-client.js","level":"info","message":"Fetching auth token STANDARD for api","timestamp":"2025-09-30T01:30:00.412Z"}
{"label":"i2i-monitor-service.js","level":"info","message":"I2I Monitor GetPolicy: 0.1637","timestamp":"2025-09-30T01:30:00.576Z"}
{"label":"i2i-client.js","level":"info","message":"Fetching auth token STANDARD for api","timestamp":"2025-09-30T01:30:00.576Z"}
{"label":"marketing-service-job.js","level":"info","message":"Got 0 items to synk","timestamp":"2025-09-30T01:30:00.708Z"}
{"label":"marketing-service-job.js","level":"info","message":"Marketing log written","timestamp":"2025-09-30T01:30:00.708Z"}
{"label":"marketing-service-job.js","level":"info","message":"Post duplicate removal 0 items to synk","timestamp":"2025-09-30T01:30:00.708Z"}
{"label":"marketing-service-job.js","level":"info","message":"No data to sync","timestamp":"2025-09-30T01:30:00.708Z"}
{"label":"marketing-service-job.js","level":"info","message":"Got 0 items to synk","timestamp":"2025-09-30T01:30:00.719Z"}
{"label":"marketing-service-job.js","level":"info","message":"Marketing log written","timestamp":"2025-09-30T01:30:00.720Z"}
{"label":"marketing-service-job.js","level":"info","message":"Post duplicate removal 0 items to synk","timestamp":"2025-09-30T01:30:00.720Z"}
{"label":"marketing-service-job.js","level":"info","message":"No data to sync","timestamp":"2025-09-30T01:30:00.720Z"}
{"label":"i2i-client.js","level":"info","message":"Fetching auth token STANDARD for api","timestamp":"2025-09-30T01:30:00.768Z"}
{"label":"i2i-monitor-service.js","level":"info","message":"I2I Monitor UpdateClaim: 2.7160","timestamp":"2025-09-30T01:30:03.292Z"}
{"label":"i2i-client.js","level":"info","message":"Fetching auth token STANDARD for api","timestamp":"2025-09-30T01:30:03.292Z"}
{"label":"i2i-client.js","level":"info","message":"Fetching auth token STANDARD for api","timestamp":"2025-09-30T01:30:03.365Z"}
{"label":"i2i-monitor-service.js","level":"info","message":"I2I Monitor UpdateParty: 0.1543","timestamp":"2025-09-30T01:30:03.446Z"}
{"label":"i2i-client.js","level":"info","message":"Fetching auth token STANDARD for api","timestamp":"2025-09-30T01:30:03.446Z"}
{"label":"i2i-monitor-service.js","level":"info","message":"I2I Monitor GetClaim: 0.1173","timestamp":"2025-09-30T01:30:03.564Z"}
{"label":"i2i-client.js","level":"info","message":"Fetching auth token STANDARD for api","timestamp":"2025-09-30T01:30:03.564Z"}
{"label":"i2i-client.js","level":"info","message":"Fetching auth token STANDARD for api","timestamp":"2025-09-30T01:30:03.645Z"}
{"label":"i2i-client.js","level":"info","message":"Fetching auth token STANDARD for api","timestamp":"2025-09-30T01:30:03.725Z"}
{"label":"i2i-monitor-service.js","level":"info","message":"I2I Monitor UpdatePolicy: 8.6798","timestamp":"2025-09-30T01:30:12.244Z"}
{"GetClaim":0.117317957,"GetParty":0.227865597,"GetPolicy":0.163678067,"UpdateClaim":2.7160109,"UpdateParty":0.15427891700000002,"UpdatePolicy":8.679846546,"label":"i2i-monitor-service.js","level":"info","message":"I2I Monitor Results","timestamp":"2025-09-30T01:30:12.244Z"}
{"label":"i2i-client.js","level":"info","message":"Fetching auth token STANDARD for api","timestamp":"2025-09-30T01:35:00.508Z"}
{"label":"i2i-client.js","level":"info","message":"Fetching auth token STANDARD for api","timestamp":"2025-09-30T01:35:00.508Z"}
{"label":"i2i-monitor-service.js","level":"info","message":"I2I Monitor GetPolicy: 0.0953","timestamp":"2025-09-30T01:35:00.604Z"}
{"label":"i2i-client.js","level":"info","message":"Fetching auth token STANDARD for api","timestamp":"2025-09-30T01:35:00.604Z"}
{"label":"i2i-client.js","level":"info","message":"Fetching auth token STANDARD for api","timestamp":"2025-09-30T01:35:00.688Z"}
{"label":"i2i-client.js","level":"info","message":"Fetching auth token STANDARD for api","timestamp":"2025-09-30T01:35:00.772Z"}
{"label":"i2i-monitor-service.js","level":"info","message":"I2I Monitor UpdatePolicy: 9.0448","timestamp":"2025-09-30T01:35:09.649Z"}
{"label":"i2i-client.js","level":"info","message":"Fetching auth token STANDARD for api","timestamp":"2025-09-30T01:35:09.649Z"}
{"label":"i2i-client.js","level":"info","message":"Fetching auth token STANDARD for api","timestamp":"2025-09-30T01:35:09.763Z"}
{"label":"i2i-monitor-service.js","level":"info","message":"I2I Monitor UpdateClaim: 1.7931","timestamp":"2025-09-30T01:35:11.442Z"}
{"label":"i2i-client.js","level":"info","message":"Fetching auth token STANDARD for api","timestamp":"2025-09-30T01:35:11.442Z"}
{"label":"i2i-monitor-service.js","level":"info","message":"I2I Monitor GetClaim: 0.1358","timestamp":"2025-09-30T01:35:11.578Z"}
{"label":"i2i-client.js","level":"info","message":"Fetching auth token STANDARD for api","timestamp":"2025-09-30T01:35:11.578Z"}
{"label":"i2i-client.js","level":"info","message":"Fetching auth token STANDARD for api","timestamp":"2025-09-30T01:35:11.658Z"}
{"label":"i2i-monitor-service.js","level":"info","message":"I2I Monitor UpdateParty: 0.1638","timestamp":"2025-09-30T01:35:11.742Z"}
{"label":"i2i-client.js","level":"info","message":"Fetching auth token STANDARD for api","timestamp":"2025-09-30T01:35:11.742Z"}
{"label":"i2i-monitor-service.js","level":"info","message":"I2I Monitor GetParty: 0.0739","timestamp":"2025-09-30T01:35:11.816Z"}
{"GetClaim":0.13579994099999998,"GetParty":0.073861731,"GetPolicy":0.095282583,"UpdateClaim":1.793120666,"UpdateParty":0.163809472,"UpdatePolicy":9.044838900999999,"label":"i2i-monitor-service.js","level":"info","message":"I2I Monitor Results","timestamp":"2025-09-30T01:35:11.816Z"}
{"label":"i2i-client.js","level":"info","message":"Fetching auth token STANDARD for api","timestamp":"2025-09-30T01:40:00.954Z"}
{"label":"i2i-client.js","level":"info","message":"Fetching auth token STANDARD for api","timestamp":"2025-09-30T01:40:00.954Z"}
{"label":"marketing-service.js","level":"info","message":"Start job sommarkampanj-2025-dogs:sommarkampanj-2025","timestamp":"2025-09-30T01:40:00.965Z"}
{"label":"marketing-service-job.js","level":"info","message":"Starting JOB sommarkampanj-2025-dogs:sommarkampanj-2025","timestamp":"2025-09-30T01:40:00.965Z"}
{"label":"marketing-service.js","level":"info","message":"Start job sommarkampanj-2025-dogs:sommarkampanj-2025","timestamp":"2025-09-30T01:40:00.968Z"}
{"label":"marketing-service-job.js","level":"info","message":"Starting JOB sommarkampanj-2025-dogs:sommarkampanj-2025","timestamp":"2025-09-30T01:40:00.968Z"}
{"label":"i2i-monitor-service.js","level":"info","message":"I2I Monitor GetClaim: 0.2483","timestamp":"2025-09-30T01:40:01.203Z"}
{"label":"i2i-client.js","level":"info","message":"Fetching auth token STANDARD for api","timestamp":"2025-09-30T01:40:01.203Z"}
{"label":"marketing-service-job.js","level":"info","message":"Got 0 items to synk","timestamp":"2025-09-30T01:40:01.442Z"}
{"label":"marketing-service-job.js","level":"info","message":"Marketing log written","timestamp":"2025-09-30T01:40:01.442Z"}
{"label":"marketing-service-job.js","level":"info","message":"Post duplicate removal 0 items to synk","timestamp":"2025-09-30T01:40:01.442Z"}
{"label":"marketing-service-job.js","level":"info","message":"No data to sync","timestamp":"2025-09-30T01:40:01.442Z"}
{"label":"i2i-monitor-service.js","level":"info","message":"I2I Monitor GetPolicy: 0.2435","timestamp":"2025-09-30T01:40:01.446Z"}
{"label":"i2i-client.js","level":"info","message":"Fetching auth token STANDARD for api","timestamp":"2025-09-30T01:40:01.447Z"}
{"label":"marketing-service-job.js","level":"info","message":"Got 0 items to synk","timestamp":"2025-09-30T01:40:01.536Z"}
{"label":"marketing-service-job.js","level":"info","message":"Marketing log written","timestamp":"2025-09-30T01:40:01.536Z"}
{"label":"marketing-service-job.js","level":"info","message":"Post duplicate removal 0 items to synk","timestamp":"2025-09-30T01:40:01.536Z"}
{"label":"marketing-service-job.js","level":"info","message":"No data to sync","timestamp":"2025-09-30T01:40:01.536Z"}
{"label":"i2i-client.js","level":"info","message":"Fetching auth token STANDARD for api","timestamp":"2025-09-30T01:40:01.570Z"}
{"label":"i2i-monitor-service.js","level":"info","message":"I2I Monitor UpdateParty: 0.2245","timestamp":"2025-09-30T01:40:01.671Z"}
{"label":"i2i-client.js","level":"info","message":"Fetching auth token STANDARD for api","timestamp":"2025-09-30T01:40:01.671Z"}
{"label":"i2i-client.js","level":"info","message":"Fetching auth token STANDARD for api","timestamp":"2025-09-30T01:40:01.802Z"}
{"label":"i2i-monitor-service.js","level":"info","message":"I2I Monitor UpdateClaim: 1.5328","timestamp":"2025-09-30T01:40:03.204Z"}
{"label":"i2i-client.js","level":"info","message":"Fetching auth token STANDARD for api","timestamp":"2025-09-30T01:40:03.204Z"}
{"label":"i2i-monitor-service.js","level":"info","message":"I2I Monitor GetParty: 0.0749","timestamp":"2025-09-30T01:40:03.279Z"}
{"label":"i2i-client.js","level":"info","message":"Fetching auth token STANDARD for api","timestamp":"2025-09-30T01:40:03.280Z"}
{"label":"i2i-client.js","level":"info","message":"Fetching auth token STANDARD for api","timestamp":"2025-09-30T01:40:03.361Z"}
{"label":"i2i-client.js","level":"info","message":"Fetching auth token STANDARD for api","timestamp":"2025-09-30T01:40:03.440Z"}
{"label":"i2i-monitor-service.js","level":"info","message":"I2I Monitor UpdatePolicy: 11.1501","timestamp":"2025-09-30T01:40:14.429Z"}
{"GetClaim":0.248301527,"GetParty":0.074895721,"GetPolicy":0.243490544,"UpdateClaim":1.532825791,"UpdateParty":0.224484994,"UpdatePolicy":11.150074070999999,"label":"i2i-monitor-service.js","level":"info","message":"I2I Monitor Results","timestamp":"2025-09-30T01:40:14.429Z"}
{"label":"i2i-client.js","level":"info","message":"Fetching auth token STANDARD for api","timestamp":"2025-09-30T01:45:00.283Z"}
{"label":"i2i-client.js","level":"info","message":"Fetching auth token STANDARD for api","timestamp":"2025-09-30T01:45:00.283Z"}
{"label":"i2i-monitor-service.js","level":"info","message":"I2I Monitor GetPolicy: 0.1287","timestamp":"2025-09-30T01:45:00.412Z"}
{"label":"i2i-client.js","level":"info","message":"Fetching auth token STANDARD for api","timestamp":"2025-09-30T01:45:00.412Z"}
{"label":"i2i-client.js","level":"info","message":"Fetching auth token STANDARD for api","timestamp":"2025-09-30T01:45:00.499Z"}
{"label":"i2i-client.js","level":"info","message":"Fetching auth token STANDARD for api","timestamp":"2025-09-30T01:45:00.589Z"}
{"label":"i2i-monitor-service.js","level":"info","message":"I2I Monitor UpdatePolicy: 8.3950","timestamp":"2025-09-30T01:45:08.807Z"}
{"label":"i2i-client.js","level":"info","message":"Fetching auth token STANDARD for api","timestamp":"2025-09-30T01:45:08.807Z"}
{"label":"i2i-monitor-service.js","level":"info","message":"I2I Monitor GetParty: 0.0777","timestamp":"2025-09-30T01:45:08.885Z"}
{"label":"i2i-client.js","level":"info","message":"Fetching auth token STANDARD for api","timestamp":"2025-09-30T01:45:08.885Z"}
{"label":"i2i-client.js","level":"info","message":"Fetching auth token STANDARD for api","timestamp":"2025-09-30T01:45:09.001Z"}
{"label":"i2i-monitor-service.js","level":"info","message":"I2I Monitor UpdateClaim: 1.4387","timestamp":"2025-09-30T01:45:10.323Z"}
{"label":"i2i-client.js","level":"info","message":"Fetching auth token STANDARD for api","timestamp":"2025-09-30T01:45:10.324Z"}
{"label":"i2i-monitor-service.js","level":"info","message":"I2I Monitor GetClaim: 0.1145","timestamp":"2025-09-30T01:45:10.438Z"}
{"label":"i2i-client.js","level":"info","message":"Fetching auth token STANDARD for api","timestamp":"2025-09-30T01:45:10.438Z"}
{"label":"i2i-client.js","level":"info","message":"Fetching auth token STANDARD for api","timestamp":"2025-09-30T01:45:10.518Z"}
{"label":"i2i-monitor-service.js","level":"info","message":"I2I Monitor UpdateParty: 0.1714","timestamp":"2025-09-30T01:45:10.611Z"}
{"GetClaim":0.11452359599999999,"GetParty":0.077687311,"GetPolicy":0.128728257,"UpdateClaim":1.438667827,"UpdateParty":0.17137500700000002,"UpdatePolicy":8.39495638,"label":"i2i-monitor-service.js","level":"info","message":"I2I Monitor Results","timestamp":"2025-09-30T01:45:10.611Z"}
{"label":"i2i-client.js","level":"info","message":"Fetching auth token STANDARD for api","timestamp":"2025-09-30T01:50:00.684Z"}
{"label":"i2i-client.js","level":"info","message":"Fetching auth token STANDARD for api","timestamp":"2025-09-30T01:50:00.684Z"}
{"label":"marketing-service.js","level":"info","message":"Start job sommarkampanj-2025-dogs:sommarkampanj-2025","timestamp":"2025-09-30T01:50:00.693Z"}
{"label":"marketing-service-job.js","level":"info","message":"Starting JOB sommarkampanj-2025-dogs:sommarkampanj-2025","timestamp":"2025-09-30T01:50:00.693Z"}
{"label":"marketing-service.js","level":"info","message":"Start job sommarkampanj-2025-dogs:sommarkampanj-2025","timestamp":"2025-09-30T01:50:00.694Z"}
{"label":"marketing-service-job.js","level":"info","message":"Starting JOB sommarkampanj-2025-dogs:sommarkampanj-2025","timestamp":"2025-09-30T01:50:00.694Z"}
{"label":"i2i-client.js","level":"info","message":"Fetching auth token STANDARD for api","timestamp":"2025-09-30T01:50:00.961Z"}
{"label":"marketing-service-job.js","level":"info","message":"Got 0 items to synk","timestamp":"2025-09-30T01:50:01.071Z"}
{"label":"marketing-service-job.js","level":"info","message":"Marketing log written","timestamp":"2025-09-30T01:50:01.071Z"}
{"label":"marketing-service-job.js","level":"info","message":"Post duplicate removal 0 items to synk","timestamp":"2025-09-30T01:50:01.071Z"}
{"label":"marketing-service-job.js","level":"info","message":"No data to sync","timestamp":"2025-09-30T01:50:01.071Z"}
{"label":"marketing-service-job.js","level":"info","message":"Got 0 items to synk","timestamp":"2025-09-30T01:50:01.199Z"}
{"label":"marketing-service-job.js","level":"info","message":"Marketing log written","timestamp":"2025-09-30T01:50:01.200Z"}
{"label":"marketing-service-job.js","level":"info","message":"Post duplicate removal 0 items to synk","timestamp":"2025-09-30T01:50:01.200Z"}
{"label":"marketing-service-job.js","level":"info","message":"No data to sync","timestamp":"2025-09-30T01:50:01.200Z"}
{"label":"i2i-monitor-service.js","level":"info","message":"I2I Monitor UpdateClaim: 1.7260","timestamp":"2025-09-30T01:50:02.410Z"}
{"label":"i2i-client.js","level":"info","message":"Fetching auth token STANDARD for api","timestamp":"2025-09-30T01:50:02.410Z"}
{"label":"i2i-client.js","level":"info","message":"Fetching auth token STANDARD for api","timestamp":"2025-09-30T01:50:02.489Z"}
{"label":"i2i-client.js","level":"info","message":"Fetching auth token STANDARD for api","timestamp":"2025-09-30T01:50:02.574Z"}
{"label":"i2i-monitor-service.js","level":"info","message":"I2I Monitor UpdatePolicy: 8.5969","timestamp":"2025-09-30T01:50:11.007Z"}
{"label":"i2i-client.js","level":"info","message":"Fetching auth token STANDARD for api","timestamp":"2025-09-30T01:50:11.007Z"}
{"label":"i2i-monitor-service.js","level":"info","message":"I2I Monitor GetParty: 0.0779","timestamp":"2025-09-30T01:50:11.085Z"}
{"label":"i2i-client.js","level":"info","message":"Fetching auth token STANDARD for api","timestamp":"2025-09-30T01:50:11.085Z"}
{"label":"i2i-monitor-service.js","level":"info","message":"I2I Monitor GetPolicy: 0.0870","timestamp":"2025-09-30T01:50:11.172Z"}
{"label":"i2i-client.js","level":"info","message":"Fetching auth token STANDARD for api","timestamp":"2025-09-30T01:50:11.172Z"}
{"label":"i2i-client.js","level":"info","message":"Fetching auth token STANDARD for api","timestamp":"2025-09-30T01:50:11.249Z"}
{"label":"i2i-monitor-service.js","level":"info","message":"I2I Monitor UpdateParty: 0.1633","timestamp":"2025-09-30T01:50:11.336Z"}
{"label":"i2i-client.js","level":"info","message":"Fetching auth token STANDARD for api","timestamp":"2025-09-30T01:50:11.336Z"}
{"label":"i2i-monitor-service.js","level":"info","message":"I2I Monitor GetClaim: 0.1098","timestamp":"2025-09-30T01:50:11.446Z"}
{"GetClaim":0.109840418,"GetParty":0.077918005,"GetPolicy":0.086956922,"UpdateClaim":1.726006231,"UpdateParty":0.16331514100000002,"UpdatePolicy":8.596944141,"label":"i2i-monitor-service.js","level":"info","message":"I2I Monitor Results","timestamp":"2025-09-30T01:50:11.446Z"}
{"label":"i2i-client.js","level":"info","message":"Fetching auth token STANDARD for api","timestamp":"2025-09-30T01:55:00.014Z"}
{"label":"i2i-client.js","level":"info","message":"Fetching auth token STANDARD for api","timestamp":"2025-09-30T01:55:00.014Z"}
{"label":"i2i-client.js","level":"info","message":"Fetching auth token STANDARD for api","timestamp":"2025-09-30T01:55:00.138Z"}
{"label":"i2i-monitor-service.js","level":"info","message":"I2I Monitor UpdateClaim: 1.5159","timestamp":"2025-09-30T01:55:01.530Z"}
{"label":"i2i-client.js","level":"info","message":"Fetching auth token STANDARD for api","timestamp":"2025-09-30T01:55:01.531Z"}
{"label":"i2i-client.js","level":"info","message":"Fetching auth token STANDARD for api","timestamp":"2025-09-30T01:55:01.656Z"}
{"label":"i2i-monitor-service.js","level":"info","message":"I2I Monitor UpdateParty: 0.2754","timestamp":"2025-09-30T01:55:01.806Z"}
{"label":"i2i-client.js","level":"info","message":"Fetching auth token STANDARD for api","timestamp":"2025-09-30T01:55:01.806Z"}
{"label":"i2i-client.js","level":"info","message":"Fetching auth token STANDARD for api","timestamp":"2025-09-30T01:55:01.904Z"}
{"label":"i2i-client.js","level":"info","message":"Fetching auth token STANDARD for api","timestamp":"2025-09-30T01:55:01.984Z"}
{"label":"i2i-monitor-service.js","level":"info","message":"I2I Monitor UpdatePolicy: 9.2088","timestamp":"2025-09-30T01:55:11.015Z"}
{"label":"i2i-client.js","level":"info","message":"Fetching auth token STANDARD for api","timestamp":"2025-09-30T01:55:11.015Z"}
{"label":"i2i-monitor-service.js","level":"info","message":"I2I Monitor GetParty: 0.0753","timestamp":"2025-09-30T01:55:11.090Z"}
{"label":"i2i-client.js","level":"info","message":"Fetching auth token STANDARD for api","timestamp":"2025-09-30T01:55:11.090Z"}
{"label":"i2i-monitor-service.js","level":"info","message":"I2I Monitor GetPolicy: 0.0776","timestamp":"2025-09-30T01:55:11.168Z"}
{"label":"i2i-client.js","level":"info","message":"Fetching auth token STANDARD for api","timestamp":"2025-09-30T01:55:11.168Z"}
{"label":"i2i-monitor-service.js","level":"info","message":"I2I Monitor GetClaim: 0.1056","timestamp":"2025-09-30T01:55:11.274Z"}
{"GetClaim":0.105579976,"GetParty":0.07532620599999999,"GetPolicy":0.07755746399999999,"UpdateClaim":1.5159417849999999,"UpdateParty":0.275393712,"UpdatePolicy":9.208751608,"label":"i2i-monitor-service.js","level":"info","message":"I2I Monitor Results","timestamp":"2025-09-30T01:55:11.274Z"}
{"label":"i2i-client.js","level":"info","message":"Fetching auth token STANDARD for api","timestamp":"2025-09-30T02:00:00.342Z"}
{"label":"i2i-client.js","level":"info","message":"Fetching auth token STANDARD for api","timestamp":"2025-09-30T02:00:00.343Z"}
{"label":"marketing-service.js","level":"info","message":"Start job sommarkampanj-2025-dogs:sommarkampanj-2025","timestamp":"2025-09-30T02:00:00.355Z"}
{"label":"marketing-service-job.js","level":"info","message":"Starting JOB sommarkampanj-2025-dogs:sommarkampanj-2025","timestamp":"2025-09-30T02:00:00.355Z"}
{"label":"marketing-service.js","level":"info","message":"Start job sommarkampanj-2025-dogs:sommarkampanj-2025","timestamp":"2025-09-30T02:00:00.357Z"}
{"label":"marketing-service-job.js","level":"info","message":"Starting JOB sommarkampanj-2025-dogs:sommarkampanj-2025","timestamp":"2025-09-30T02:00:00.357Z"}
{"label":"i2i-db-monitor-service.js","level":"info","message":"I2I DB Monitor ProfilerLastHour@Execution: 0.0260","timestamp":"2025-09-30T02:00:00.370Z"}
{"label":"i2i-db-monitor-service.js","level":"info","message":"I2I DB Monitor ProfilerLastHour@TotalCount: 0.0000","timestamp":"2025-09-30T02:00:00.370Z"}
{"label":"i2i-db-monitor-service.js","level":"info","message":"I2I DB Monitor ProfilerLastHour@Count: 0.0000","timestamp":"2025-09-30T02:00:00.370Z"}
{"label":"i2i-db-monitor-service.js","level":"info","message":"I2I DB Monitor ProfilerLastHour@ErrorCount: 0.0000","timestamp":"2025-09-30T02:00:00.370Z"}
{"label":"i2i-db-monitor-service.js","level":"info","message":"I2I DB Monitor ProfilerLastHour@CountTimeout: 0.0000","timestamp":"2025-09-30T02:00:00.370Z"}
{"label":"i2i-db-monitor-service.js","level":"info","message":"I2I DB Monitor ProfilerLastHour@AvgDuration: 0.0000","timestamp":"2025-09-30T02:00:00.370Z"}
{"label":"i2i-db-monitor-service.js","level":"info","message":"I2I DB Monitor ProfilerLastHour@TotalDuration: 0.0000","timestamp":"2025-09-30T02:00:00.370Z"}
{"label":"i2i-db-monitor-service.js","level":"info","message":"I2I DB Monitor ProfilerLastHour@AvgDurationTimeout: 0.0000","timestamp":"2025-09-30T02:00:00.370Z"}
{"label":"i2i-db-monitor-service.js","level":"info","message":"I2I DB Monitor ProfilerLastHour@TotalDurationTiemout: 0.0000","timestamp":"2025-09-30T02:00:00.370Z"}
{"label":"i2i-db-monitor-service.js","level":"info","message":"I2I DB Monitor ProfilerPrevHour@Execution: 0.0159","timestamp":"2025-09-30T02:00:00.386Z"}
{"label":"i2i-db-monitor-service.js","level":"info","message":"I2I DB Monitor ProfilerPrevHour@TotalCount: 1.0000","timestamp":"2025-09-30T02:00:00.387Z"}
{"label":"i2i-db-monitor-service.js","level":"info","message":"I2I DB Monitor ProfilerPrevHour@Count: 1.0000","timestamp":"2025-09-30T02:00:00.387Z"}
{"label":"i2i-db-monitor-service.js","level":"info","message":"I2I DB Monitor ProfilerPrevHour@ErrorCount: 0.0000","timestamp":"2025-09-30T02:00:00.387Z"}
{"label":"i2i-db-monitor-service.js","level":"info","message":"I2I DB Monitor ProfilerPrevHour@CountTimeout: 0.0000","timestamp":"2025-09-30T02:00:00.387Z"}
{"label":"i2i-db-monitor-service.js","level":"info","message":"I2I DB Monitor ProfilerPrevHour@AvgDuration: 6474570.0000","timestamp":"2025-09-30T02:00:00.387Z"}
{"label":"i2i-db-monitor-service.js","level":"info","message":"I2I DB Monitor ProfilerPrevHour@TotalDuration: 6474570.0000","timestamp":"2025-09-30T02:00:00.387Z"}
{"label":"i2i-db-monitor-service.js","level":"info","message":"I2I DB Monitor ProfilerPrevHour@AvgDurationTimeout: 0.0000","timestamp":"2025-09-30T02:00:00.387Z"}
{"label":"i2i-db-monitor-service.js","level":"info","message":"I2I DB Monitor ProfilerPrevHour@TotalDurationTiemout: 0.0000","timestamp":"2025-09-30T02:00:00.387Z"}
{"ProfilerLastHour_AvgDuration":0,"ProfilerLastHour_AvgDurationTimeout":0,"ProfilerLastHour_Count":0,"ProfilerLastHour_CountTimeout":0,"ProfilerLastHour_ErrorCount":0,"ProfilerLastHour_TotalCount":0,"ProfilerLastHour_TotalDuration":0,"ProfilerLastHour_TotalDurationTiemout":0,"ProfilerPrevHour_AvgDuration":6474570,"ProfilerPrevHour_AvgDurationTimeout":0,"ProfilerPrevHour_Count":1,"ProfilerPrevHour_CountTimeout":0,"ProfilerPrevHour_ErrorCount":0,"ProfilerPrevHour_TotalCount":1,"ProfilerPrevHour_TotalDuration":6474570,"ProfilerPrevHour_TotalDurationTiemout":0,"label":"i2i-db-monitor-service.js","level":"info","message":"I2I DB Monitor Results","timestamp":"2025-09-30T02:00:00.387Z"}
{"label":"i2i-client.js","level":"info","message":"Fetching auth token STANDARD for api","timestamp":"2025-09-30T02:00:00.545Z"}
{"label":"i2i-monitor-service.js","level":"info","message":"I2I Monitor UpdateParty: 0.3559","timestamp":"2025-09-30T02:00:00.699Z"}
{"label":"i2i-client.js","level":"info","message":"Fetching auth token STANDARD for api","timestamp":"2025-09-30T02:00:00.699Z"}
{"label":"marketing-service-job.js","level":"info","message":"Got 0 items to synk","timestamp":"2025-09-30T02:00:00.767Z"}
{"label":"marketing-service-job.js","level":"info","message":"Marketing log written","timestamp":"2025-09-30T02:00:00.767Z"}
{"label":"marketing-service-job.js","level":"info","message":"Post duplicate removal 0 items to synk","timestamp":"2025-09-30T02:00:00.767Z"}
{"label":"marketing-service-job.js","level":"info","message":"No data to sync","timestamp":"2025-09-30T02:00:00.767Z"}
{"label":"marketing-service-job.js","level":"info","message":"Got 0 items to synk","timestamp":"2025-09-30T02:00:00.894Z"}
{"label":"marketing-service-job.js","level":"info","message":"Marketing log written","timestamp":"2025-09-30T02:00:00.895Z"}
{"label":"marketing-service-job.js","level":"info","message":"Post duplicate removal 0 items to synk","timestamp":"2025-09-30T02:00:00.895Z"}
{"label":"marketing-service-job.js","level":"info","message":"No data to sync","timestamp":"2025-09-30T02:00:00.895Z"}
{"label":"i2i-client.js","level":"info","message":"Fetching auth token STANDARD for api","timestamp":"2025-09-30T02:00:00.935Z"}
{"label":"i2i-monitor-service.js","level":"info","message":"I2I Monitor UpdateClaim: 7.4023","timestamp":"2025-09-30T02:00:08.101Z"}
{"label":"i2i-client.js","level":"info","message":"Fetching auth token STANDARD for api","timestamp":"2025-09-30T02:00:08.101Z"}
{"label":"i2i-monitor-service.js","level":"info","message":"I2I Monitor GetParty: 0.0758","timestamp":"2025-09-30T02:00:08.177Z"}
{"label":"i2i-client.js","level":"info","message":"Fetching auth token STANDARD for api","timestamp":"2025-09-30T02:00:08.177Z"}
{"label":"i2i-monitor-service.js","level":"info","message":"I2I Monitor GetPolicy: 0.0840","timestamp":"2025-09-30T02:00:08.261Z"}
{"label":"i2i-client.js","level":"info","message":"Fetching auth token STANDARD for api","timestamp":"2025-09-30T02:00:08.261Z"}
{"label":"i2i-monitor-service.js","level":"info","message":"I2I Monitor GetClaim: 0.1228","timestamp":"2025-09-30T02:00:08.384Z"}
{"label":"i2i-client.js","level":"info","message":"Fetching auth token STANDARD for api","timestamp":"2025-09-30T02:00:08.384Z"}
{"label":"i2i-client.js","level":"info","message":"Fetching auth token STANDARD for api","timestamp":"2025-09-30T02:00:08.465Z"}
{"label":"i2i-client.js","level":"info","message":"Fetching auth token STANDARD for api","timestamp":"2025-09-30T02:00:08.545Z"}
{"label":"i2i-monitor-service.js","level":"info","message":"I2I Monitor UpdatePolicy: 11.5870","timestamp":"2025-09-30T02:00:19.971Z"}
{"GetClaim":0.122761408,"GetParty":0.07580185,"GetPolicy":0.08398223299999999,"UpdateClaim":7.402289022,"UpdateParty":0.355903073,"UpdatePolicy":11.587028248000001,"label":"i2i-monitor-service.js","level":"info","message":"I2I Monitor Results","timestamp":"2025-09-30T02:00:19.971Z"}
{"label":"i2i-client.js","level":"info","message":"Fetching auth token STANDARD for api","timestamp":"2025-09-30T02:05:00.664Z"}
{"label":"i2i-client.js","level":"info","message":"Fetching auth token STANDARD for api","timestamp":"2025-09-30T02:05:00.664Z"}
{"label":"i2i-monitor-service.js","level":"info","message":"I2I Monitor GetParty: 0.0838","timestamp":"2025-09-30T02:05:00.748Z"}
{"label":"i2i-client.js","level":"info","message":"Fetching auth token STANDARD for api","timestamp":"2025-09-30T02:05:00.748Z"}
{"label":"i2i-client.js","level":"info","message":"Fetching auth token STANDARD for api","timestamp":"2025-09-30T02:05:00.825Z"}
{"label":"i2i-monitor-service.js","level":"info","message":"I2I Monitor UpdateParty: 0.1654","timestamp":"2025-09-30T02:05:00.914Z"}
{"label":"i2i-client.js","level":"info","message":"Fetching auth token STANDARD for api","timestamp":"2025-09-30T02:05:00.914Z"}
{"label":"i2i-monitor-service.js","level":"info","message":"I2I Monitor GetPolicy: 0.0846","timestamp":"2025-09-30T02:05:00.998Z"}
{"label":"i2i-client.js","level":"info","message":"Fetching auth token STANDARD for api","timestamp":"2025-09-30T02:05:00.998Z"}
{"label":"i2i-client.js","level":"info","message":"Fetching auth token STANDARD for api","timestamp":"2025-09-30T02:05:01.124Z"}
{"label":"i2i-monitor-service.js","level":"info","message":"I2I Monitor UpdateClaim: 1.8132","timestamp":"2025-09-30T02:05:02.812Z"}
{"label":"i2i-client.js","level":"info","message":"Fetching auth token STANDARD for api","timestamp":"2025-09-30T02:05:02.812Z"}
{"label":"i2i-monitor-service.js","level":"info","message":"I2I Monitor GetClaim: 0.1280","timestamp":"2025-09-30T02:05:02.940Z"}
{"label":"i2i-client.js","level":"info","message":"Fetching auth token STANDARD for api","timestamp":"2025-09-30T02:05:02.940Z"}
{"label":"i2i-client.js","level":"info","message":"Fetching auth token STANDARD for api","timestamp":"2025-09-30T02:05:03.017Z"}
{"label":"i2i-client.js","level":"info","message":"Fetching auth token STANDARD for api","timestamp":"2025-09-30T02:05:03.099Z"}
{"label":"i2i-monitor-service.js","level":"info","message":"I2I Monitor UpdatePolicy: 10.9468","timestamp":"2025-09-30T02:05:13.887Z"}
{"GetClaim":0.12798664599999998,"GetParty":0.08384430999999999,"GetPolicy":0.084572354,"UpdateClaim":1.813185458,"UpdateParty":0.165443985,"UpdatePolicy":10.946795671,"label":"i2i-monitor-service.js","level":"info","message":"I2I Monitor Results","timestamp":"2025-09-30T02:05:13.887Z"}
{"label":"marketing-service.js","level":"info","message":"Start job sommarkampanj-2025-dogs:sommarkampanj-2025","timestamp":"2025-09-30T02:10:00.006Z"}
{"label":"marketing-service-job.js","level":"info","message":"Starting JOB sommarkampanj-2025-dogs:sommarkampanj-2025","timestamp":"2025-09-30T02:10:00.006Z"}
{"label":"marketing-service.js","level":"info","message":"Start job sommarkampanj-2025-dogs:sommarkampanj-2025","timestamp":"2025-09-30T02:10:00.007Z"}
{"label":"marketing-service-job.js","level":"info","message":"Starting JOB sommarkampanj-2025-dogs:sommarkampanj-2025","timestamp":"2025-09-30T02:10:00.007Z"}
{"label":"marketing-service-job.js","level":"info","message":"Got 0 items to synk","timestamp":"2025-09-30T02:10:00.549Z"}
{"label":"marketing-service-job.js","level":"info","message":"Marketing log written","timestamp":"2025-09-30T02:10:00.549Z"}
{"label":"marketing-service-job.js","level":"info","message":"Post duplicate removal 0 items to synk","timestamp":"2025-09-30T02:10:00.549Z"}
{"label":"marketing-service-job.js","level":"info","message":"No data to sync","timestamp":"2025-09-30T02:10:00.549Z"}
{"label":"marketing-service-job.js","level":"info","message":"Got 0 items to synk","timestamp":"2025-09-30T02:10:00.658Z"}
{"label":"marketing-service-job.js","level":"info","message":"Marketing log written","timestamp":"2025-09-30T02:10:00.658Z"}
{"label":"marketing-service-job.js","level":"info","message":"Post duplicate removal 0 items to synk","timestamp":"2025-09-30T02:10:00.658Z"}
{"label":"marketing-service-job.js","level":"info","message":"No data to sync","timestamp":"2025-09-30T02:10:00.658Z"}
{"label":"i2i-client.js","level":"info","message":"Fetching auth token STANDARD for api","timestamp":"2025-09-30T02:10:00.996Z"}
{"label":"i2i-client.js","level":"info","message":"Fetching auth token STANDARD for api","timestamp":"2025-09-30T02:10:00.996Z"}
{"label":"i2i-monitor-service.js","level":"info","message":"I2I Monitor GetPolicy: 0.1281","timestamp":"2025-09-30T02:10:01.124Z"}
{"label":"i2i-client.js","level":"info","message":"Fetching auth token STANDARD for api","timestamp":"2025-09-30T02:10:01.125Z"}
{"label":"i2i-client.js","level":"info","message":"Fetching auth token STANDARD for api","timestamp":"2025-09-30T02:10:01.207Z"}
{"label":"i2i-client.js","level":"info","message":"Fetching auth token STANDARD for api","timestamp":"2025-09-30T02:10:01.332Z"}
{"label":"i2i-monitor-service.js","level":"info","message":"I2I Monitor UpdatePolicy: 9.2436","timestamp":"2025-09-30T02:10:10.368Z"}
{"label":"i2i-client.js","level":"info","message":"Fetching auth token STANDARD for api","timestamp":"2025-09-30T02:10:10.368Z"}
{"label":"i2i-monitor-service.js","level":"info","message":"I2I Monitor GetClaim: 0.1442","timestamp":"2025-09-30T02:10:10.513Z"}
{"label":"i2i-client.js","level":"info","message":"Fetching auth token STANDARD for api","timestamp":"2025-09-30T02:10:10.513Z"}
{"label":"i2i-monitor-service.js","level":"info","message":"I2I Monitor GetParty: 0.0875","timestamp":"2025-09-30T02:10:10.600Z"}
{"label":"i2i-client.js","level":"info","message":"Fetching auth token STANDARD for api","timestamp":"2025-09-30T02:10:10.600Z"}
{"label":"i2i-client.js","level":"info","message":"Fetching auth token STANDARD for api","timestamp":"2025-09-30T02:10:10.682Z"}
{"label":"i2i-monitor-service.js","level":"info","message":"I2I Monitor UpdateParty: 0.1831","timestamp":"2025-09-30T02:10:10.783Z"}
{"label":"i2i-client.js","level":"info","message":"Fetching auth token STANDARD for api","timestamp":"2025-09-30T02:10:10.784Z"}
{"label":"i2i-client.js","level":"info","message":"Fetching auth token STANDARD for api","timestamp":"2025-09-30T02:10:10.919Z"}
{"label":"i2i-monitor-service.js","level":"info","message":"I2I Monitor UpdateClaim: 1.5656","timestamp":"2025-09-30T02:10:12.349Z"}
{"GetClaim":0.14420918900000002,"GetParty":0.08745153,"GetPolicy":0.12809531000000002,"UpdateClaim":1.565609228,"UpdateParty":0.183103981,"UpdatePolicy":9.243576105,"label":"i2i-monitor-service.js","level":"info","message":"I2I Monitor Results","timestamp":"2025-09-30T02:10:12.349Z"}
{"label":"i2i-client.js","level":"info","message":"Fetching auth token STANDARD for api","timestamp":"2025-09-30T02:15:00.311Z"}
{"label":"i2i-client.js","level":"info","message":"Fetching auth token STANDARD for api","timestamp":"2025-09-30T02:15:00.312Z"}
{"label":"i2i-monitor-service.js","level":"info","message":"I2I Monitor GetParty: 0.1054","timestamp":"2025-09-30T02:15:00.417Z"}
{"label":"i2i-client.js","level":"info","message":"Fetching auth token STANDARD for api","timestamp":"2025-09-30T02:15:00.417Z"}
{"label":"i2i-client.js","level":"info","message":"Fetching auth token STANDARD for api","timestamp":"2025-09-30T02:15:00.515Z"}
{"label":"i2i-client.js","level":"info","message":"Fetching auth token STANDARD for api","timestamp":"2025-09-30T02:15:00.607Z"}
{"label":"i2i-monitor-service.js","level":"info","message":"I2I Monitor UpdatePolicy: 9.0674","timestamp":"2025-09-30T02:15:09.485Z"}
{"label":"i2i-client.js","level":"info","message":"Fetching auth token STANDARD for api","timestamp":"2025-09-30T02:15:09.485Z"}
{"label":"i2i-monitor-service.js","level":"info","message":"I2I Monitor GetPolicy: 0.0999","timestamp":"2025-09-30T02:15:09.585Z"}
{"label":"i2i-client.js","level":"info","message":"Fetching auth token STANDARD for api","timestamp":"2025-09-30T02:15:09.585Z"}
{"label":"i2i-monitor-service.js","level":"info","message":"I2I Monitor GetClaim: 0.1314","timestamp":"2025-09-30T02:15:09.716Z"}
{"label":"i2i-client.js","level":"info","message":"Fetching auth token STANDARD for api","timestamp":"2025-09-30T02:15:09.716Z"}
{"label":"i2i-client.js","level":"info","message":"Fetching auth token STANDARD for api","timestamp":"2025-09-30T02:15:09.843Z"}
{"label":"i2i-monitor-service.js","level":"info","message":"I2I Monitor UpdateClaim: 1.7365","timestamp":"2025-09-30T02:15:11.453Z"}
{"label":"i2i-client.js","level":"info","message":"Fetching auth token STANDARD for api","timestamp":"2025-09-30T02:15:11.453Z"}
{"label":"i2i-client.js","level":"info","message":"Fetching auth token STANDARD for api","timestamp":"2025-09-30T02:15:11.542Z"}
{"label":"i2i-monitor-service.js","level":"info","message":"I2I Monitor UpdateParty: 0.1905","timestamp":"2025-09-30T02:15:11.644Z"}
{"GetClaim":0.131351459,"GetParty":0.105436402,"GetPolicy":0.099904483,"UpdateClaim":1.7365265349999999,"UpdateParty":0.19052808999999998,"UpdatePolicy":9.067414202,"label":"i2i-monitor-service.js","level":"info","message":"I2I Monitor Results","timestamp":"2025-09-30T02:15:11.644Z"}
{"label":"i2i-client.js","level":"info","message":"Fetching auth token STANDARD for api","timestamp":"2025-09-30T02:20:00.641Z"}
{"label":"i2i-client.js","level":"info","message":"Fetching auth token STANDARD for api","timestamp":"2025-09-30T02:20:00.642Z"}
{"label":"marketing-service.js","level":"info","message":"Start job sommarkampanj-2025-dogs:sommarkampanj-2025","timestamp":"2025-09-30T02:20:00.651Z"}
{"label":"marketing-service-job.js","level":"info","message":"Starting JOB sommarkampanj-2025-dogs:sommarkampanj-2025","timestamp":"2025-09-30T02:20:00.651Z"}
{"label":"marketing-service.js","level":"info","message":"Start job sommarkampanj-2025-dogs:sommarkampanj-2025","timestamp":"2025-09-30T02:20:00.652Z"}
{"label":"marketing-service-job.js","level":"info","message":"Starting JOB sommarkampanj-2025-dogs:sommarkampanj-2025","timestamp":"2025-09-30T02:20:00.652Z"}
{"label":"i2i-client.js","level":"info","message":"Fetching auth token STANDARD for api","timestamp":"2025-09-30T02:20:00.901Z"}
{"label":"marketing-service-job.js","level":"info","message":"Got 0 items to synk","timestamp":"2025-09-30T02:20:01.185Z"}
{"label":"marketing-service-job.js","level":"info","message":"Marketing log written","timestamp":"2025-09-30T02:20:01.185Z"}
{"label":"marketing-service-job.js","level":"info","message":"Post duplicate removal 0 items to synk","timestamp":"2025-09-30T02:20:01.185Z"}
{"label":"marketing-service-job.js","level":"info","message":"No data to sync","timestamp":"2025-09-30T02:20:01.186Z"}
{"label":"marketing-service-job.js","level":"info","message":"Got 0 items to synk","timestamp":"2025-09-30T02:20:01.345Z"}
{"label":"marketing-service-job.js","level":"info","message":"Marketing log written","timestamp":"2025-09-30T02:20:01.345Z"}
{"label":"marketing-service-job.js","level":"info","message":"Post duplicate removal 0 items to synk","timestamp":"2025-09-30T02:20:01.345Z"}
{"label":"marketing-service-job.js","level":"info","message":"No data to sync","timestamp":"2025-09-30T02:20:01.345Z"}
{"label":"i2i-monitor-service.js","level":"info","message":"I2I Monitor UpdateClaim: 1.8772","timestamp":"2025-09-30T02:20:02.521Z"}
{"label":"i2i-client.js","level":"info","message":"Fetching auth token STANDARD for api","timestamp":"2025-09-30T02:20:02.521Z"}
{"label":"i2i-monitor-service.js","level":"info","message":"I2I Monitor GetClaim: 0.1140","timestamp":"2025-09-30T02:20:02.635Z"}
{"label":"i2i-client.js","level":"info","message":"Fetching auth token STANDARD for api","timestamp":"2025-09-30T02:20:02.635Z"}
{"label":"i2i-client.js","level":"info","message":"Fetching auth token STANDARD for api","timestamp":"2025-09-30T02:20:02.720Z"}
{"label":"i2i-client.js","level":"info","message":"Fetching auth token STANDARD for api","timestamp":"2025-09-30T02:20:02.803Z"}
{"label":"i2i-monitor-service.js","level":"info","message":"I2I Monitor UpdatePolicy: 8.9275","timestamp":"2025-09-30T02:20:11.563Z"}
{"label":"i2i-client.js","level":"info","message":"Fetching auth token STANDARD for api","timestamp":"2025-09-30T02:20:11.563Z"}
{"label":"i2i-client.js","level":"info","message":"Fetching auth token STANDARD for api","timestamp":"2025-09-30T02:20:11.646Z"}
{"label":"i2i-monitor-service.js","level":"info","message":"I2I Monitor UpdateParty: 0.1762","timestamp":"2025-09-30T02:20:11.739Z"}
{"label":"i2i-client.js","level":"info","message":"Fetching auth token STANDARD for api","timestamp":"2025-09-30T02:20:11.739Z"}
{"label":"i2i-monitor-service.js","level":"info","message":"I2I Monitor GetPolicy: 0.0865","timestamp":"2025-09-30T02:20:11.826Z"}
{"label":"i2i-client.js","level":"info","message":"Fetching auth token STANDARD for api","timestamp":"2025-09-30T02:20:11.826Z"}
{"label":"i2i-monitor-service.js","level":"info","message":"I2I Monitor GetParty: 0.0773","timestamp":"2025-09-30T02:20:11.903Z"}
{"GetClaim":0.11395593999999999,"GetParty":0.077322088,"GetPolicy":0.086536564,"UpdateClaim":1.8772452499999999,"UpdateParty":0.176229624,"UpdatePolicy":8.927504384,"label":"i2i-monitor-service.js","level":"info","message":"I2I Monitor Results","timestamp":"2025-09-30T02:20:11.903Z"}
{"label":"i2i-client.js","level":"info","message":"Fetching auth token STANDARD for api","timestamp":"2025-09-30T02:25:00.946Z"}
{"label":"i2i-client.js","level":"info","message":"Fetching auth token STANDARD for api","timestamp":"2025-09-30T02:25:00.946Z"}
{"label":"i2i-client.js","level":"info","message":"Fetching auth token STANDARD for api","timestamp":"2025-09-30T02:25:01.029Z"}
{"label":"i2i-monitor-service.js","level":"info","message":"I2I Monitor UpdateParty: 0.1744","timestamp":"2025-09-30T02:25:01.121Z"}
{"label":"i2i-client.js","level":"info","message":"Fetching auth token STANDARD for api","timestamp":"2025-09-30T02:25:01.121Z"}
{"label":"i2i-client.js","level":"info","message":"Fetching auth token STANDARD for api","timestamp":"2025-09-30T02:25:01.216Z"}
{"label":"i2i-client.js","level":"info","message":"Fetching auth token STANDARD for api","timestamp":"2025-09-30T02:25:01.299Z"}
{"label":"i2i-monitor-service.js","level":"info","message":"I2I Monitor UpdatePolicy: 9.1395","timestamp":"2025-09-30T02:25:10.260Z"}
{"label":"i2i-client.js","level":"info","message":"Fetching auth token STANDARD for api","timestamp":"2025-09-30T02:25:10.260Z"}
{"label":"i2i-monitor-service.js","level":"info","message":"I2I Monitor GetParty: 0.0792","timestamp":"2025-09-30T02:25:10.340Z"}
{"label":"i2i-client.js","level":"info","message":"Fetching auth token STANDARD for api","timestamp":"2025-09-30T02:25:10.340Z"}
{"label":"i2i-client.js","level":"info","message":"Fetching auth token STANDARD for api","timestamp":"2025-09-30T02:25:10.602Z"}
{"label":"i2i-monitor-service.js","level":"info","message":"I2I Monitor UpdateClaim: 1.6701","timestamp":"2025-09-30T02:25:12.010Z"}
{"label":"i2i-client.js","level":"info","message":"Fetching auth token STANDARD for api","timestamp":"2025-09-30T02:25:12.010Z"}
{"label":"i2i-monitor-service.js","level":"info","message":"I2I Monitor GetPolicy: 0.0880","timestamp":"2025-09-30T02:25:12.098Z"}
{"label":"i2i-client.js","level":"info","message":"Fetching auth token STANDARD for api","timestamp":"2025-09-30T02:25:12.098Z"}
{"label":"i2i-monitor-service.js","level":"info","message":"I2I Monitor GetClaim: 0.1379","timestamp":"2025-09-30T02:25:12.236Z"}
{"GetClaim":0.137892979,"GetParty":0.079178252,"GetPolicy":0.08798381100000001,"UpdateClaim":1.6701099830000001,"UpdateParty":0.17436754,"UpdatePolicy":9.139510033,"label":"i2i-monitor-service.js","level":"info","message":"I2I Monitor Results","timestamp":"2025-09-30T02:25:12.236Z"}
{"label":"i2i-client.js","level":"info","message":"Fetching auth token STANDARD for api","timestamp":"2025-09-30T02:30:00.265Z"}
{"label":"i2i-client.js","level":"info","message":"Fetching auth token STANDARD for api","timestamp":"2025-09-30T02:30:00.265Z"}
{"label":"marketing-service.js","level":"info","message":"Start job sommarkampanj-2025-dogs:sommarkampanj-2025","timestamp":"2025-09-30T02:30:00.279Z"}
{"label":"marketing-service-job.js","level":"info","message":"Starting JOB sommarkampanj-2025-dogs:sommarkampanj-2025","timestamp":"2025-09-30T02:30:00.279Z"}
{"label":"marketing-service.js","level":"info","message":"Start job sommarkampanj-2025-dogs:sommarkampanj-2025","timestamp":"2025-09-30T02:30:00.281Z"}
{"label":"marketing-service-job.js","level":"info","message":"Starting JOB sommarkampanj-2025-dogs:sommarkampanj-2025","timestamp":"2025-09-30T02:30:00.281Z"}
{"label":"i2i-db-monitor-service.js","level":"info","message":"I2I DB Monitor ProfilerLastHour@Execution: 0.0302","timestamp":"2025-09-30T02:30:00.298Z"}
{"label":"i2i-db-monitor-service.js","level":"info","message":"I2I DB Monitor ProfilerLastHour@TotalCount: 0.0000","timestamp":"2025-09-30T02:30:00.298Z"}
{"label":"i2i-db-monitor-service.js","level":"info","message":"I2I DB Monitor ProfilerLastHour@Count: 0.0000","timestamp":"2025-09-30T02:30:00.298Z"}
{"label":"i2i-db-monitor-service.js","level":"info","message":"I2I DB Monitor ProfilerLastHour@ErrorCount: 0.0000","timestamp":"2025-09-30T02:30:00.298Z"}
{"label":"i2i-db-monitor-service.js","level":"info","message":"I2I DB Monitor ProfilerLastHour@CountTimeout: 0.0000","timestamp":"2025-09-30T02:30:00.298Z"}
{"label":"i2i-db-monitor-service.js","level":"info","message":"I2I DB Monitor ProfilerLastHour@AvgDuration: 0.0000","timestamp":"2025-09-30T02:30:00.298Z"}
{"label":"i2i-db-monitor-service.js","level":"info","message":"I2I DB Monitor ProfilerLastHour@TotalDuration: 0.0000","timestamp":"2025-09-30T02:30:00.298Z"}
{"label":"i2i-db-monitor-service.js","level":"info","message":"I2I DB Monitor ProfilerLastHour@AvgDurationTimeout: 0.0000","timestamp":"2025-09-30T02:30:00.298Z"}
{"label":"i2i-db-monitor-service.js","level":"info","message":"I2I DB Monitor ProfilerLastHour@TotalDurationTiemout: 0.0000","timestamp":"2025-09-30T02:30:00.298Z"}
{"label":"i2i-db-monitor-service.js","level":"info","message":"I2I DB Monitor ProfilerPrevHour@Execution: 0.0191","timestamp":"2025-09-30T02:30:00.317Z"}
{"label":"i2i-db-monitor-service.js","level":"info","message":"I2I DB Monitor ProfilerPrevHour@TotalCount: 1.0000","timestamp":"2025-09-30T02:30:00.317Z"}
{"label":"i2i-db-monitor-service.js","level":"info","message":"I2I DB Monitor ProfilerPrevHour@Count: 1.0000","timestamp":"2025-09-30T02:30:00.317Z"}
{"label":"i2i-db-monitor-service.js","level":"info","message":"I2I DB Monitor ProfilerPrevHour@ErrorCount: 0.0000","timestamp":"2025-09-30T02:30:00.317Z"}
{"label":"i2i-db-monitor-service.js","level":"info","message":"I2I DB Monitor ProfilerPrevHour@CountTimeout: 0.0000","timestamp":"2025-09-30T02:30:00.317Z"}
{"label":"i2i-db-monitor-service.js","level":"info","message":"I2I DB Monitor ProfilerPrevHour@AvgDuration: 6474570.0000","timestamp":"2025-09-30T02:30:00.317Z"}
{"label":"i2i-db-monitor-service.js","level":"info","message":"I2I DB Monitor ProfilerPrevHour@TotalDuration: 6474570.0000","timestamp":"2025-09-30T02:30:00.317Z"}
{"label":"i2i-db-monitor-service.js","level":"info","message":"I2I DB Monitor ProfilerPrevHour@AvgDurationTimeout: 0.0000","timestamp":"2025-09-30T02:30:00.317Z"}
{"label":"i2i-db-monitor-service.js","level":"info","message":"I2I DB Monitor ProfilerPrevHour@TotalDurationTiemout: 0.0000","timestamp":"2025-09-30T02:30:00.317Z"}
{"ProfilerLastHour_AvgDuration":0,"ProfilerLastHour_AvgDurationTimeout":0,"ProfilerLastHour_Count":0,"ProfilerLastHour_CountTimeout":0,"ProfilerLastHour_ErrorCount":0,"ProfilerLastHour_TotalCount":0,"ProfilerLastHour_TotalDuration":0,"ProfilerLastHour_TotalDurationTiemout":0,"ProfilerPrevHour_AvgDuration":6474570,"ProfilerPrevHour_AvgDurationTimeout":0,"ProfilerPrevHour_Count":1,"ProfilerPrevHour_CountTimeout":0,"ProfilerPrevHour_ErrorCount":0,"ProfilerPrevHour_TotalCount":1,"ProfilerPrevHour_TotalDuration":6474570,"ProfilerPrevHour_TotalDurationTiemout":0,"label":"i2i-db-monitor-service.js","level":"info","message":"I2I DB Monitor Results","timestamp":"2025-09-30T02:30:00.317Z"}
{"label":"i2i-client.js","level":"info","message":"Fetching auth token STANDARD for api","timestamp":"2025-09-30T02:30:00.505Z"}
{"label":"i2i-client.js","level":"info","message":"Fetching auth token STANDARD for api","timestamp":"2025-09-30T02:30:00.754Z"}
{"label":"marketing-service-job.js","level":"info","message":"Got 0 items to synk","timestamp":"2025-09-30T02:30:00.893Z"}
{"label":"marketing-service-job.js","level":"info","message":"Marketing log written","timestamp":"2025-09-30T02:30:00.893Z"}
{"label":"marketing-service-job.js","level":"info","message":"Post duplicate removal 0 items to synk","timestamp":"2025-09-30T02:30:00.894Z"}
{"label":"marketing-service-job.js","level":"info","message":"No data to sync","timestamp":"2025-09-30T02:30:00.894Z"}
{"label":"marketing-service-job.js","level":"info","message":"Got 0 items to synk","timestamp":"2025-09-30T02:30:00.922Z"}
{"label":"marketing-service-job.js","level":"info","message":"Marketing log written","timestamp":"2025-09-30T02:30:00.922Z"}
{"label":"marketing-service-job.js","level":"info","message":"Post duplicate removal 0 items to synk","timestamp":"2025-09-30T02:30:00.922Z"}
{"label":"marketing-service-job.js","level":"info","message":"No data to sync","timestamp":"2025-09-30T02:30:00.922Z"}
{"label":"i2i-monitor-service.js","level":"info","message":"I2I Monitor UpdatePolicy: 13.2499","timestamp":"2025-09-30T02:30:13.515Z"}
{"label":"i2i-client.js","level":"info","message":"Fetching auth token STANDARD for api","timestamp":"2025-09-30T02:30:13.515Z"}
{"label":"i2i-client.js","level":"info","message":"Fetching auth token STANDARD for api","timestamp":"2025-09-30T02:30:13.734Z"}
{"label":"i2i-monitor-service.js","level":"info","message":"I2I Monitor UpdateClaim: 3.2677","timestamp":"2025-09-30T02:30:16.783Z"}
{"label":"i2i-client.js","level":"info","message":"Fetching auth token STANDARD for api","timestamp":"2025-09-30T02:30:16.783Z"}
{"label":"i2i-monitor-service.js","level":"info","message":"I2I Monitor GetParty: 0.1289","timestamp":"2025-09-30T02:30:16.912Z"}
{"label":"i2i-client.js","level":"info","message":"Fetching auth token STANDARD for api","timestamp":"2025-09-30T02:30:16.912Z"}
{"label":"i2i-client.js","level":"info","message":"Fetching auth token STANDARD for api","timestamp":"2025-09-30T02:30:17.032Z"}
{"label":"i2i-monitor-service.js","level":"info","message":"I2I Monitor UpdateParty: 0.2522","timestamp":"2025-09-30T02:30:17.164Z"}
{"label":"i2i-client.js","level":"info","message":"Fetching auth token STANDARD for api","timestamp":"2025-09-30T02:30:17.164Z"}
{"label":"i2i-monitor-service.js","level":"info","message":"I2I Monitor GetPolicy: 0.1377","timestamp":"2025-09-30T02:30:17.302Z"}
{"label":"i2i-client.js","level":"info","message":"Fetching auth token STANDARD for api","timestamp":"2025-09-30T02:30:17.302Z"}
{"label":"i2i-monitor-service.js","level":"info","message":"I2I Monitor GetClaim: 0.1965","timestamp":"2025-09-30T02:30:17.499Z"}
{"GetClaim":0.19647326,"GetParty":0.12891826599999998,"GetPolicy":0.137713105,"UpdateClaim":3.2677098150000004,"UpdateParty":0.252161211,"UpdatePolicy":13.249904209,"label":"i2i-monitor-service.js","level":"info","message":"I2I Monitor Results","timestamp":"2025-09-30T02:30:17.499Z"}
{"label":"i2i-client.js","level":"info","message":"Fetching auth token STANDARD for api","timestamp":"2025-09-30T02:35:00.575Z"}
{"label":"i2i-client.js","level":"info","message":"Fetching auth token STANDARD for api","timestamp":"2025-09-30T02:35:00.576Z"}
{"label":"i2i-monitor-service.js","level":"info","message":"I2I Monitor GetClaim: 0.1311","timestamp":"2025-09-30T02:35:00.707Z"}
{"label":"i2i-client.js","level":"info","message":"Fetching auth token STANDARD for api","timestamp":"2025-09-30T02:35:00.707Z"}
{"label":"i2i-monitor-service.js","level":"info","message":"I2I Monitor GetParty: 0.0762","timestamp":"2025-09-30T02:35:00.783Z"}
{"label":"i2i-client.js","level":"info","message":"Fetching auth token STANDARD for api","timestamp":"2025-09-30T02:35:00.783Z"}
{"label":"i2i-client.js","level":"info","message":"Fetching auth token STANDARD for api","timestamp":"2025-09-30T02:35:00.894Z"}
{"label":"i2i-monitor-service.js","level":"error","message":"I2I Monitor error for UpdateClaim Execution Timeout Expired.  The timeout period elapsed prior to completion of the operation or the server is not responding.\r\nOperation cancelled by user.","name":"I2IException","stack":"I2IException: Execution Timeout Expired.  The timeout period elapsed prior to completion of the operation or the server is not responding.\r\nOperation cancelled by user.\n    at post (/opt/api/i2i-sync/source/src/lib/i2i-client/i2i-client.ts:242:19)\n    at processTicksAndRejections (node:internal/process/task_queues:96:5)\n    at I2IClientImpl.i2iPost (/opt/api/i2i-sync/source/src/lib/i2i-client/i2i-client.ts:252:17)\n    at I2IClientImpl.saveClaim (/opt/api/i2i-sync/source/src/lib/i2i-client/i2i-client.ts:581:18)\n    at I2IMonitor.MONITORS [as command] (/opt/api/i2i-sync/source/src/services/i2i-monitor-service.ts:78:5)\n    at I2IMonitor.run (/opt/api/i2i-sync/source/src/services/i2i-monitor-service.ts:39:5)\n    at runMonitors (/opt/api/i2i-sync/source/src/services/i2i-monitor-service.ts:98:29)\n    at Task._execution (/opt/api/i2i-sync/source/src/services/i2i-monitor-service.ts:111:5)","timestamp":"2025-09-30T02:35:32.128Z","type":"I2IException"}
{"label":"i2i-client.js","level":"info","message":"Fetching auth token STANDARD for api","timestamp":"2025-09-30T02:35:32.128Z"}
{"label":"i2i-monitor-service.js","level":"info","message":"I2I Monitor GetPolicy: 0.0845","timestamp":"2025-09-30T02:35:32.213Z"}
{"label":"i2i-client.js","level":"info","message":"Fetching auth token STANDARD for api","timestamp":"2025-09-30T02:35:32.213Z"}
{"label":"i2i-client.js","level":"info","message":"Fetching auth token STANDARD for api","timestamp":"2025-09-30T02:35:32.295Z"}
{"label":"i2i-client.js","level":"info","message":"Fetching auth token STANDARD for api","timestamp":"2025-09-30T02:35:32.388Z"}
{"label":"i2i-monitor-service.js","level":"info","message":"I2I Monitor UpdatePolicy: 15.1006","timestamp":"2025-09-30T02:35:47.314Z"}
{"label":"i2i-client.js","level":"info","message":"Fetching auth token STANDARD for api","timestamp":"2025-09-30T02:35:47.314Z"}
{"label":"i2i-client.js","level":"info","message":"Fetching auth token STANDARD for api","timestamp":"2025-09-30T02:35:47.391Z"}
{"label":"i2i-monitor-service.js","level":"info","message":"I2I Monitor UpdateParty: 0.1691","timestamp":"2025-09-30T02:35:47.483Z"}
{"GetClaim":0.131123189,"GetParty":0.076200122,"GetPolicy":0.084515196,"UpdateParty":0.16906681599999998,"UpdatePolicy":15.100569196,"label":"i2i-monitor-service.js","level":"info","message":"I2I Monitor Results","timestamp":"2025-09-30T02:35:47.483Z"}
{"label":"i2i-client.js","level":"info","message":"Fetching auth token STANDARD for api","timestamp":"2025-09-30T02:40:00.025Z"}
{"label":"i2i-client.js","level":"info","message":"Fetching auth token STANDARD for api","timestamp":"2025-09-30T02:40:00.026Z"}
{"label":"marketing-service.js","level":"info","message":"Start job sommarkampanj-2025-dogs:sommarkampanj-2025","timestamp":"2025-09-30T02:40:00.034Z"}
{"label":"marketing-service-job.js","level":"info","message":"Starting JOB sommarkampanj-2025-dogs:sommarkampanj-2025","timestamp":"2025-09-30T02:40:00.034Z"}
{"label":"marketing-service.js","level":"info","message":"Start job sommarkampanj-2025-dogs:sommarkampanj-2025","timestamp":"2025-09-30T02:40:00.035Z"}
{"label":"marketing-service-job.js","level":"info","message":"Starting JOB sommarkampanj-2025-dogs:sommarkampanj-2025","timestamp":"2025-09-30T02:40:00.035Z"}
{"label":"i2i-client.js","level":"info","message":"Fetching auth token STANDARD for api","timestamp":"2025-09-30T02:40:00.428Z"}
{"label":"marketing-service-job.js","level":"info","message":"Got 0 items to synk","timestamp":"2025-09-30T02:40:00.643Z"}
{"label":"marketing-service-job.js","level":"info","message":"Marketing log written","timestamp":"2025-09-30T02:40:00.643Z"}
{"label":"marketing-service-job.js","level":"info","message":"Post duplicate removal 0 items to synk","timestamp":"2025-09-30T02:40:00.643Z"}
{"label":"marketing-service-job.js","level":"info","message":"No data to sync","timestamp":"2025-09-30T02:40:00.643Z"}
{"label":"marketing-service-job.js","level":"info","message":"Got 0 items to synk","timestamp":"2025-09-30T02:40:00.897Z"}
{"label":"marketing-service-job.js","level":"info","message":"Marketing log written","timestamp":"2025-09-30T02:40:00.897Z"}
{"label":"marketing-service-job.js","level":"info","message":"Post duplicate removal 0 items to synk","timestamp":"2025-09-30T02:40:00.897Z"}
{"label":"marketing-service-job.js","level":"info","message":"No data to sync","timestamp":"2025-09-30T02:40:00.897Z"}
{"label":"i2i-monitor-service.js","level":"error","message":"I2I Monitor error for UpdateClaim Execution Timeout Expired.  The timeout period elapsed prior to completion of the operation or the server is not responding.\r\nOperation cancelled by user.","name":"I2IException","stack":"I2IException: Execution Timeout Expired.  The timeout period elapsed prior to completion of the operation or the server is not responding.\r\nOperation cancelled by user.\n    at post (/opt/api/i2i-sync/source/src/lib/i2i-client/i2i-client.ts:242:19)\n    at processTicksAndRejections (node:internal/process/task_queues:96:5)\n    at I2IClientImpl.i2iPost (/opt/api/i2i-sync/source/src/lib/i2i-client/i2i-client.ts:252:17)\n    at I2IClientImpl.saveClaim (/opt/api/i2i-sync/source/src/lib/i2i-client/i2i-client.ts:581:18)\n    at I2IMonitor.MONITORS [as command] (/opt/api/i2i-sync/source/src/services/i2i-monitor-service.ts:78:5)\n    at I2IMonitor.run (/opt/api/i2i-sync/source/src/services/i2i-monitor-service.ts:39:5)\n    at runMonitors (/opt/api/i2i-sync/source/src/services/i2i-monitor-service.ts:98:29)\n    at Task._execution (/opt/api/i2i-sync/source/src/services/i2i-monitor-service.ts:111:5)","timestamp":"2025-09-30T02:40:33.766Z","type":"I2IException"}
{"label":"i2i-client.js","level":"info","message":"Fetching auth token STANDARD for api","timestamp":"2025-09-30T02:40:33.766Z"}
{"label":"i2i-monitor-service.js","level":"info","message":"I2I Monitor GetClaim: 0.4415","timestamp":"2025-09-30T02:40:34.208Z"}
{"label":"i2i-client.js","level":"info","message":"Fetching auth token STANDARD for api","timestamp":"2025-09-30T02:40:34.208Z"}
{"label":"i2i-client.js","level":"info","message":"Fetching auth token STANDARD for api","timestamp":"2025-09-30T02:40:34.676Z"}
{"label":"i2i-monitor-service.js","level":"info","message":"I2I Monitor UpdateParty: 0.8633","timestamp":"2025-09-30T02:40:35.071Z"}
{"label":"i2i-client.js","level":"info","message":"Fetching auth token STANDARD for api","timestamp":"2025-09-30T02:40:35.071Z"}
{"label":"i2i-monitor-service.js","level":"info","message":"I2I Monitor GetParty: 0.2044","timestamp":"2025-09-30T02:40:35.276Z"}
{"label":"i2i-client.js","level":"info","message":"Fetching auth token STANDARD for api","timestamp":"2025-09-30T02:40:35.276Z"}
{"label":"i2i-client.js","level":"info","message":"Fetching auth token STANDARD for api","timestamp":"2025-09-30T02:40:35.426Z"}
{"label":"i2i-client.js","level":"info","message":"Fetching auth token STANDARD for api","timestamp":"2025-09-30T02:40:35.578Z"}
{"label":"i2i-monitor-service.js","level":"info","message":"I2I Monitor UpdatePolicy: 16.1007","timestamp":"2025-09-30T02:40:51.377Z"}
{"label":"i2i-client.js","level":"info","message":"Fetching auth token STANDARD for api","timestamp":"2025-09-30T02:40:51.377Z"}
{"label":"i2i-monitor-service.js","level":"info","message":"I2I Monitor GetPolicy: 0.1330","timestamp":"2025-09-30T02:40:51.510Z"}
{"GetClaim":0.441472577,"GetParty":0.204384429,"GetPolicy":0.132997631,"UpdateParty":0.863277289,"UpdatePolicy":16.100679939,"label":"i2i-monitor-service.js","level":"info","message":"I2I Monitor Results","timestamp":"2025-09-30T02:40:51.510Z"}
{"label":"i2i-client.js","level":"info","message":"Fetching auth token STANDARD for api","timestamp":"2025-09-30T02:45:00.512Z"}
{"label":"i2i-client.js","level":"info","message":"Fetching auth token STANDARD for api","timestamp":"2025-09-30T02:45:00.512Z"}
{"label":"i2i-client.js","level":"info","message":"Fetching auth token STANDARD for api","timestamp":"2025-09-30T02:45:00.609Z"}
{"label":"i2i-monitor-service.js","level":"info","message":"I2I Monitor UpdateParty: 0.2056","timestamp":"2025-09-30T02:45:00.718Z"}
{"label":"i2i-client.js","level":"info","message":"Fetching auth token STANDARD for api","timestamp":"2025-09-30T02:45:00.718Z"}
{"label":"i2i-monitor-service.js","level":"info","message":"I2I Monitor GetParty: 0.0870","timestamp":"2025-09-30T02:45:00.805Z"}
{"label":"i2i-client.js","level":"info","message":"Fetching auth token STANDARD for api","timestamp":"2025-09-30T02:45:00.805Z"}
{"label":"i2i-client.js","level":"info","message":"Fetching auth token STANDARD for api","timestamp":"2025-09-30T02:45:00.912Z"}
{"label":"i2i-client.js","level":"info","message":"Fetching auth token STANDARD for api","timestamp":"2025-09-30T02:45:01.016Z"}
{"label":"i2i-monitor-service.js","level":"info","message":"I2I Monitor UpdatePolicy: 15.0554","timestamp":"2025-09-30T02:45:15.861Z"}
{"label":"i2i-client.js","level":"info","message":"Fetching auth token STANDARD for api","timestamp":"2025-09-30T02:45:15.861Z"}
{"label":"i2i-monitor-service.js","level":"info","message":"I2I Monitor GetPolicy: 0.0952","timestamp":"2025-09-30T02:45:15.956Z"}
{"label":"i2i-client.js","level":"info","message":"Fetching auth token STANDARD for api","timestamp":"2025-09-30T02:45:15.956Z"}
{"label":"i2i-monitor-service.js","level":"info","message":"I2I Monitor GetClaim: 0.1557","timestamp":"2025-09-30T02:45:16.112Z"}
{"label":"i2i-client.js","level":"info","message":"Fetching auth token STANDARD for api","timestamp":"2025-09-30T02:45:16.112Z"}
{"label":"i2i-client.js","level":"info","message":"Fetching auth token STANDARD for api","timestamp":"2025-09-30T02:45:16.250Z"}
{"label":"i2i-monitor-service.js","level":"info","message":"I2I Monitor UpdateClaim: 1.9306","timestamp":"2025-09-30T02:45:18.042Z"}
{"GetClaim":0.155716508,"GetParty":0.086977393,"GetPolicy":0.09520043099999999,"UpdateClaim":1.930560197,"UpdateParty":0.205573676,"UpdatePolicy":15.055365681,"label":"i2i-monitor-service.js","level":"info","message":"I2I Monitor Results","timestamp":"2025-09-30T02:45:18.043Z"}
{"label":"i2i-client.js","level":"info","message":"Fetching auth token STANDARD for api","timestamp":"2025-09-30T02:50:00.782Z"}
{"label":"i2i-client.js","level":"info","message":"Fetching auth token STANDARD for api","timestamp":"2025-09-30T02:50:00.782Z"}
{"label":"marketing-service.js","level":"info","message":"Start job sommarkampanj-2025-dogs:sommarkampanj-2025","timestamp":"2025-09-30T02:50:00.801Z"}
{"label":"marketing-service-job.js","level":"info","message":"Starting JOB sommarkampanj-2025-dogs:sommarkampanj-2025","timestamp":"2025-09-30T02:50:00.802Z"}
{"label":"marketing-service.js","level":"info","message":"Start job sommarkampanj-2025-dogs:sommarkampanj-2025","timestamp":"2025-09-30T02:50:00.805Z"}
{"label":"marketing-service-job.js","level":"info","message":"Starting JOB sommarkampanj-2025-dogs:sommarkampanj-2025","timestamp":"2025-09-30T02:50:00.805Z"}
{"label":"i2i-client.js","level":"info","message":"Fetching auth token STANDARD for api","timestamp":"2025-09-30T02:50:00.892Z"}
{"label":"i2i-client.js","level":"info","message":"Fetching auth token STANDARD for api","timestamp":"2025-09-30T02:50:01.046Z"}
{"label":"marketing-service-job.js","level":"info","message":"Got 0 items to synk","timestamp":"2025-09-30T02:50:01.410Z"}
{"label":"marketing-service-job.js","level":"info","message":"Marketing log written","timestamp":"2025-09-30T02:50:01.410Z"}
{"label":"marketing-service-job.js","level":"info","message":"Post duplicate removal 0 items to synk","timestamp":"2025-09-30T02:50:01.410Z"}
{"label":"marketing-service-job.js","level":"info","message":"No data to sync","timestamp":"2025-09-30T02:50:01.410Z"}
{"label":"marketing-service-job.js","level":"info","message":"Got 0 items to synk","timestamp":"2025-09-30T02:50:01.620Z"}
{"label":"marketing-service-job.js","level":"info","message":"Marketing log written","timestamp":"2025-09-30T02:50:01.620Z"}
{"label":"marketing-service-job.js","level":"info","message":"Post duplicate removal 0 items to synk","timestamp":"2025-09-30T02:50:01.620Z"}
{"label":"marketing-service-job.js","level":"info","message":"No data to sync","timestamp":"2025-09-30T02:50:01.620Z"}
{"label":"i2i-monitor-service.js","level":"info","message":"I2I Monitor UpdatePolicy: 16.6764","timestamp":"2025-09-30T02:50:17.459Z"}
{"label":"i2i-client.js","level":"info","message":"Fetching auth token STANDARD for api","timestamp":"2025-09-30T02:50:17.459Z"}
{"label":"i2i-client.js","level":"info","message":"Fetching auth token STANDARD for api","timestamp":"2025-09-30T02:50:17.599Z"}
{"label":"i2i-monitor-service.js","level":"info","message":"I2I Monitor UpdateClaim: 1.6220","timestamp":"2025-09-30T02:50:19.081Z"}
{"label":"i2i-client.js","level":"info","message":"Fetching auth token STANDARD for api","timestamp":"2025-09-30T02:50:19.081Z"}
{"label":"i2i-monitor-service.js","level":"info","message":"I2I Monitor GetClaim: 0.1340","timestamp":"2025-09-30T02:50:19.215Z"}
{"label":"i2i-client.js","level":"info","message":"Fetching auth token STANDARD for api","timestamp":"2025-09-30T02:50:19.215Z"}
{"label":"i2i-client.js","level":"info","message":"Fetching auth token STANDARD for api","timestamp":"2025-09-30T02:50:19.311Z"}
{"label":"i2i-monitor-service.js","level":"info","message":"I2I Monitor UpdateParty: 0.2139","timestamp":"2025-09-30T02:50:19.429Z"}
{"label":"i2i-client.js","level":"info","message":"Fetching auth token STANDARD for api","timestamp":"2025-09-30T02:50:19.429Z"}
{"label":"i2i-monitor-service.js","level":"info","message":"I2I Monitor GetPolicy: 0.0930","timestamp":"2025-09-30T02:50:19.522Z"}
{"label":"i2i-client.js","level":"info","message":"Fetching auth token STANDARD for api","timestamp":"2025-09-30T02:50:19.522Z"}
{"label":"i2i-monitor-service.js","level":"info","message":"I2I Monitor GetParty: 0.0822","timestamp":"2025-09-30T02:50:19.604Z"}
{"GetClaim":0.13395505800000002,"GetParty":0.082177527,"GetPolicy":0.09301254199999999,"UpdateClaim":1.621996834,"UpdateParty":0.213928538,"UpdatePolicy":16.676356426999998,"label":"i2i-monitor-service.js","level":"info","message":"I2I Monitor Results","timestamp":"2025-09-30T02:50:19.605Z"}
{"label":"i2i-client.js","level":"info","message":"Fetching auth token STANDARD for api","timestamp":"2025-09-30T02:55:00.060Z"}
{"label":"i2i-client.js","level":"info","message":"Fetching auth token STANDARD for api","timestamp":"2025-09-30T02:55:00.061Z"}
{"label":"i2i-client.js","level":"info","message":"Fetching auth token STANDARD for api","timestamp":"2025-09-30T02:55:00.190Z"}
{"label":"i2i-monitor-service.js","level":"info","message":"I2I Monitor UpdateClaim: 1.5473","timestamp":"2025-09-30T02:55:01.608Z"}
{"label":"i2i-client.js","level":"info","message":"Fetching auth token STANDARD for api","timestamp":"2025-09-30T02:55:01.608Z"}
{"label":"i2i-monitor-service.js","level":"info","message":"I2I Monitor GetParty: 0.0783","timestamp":"2025-09-30T02:55:01.687Z"}
{"label":"i2i-client.js","level":"info","message":"Fetching auth token STANDARD for api","timestamp":"2025-09-30T02:55:01.687Z"}
{"label":"i2i-client.js","level":"info","message":"Fetching auth token STANDARD for api","timestamp":"2025-09-30T02:55:01.772Z"}
{"label":"i2i-client.js","level":"info","message":"Fetching auth token STANDARD for api","timestamp":"2025-09-30T02:55:01.875Z"}
{"label":"i2i-monitor-service.js","level":"info","message":"I2I Monitor UpdatePolicy: 8.9579","timestamp":"2025-09-30T02:55:10.645Z"}
{"label":"i2i-client.js","level":"info","message":"Fetching auth token STANDARD for api","timestamp":"2025-09-30T02:55:10.645Z"}
{"label":"i2i-monitor-service.js","level":"info","message":"I2I Monitor GetClaim: 0.1294","timestamp":"2025-09-30T02:55:10.774Z"}
{"label":"i2i-client.js","level":"info","message":"Fetching auth token STANDARD for api","timestamp":"2025-09-30T02:55:10.774Z"}
{"label":"i2i-client.js","level":"info","message":"Fetching auth token STANDARD for api","timestamp":"2025-09-30T02:55:10.858Z"}
{"label":"i2i-monitor-service.js","level":"info","message":"I2I Monitor UpdateParty: 0.1871","timestamp":"2025-09-30T02:55:10.961Z"}
{"label":"i2i-client.js","level":"info","message":"Fetching auth token STANDARD for api","timestamp":"2025-09-30T02:55:10.962Z"}
{"label":"i2i-monitor-service.js","level":"info","message":"I2I Monitor GetPolicy: 0.1020","timestamp":"2025-09-30T02:55:11.064Z"}
{"GetClaim":0.129379541,"GetParty":0.078345274,"GetPolicy":0.102026648,"UpdateClaim":1.547334563,"UpdateParty":0.18714204899999998,"UpdatePolicy":8.957903736,"label":"i2i-monitor-service.js","level":"info","message":"I2I Monitor Results","timestamp":"2025-09-30T02:55:11.064Z"}
{"label":"i2i-client.js","level":"info","message":"Fetching auth token STANDARD for api","timestamp":"2025-09-30T03:00:00.369Z"}
{"label":"i2i-client.js","level":"info","message":"Fetching auth token STANDARD for api","timestamp":"2025-09-30T03:00:00.370Z"}
{"label":"marketing-service.js","level":"info","message":"Start job sommarkampanj-2025-dogs:sommarkampanj-2025","timestamp":"2025-09-30T03:00:00.386Z"}
{"label":"marketing-service-job.js","level":"info","message":"Starting JOB sommarkampanj-2025-dogs:sommarkampanj-2025","timestamp":"2025-09-30T03:00:00.386Z"}
{"label":"marketing-service.js","level":"info","message":"Start job sommarkampanj-2025-dogs:sommarkampanj-2025","timestamp":"2025-09-30T03:00:00.387Z"}
{"label":"marketing-service-job.js","level":"info","message":"Starting JOB sommarkampanj-2025-dogs:sommarkampanj-2025","timestamp":"2025-09-30T03:00:00.387Z"}
{"label":"i2i-db-monitor-service.js","level":"info","message":"I2I DB Monitor ProfilerLastHour@Execution: 0.0280","timestamp":"2025-09-30T03:00:00.400Z"}
{"label":"i2i-db-monitor-service.js","level":"info","message":"I2I DB Monitor ProfilerLastHour@TotalCount: 4.0000","timestamp":"2025-09-30T03:00:00.400Z"}
{"label":"i2i-db-monitor-service.js","level":"info","message":"I2I DB Monitor ProfilerLastHour@Count: 0.0000","timestamp":"2025-09-30T03:00:00.400Z"}
{"label":"i2i-db-monitor-service.js","level":"info","message":"I2I DB Monitor ProfilerLastHour@ErrorCount: 0.0000","timestamp":"2025-09-30T03:00:00.400Z"}
{"label":"i2i-db-monitor-service.js","level":"info","message":"I2I DB Monitor ProfilerLastHour@CountTimeout: 4.0000","timestamp":"2025-09-30T03:00:00.400Z"}
{"label":"i2i-db-monitor-service.js","level":"info","message":"I2I DB Monitor ProfilerLastHour@AvgDuration: 0.0000","timestamp":"2025-09-30T03:00:00.400Z"}
{"label":"i2i-db-monitor-service.js","level":"info","message":"I2I DB Monitor ProfilerLastHour@TotalDuration: 0.0000","timestamp":"2025-09-30T03:00:00.400Z"}
{"label":"i2i-db-monitor-service.js","level":"info","message":"I2I DB Monitor ProfilerLastHour@AvgDurationTimeout: 30006931.5000","timestamp":"2025-09-30T03:00:00.400Z"}
{"label":"i2i-db-monitor-service.js","level":"info","message":"I2I DB Monitor ProfilerLastHour@TotalDurationTiemout: 120027726.0000","timestamp":"2025-09-30T03:00:00.400Z"}
{"label":"i2i-db-monitor-service.js","level":"info","message":"I2I DB Monitor ProfilerPrevHour@Execution: 0.0218","timestamp":"2025-09-30T03:00:00.422Z"}
{"label":"i2i-db-monitor-service.js","level":"info","message":"I2I DB Monitor ProfilerPrevHour@TotalCount: 0.0000","timestamp":"2025-09-30T03:00:00.422Z"}
{"label":"i2i-db-monitor-service.js","level":"info","message":"I2I DB Monitor ProfilerPrevHour@Count: 0.0000","timestamp":"2025-09-30T03:00:00.422Z"}
{"label":"i2i-db-monitor-service.js","level":"info","message":"I2I DB Monitor ProfilerPrevHour@ErrorCount: 0.0000","timestamp":"2025-09-30T03:00:00.422Z"}
{"label":"i2i-db-monitor-service.js","level":"info","message":"I2I DB Monitor ProfilerPrevHour@CountTimeout: 0.0000","timestamp":"2025-09-30T03:00:00.422Z"}
{"label":"i2i-db-monitor-service.js","level":"info","message":"I2I DB Monitor ProfilerPrevHour@AvgDuration: 0.0000","timestamp":"2025-09-30T03:00:00.422Z"}
{"label":"i2i-db-monitor-service.js","level":"info","message":"I2I DB Monitor ProfilerPrevHour@TotalDuration: 0.0000","timestamp":"2025-09-30T03:00:00.422Z"}
{"label":"i2i-db-monitor-service.js","level":"info","message":"I2I DB Monitor ProfilerPrevHour@AvgDurationTimeout: 0.0000","timestamp":"2025-09-30T03:00:00.422Z"}
{"label":"i2i-db-monitor-service.js","level":"info","message":"I2I DB Monitor ProfilerPrevHour@TotalDurationTiemout: 0.0000","timestamp":"2025-09-30T03:00:00.422Z"}
{"ProfilerLastHour_AvgDuration":0,"ProfilerLastHour_AvgDurationTimeout":30006931.5,"ProfilerLastHour_Count":0,"ProfilerLastHour_CountTimeout":4,"ProfilerLastHour_ErrorCount":0,"ProfilerLastHour_TotalCount":4,"ProfilerLastHour_TotalDuration":0,"ProfilerLastHour_TotalDurationTiemout":120027726,"ProfilerPrevHour_AvgDuration":0,"ProfilerPrevHour_AvgDurationTimeout":0,"ProfilerPrevHour_Count":0,"ProfilerPrevHour_CountTimeout":0,"ProfilerPrevHour_ErrorCount":0,"ProfilerPrevHour_TotalCount":0,"ProfilerPrevHour_TotalDuration":0,"ProfilerPrevHour_TotalDurationTiemout":0,"label":"i2i-db-monitor-service.js","level":"info","message":"I2I DB Monitor Results","timestamp":"2025-09-30T03:00:00.422Z"}
{"label":"i2i-client.js","level":"info","message":"Fetching auth token STANDARD for api","timestamp":"2025-09-30T03:00:00.598Z"}
{"label":"marketing-service-job.js","level":"info","message":"Got 0 items to synk","timestamp":"2025-09-30T03:00:00.825Z"}
{"label":"marketing-service-job.js","level":"info","message":"Marketing log written","timestamp":"2025-09-30T03:00:00.825Z"}
{"label":"marketing-service-job.js","level":"info","message":"Post duplicate removal 0 items to synk","timestamp":"2025-09-30T03:00:00.825Z"}
{"label":"marketing-service-job.js","level":"info","message":"No data to sync","timestamp":"2025-09-30T03:00:00.825Z"}
{"label":"marketing-service-job.js","level":"info","message":"Got 0 items to synk","timestamp":"2025-09-30T03:00:00.979Z"}
{"label":"marketing-service-job.js","level":"info","message":"Marketing log written","timestamp":"2025-09-30T03:00:00.979Z"}
{"label":"marketing-service-job.js","level":"info","message":"Post duplicate removal 0 items to synk","timestamp":"2025-09-30T03:00:00.979Z"}
{"label":"marketing-service-job.js","level":"info","message":"No data to sync","timestamp":"2025-09-30T03:00:00.979Z"}
{"label":"i2i-monitor-service.js","level":"info","message":"I2I Monitor UpdateClaim: 2.0801","timestamp":"2025-09-30T03:00:02.450Z"}
{"label":"i2i-client.js","level":"info","message":"Fetching auth token STANDARD for api","timestamp":"2025-09-30T03:00:02.450Z"}
{"label":"i2i-monitor-service.js","level":"info","message":"I2I Monitor GetPolicy: 0.1103","timestamp":"2025-09-30T03:00:02.560Z"}
{"label":"i2i-client.js","level":"info","message":"Fetching auth token STANDARD for api","timestamp":"2025-09-30T03:00:02.560Z"}
{"label":"i2i-monitor-service.js","level":"info","message":"I2I Monitor GetParty: 0.0827","timestamp":"2025-09-30T03:00:02.643Z"}
{"label":"i2i-client.js","level":"info","message":"Fetching auth token STANDARD for api","timestamp":"2025-09-30T03:00:02.643Z"}
{"label":"i2i-client.js","level":"info","message":"Fetching auth token STANDARD for api","timestamp":"2025-09-30T03:00:02.725Z"}
{"label":"i2i-monitor-service.js","level":"info","message":"I2I Monitor UpdateParty: 0.1711","timestamp":"2025-09-30T03:00:02.814Z"}
{"label":"i2i-client.js","level":"info","message":"Fetching auth token STANDARD for api","timestamp":"2025-09-30T03:00:02.814Z"}
{"label":"i2i-client.js","level":"info","message":"Fetching auth token STANDARD for api","timestamp":"2025-09-30T03:00:02.901Z"}
{"label":"i2i-client.js","level":"info","message":"Fetching auth token STANDARD for api","timestamp":"2025-09-30T03:00:02.988Z"}
{"label":"i2i-monitor-service.js","level":"info","message":"I2I Monitor UpdatePolicy: 8.8068","timestamp":"2025-09-30T03:00:11.621Z"}
{"label":"i2i-client.js","level":"info","message":"Fetching auth token STANDARD for api","timestamp":"2025-09-30T03:00:11.621Z"}
{"label":"i2i-monitor-service.js","level":"info","message":"I2I Monitor GetClaim: 0.1285","timestamp":"2025-09-30T03:00:11.750Z"}
{"GetClaim":0.128499209,"GetParty":0.08265705400000001,"GetPolicy":0.11025870500000001,"UpdateClaim":2.080067696,"UpdateParty":0.171112678,"UpdatePolicy":8.806821156,"label":"i2i-monitor-service.js","level":"info","message":"I2I Monitor Results","timestamp":"2025-09-30T03:00:11.750Z"}
{"label":"i2i-client.js","level":"info","message":"Fetching auth token STANDARD for api","timestamp":"2025-09-30T03:05:00.692Z"}
{"label":"i2i-client.js","level":"info","message":"Fetching auth token STANDARD for api","timestamp":"2025-09-30T03:05:00.692Z"}
{"label":"i2i-monitor-service.js","level":"info","message":"I2I Monitor GetParty: 0.1409","timestamp":"2025-09-30T03:05:00.833Z"}
{"label":"i2i-client.js","level":"info","message":"Fetching auth token STANDARD for api","timestamp":"2025-09-30T03:05:00.833Z"}
{"label":"i2i-client.js","level":"info","message":"Fetching auth token STANDARD for api","timestamp":"2025-09-30T03:05:01.505Z"}
{"label":"i2i-monitor-service.js","level":"error","message":"I2I Monitor error for UpdateClaim Execution Timeout Expired.  The timeout period elapsed prior to completion of the operation or the server is not responding.\r\nOperation cancelled by user.","name":"I2IException","stack":"I2IException: Execution Timeout Expired.  The timeout period elapsed prior to completion of the operation or the server is not responding.\r\nOperation cancelled by user.\n    at post (/opt/api/i2i-sync/source/src/lib/i2i-client/i2i-client.ts:242:19)\n    at processTicksAndRejections (node:internal/process/task_queues:96:5)\n    at I2IClientImpl.i2iPost (/opt/api/i2i-sync/source/src/lib/i2i-client/i2i-client.ts:252:17)\n    at I2IClientImpl.saveClaim (/opt/api/i2i-sync/source/src/lib/i2i-client/i2i-client.ts:581:18)\n    at I2IMonitor.MONITORS [as command] (/opt/api/i2i-sync/source/src/services/i2i-monitor-service.ts:78:5)\n    at I2IMonitor.run (/opt/api/i2i-sync/source/src/services/i2i-monitor-service.ts:39:5)\n    at runMonitors (/opt/api/i2i-sync/source/src/services/i2i-monitor-service.ts:98:29)\n    at Task._execution (/opt/api/i2i-sync/source/src/services/i2i-monitor-service.ts:111:5)","timestamp":"2025-09-30T03:05:34.507Z","type":"I2IException"}
{"label":"i2i-client.js","level":"info","message":"Fetching auth token STANDARD for api","timestamp":"2025-09-30T03:05:34.507Z"}
{"label":"i2i-monitor-service.js","level":"info","message":"I2I Monitor GetPolicy: 0.1194","timestamp":"2025-09-30T03:05:34.626Z"}
{"label":"i2i-client.js","level":"info","message":"Fetching auth token STANDARD for api","timestamp":"2025-09-30T03:05:34.626Z"}
{"label":"i2i-monitor-service.js","level":"info","message":"I2I Monitor GetClaim: 0.1800","timestamp":"2025-09-30T03:05:34.806Z"}
{"label":"i2i-client.js","level":"info","message":"Fetching auth token STANDARD for api","timestamp":"2025-09-30T03:05:34.806Z"}
{"label":"i2i-client.js","level":"info","message":"Fetching auth token STANDARD for api","timestamp":"2025-09-30T03:05:34.913Z"}
{"label":"i2i-monitor-service.js","level":"info","message":"I2I Monitor UpdateParty: 0.2535","timestamp":"2025-09-30T03:05:35.060Z"}
{"label":"i2i-client.js","level":"info","message":"Fetching auth token STANDARD for api","timestamp":"2025-09-30T03:05:35.060Z"}
{"label":"i2i-client.js","level":"info","message":"Fetching auth token STANDARD for api","timestamp":"2025-09-30T03:05:35.181Z"}
{"label":"i2i-client.js","level":"info","message":"Fetching auth token STANDARD for api","timestamp":"2025-09-30T03:05:35.285Z"}
{"label":"i2i-monitor-service.js","level":"info","message":"I2I Monitor UpdatePolicy: 33.5975","timestamp":"2025-09-30T03:06:08.658Z"}
{"GetClaim":0.180020635,"GetParty":0.140936425,"GetPolicy":0.119391559,"UpdateParty":0.25349104299999997,"UpdatePolicy":33.597524055,"label":"i2i-monitor-service.js","level":"info","message":"I2I Monitor Results","timestamp":"2025-09-30T03:06:08.658Z"}
{"label":"i2i-client.js","level":"info","message":"Fetching auth token STANDARD for api","timestamp":"2025-09-30T03:10:00.155Z"}
{"label":"i2i-client.js","level":"info","message":"Fetching auth token STANDARD for api","timestamp":"2025-09-30T03:10:00.155Z"}
{"label":"marketing-service.js","level":"info","message":"Start job sommarkampanj-2025-dogs:sommarkampanj-2025","timestamp":"2025-09-30T03:10:00.167Z"}
{"label":"marketing-service-job.js","level":"info","message":"Starting JOB sommarkampanj-2025-dogs:sommarkampanj-2025","timestamp":"2025-09-30T03:10:00.167Z"}
{"label":"marketing-service.js","level":"info","message":"Start job sommarkampanj-2025-dogs:sommarkampanj-2025","timestamp":"2025-09-30T03:10:00.168Z"}
{"label":"marketing-service-job.js","level":"info","message":"Starting JOB sommarkampanj-2025-dogs:sommarkampanj-2025","timestamp":"2025-09-30T03:10:00.168Z"}
{"label":"i2i-client.js","level":"info","message":"Fetching auth token STANDARD for api","timestamp":"2025-09-30T03:10:00.317Z"}
{"label":"i2i-client.js","level":"info","message":"Fetching auth token STANDARD for api","timestamp":"2025-09-30T03:10:00.499Z"}
{"label":"marketing-service-job.js","level":"info","message":"Got 0 items to synk","timestamp":"2025-09-30T03:10:01.154Z"}
{"label":"marketing-service-job.js","level":"info","message":"Marketing log written","timestamp":"2025-09-30T03:10:01.154Z"}
{"label":"marketing-service-job.js","level":"info","message":"Post duplicate removal 0 items to synk","timestamp":"2025-09-30T03:10:01.154Z"}
{"label":"marketing-service-job.js","level":"info","message":"No data to sync","timestamp":"2025-09-30T03:10:01.154Z"}
{"label":"marketing-service-job.js","level":"info","message":"Got 0 items to synk","timestamp":"2025-09-30T03:10:01.498Z"}
{"label":"marketing-service-job.js","level":"info","message":"Marketing log written","timestamp":"2025-09-30T03:10:01.498Z"}
{"label":"marketing-service-job.js","level":"info","message":"Post duplicate removal 0 items to synk","timestamp":"2025-09-30T03:10:01.498Z"}
{"label":"marketing-service-job.js","level":"info","message":"No data to sync","timestamp":"2025-09-30T03:10:01.498Z"}
{"label":"i2i-monitor-service.js","level":"info","message":"I2I Monitor UpdatePolicy: 16.6744","timestamp":"2025-09-30T03:10:16.830Z"}
{"label":"i2i-client.js","level":"info","message":"Fetching auth token STANDARD for api","timestamp":"2025-09-30T03:10:16.830Z"}
{"label":"i2i-monitor-service.js","level":"info","message":"I2I Monitor GetPolicy: 0.1223","timestamp":"2025-09-30T03:10:16.952Z"}
{"label":"i2i-client.js","level":"info","message":"Fetching auth token STANDARD for api","timestamp":"2025-09-30T03:10:16.952Z"}
{"label":"i2i-client.js","level":"info","message":"Fetching auth token STANDARD for api","timestamp":"2025-09-30T03:10:17.560Z"}
{"label":"i2i-monitor-service.js","level":"info","message":"I2I Monitor UpdateClaim: 4.1793","timestamp":"2025-09-30T03:10:21.132Z"}
{"label":"i2i-client.js","level":"info","message":"Fetching auth token STANDARD for api","timestamp":"2025-09-30T03:10:21.132Z"}
{"label":"i2i-monitor-service.js","level":"info","message":"I2I Monitor GetParty: 0.1665","timestamp":"2025-09-30T03:10:21.298Z"}
{"label":"i2i-client.js","level":"info","message":"Fetching auth token STANDARD for api","timestamp":"2025-09-30T03:10:21.298Z"}
{"label":"i2i-monitor-service.js","level":"info","message":"I2I Monitor GetClaim: 0.2039","timestamp":"2025-09-30T03:10:21.502Z"}
{"label":"i2i-client.js","level":"info","message":"Fetching auth token STANDARD for api","timestamp":"2025-09-30T03:10:21.502Z"}
{"label":"i2i-client.js","level":"info","message":"Fetching auth token STANDARD for api","timestamp":"2025-09-30T03:10:21.636Z"}
{"label":"i2i-monitor-service.js","level":"info","message":"I2I Monitor UpdateParty: 1.4605","timestamp":"2025-09-30T03:10:22.963Z"}
{"GetClaim":0.20388399000000001,"GetParty":0.16646877000000002,"GetPolicy":0.122281233,"UpdateClaim":4.179286926,"UpdateParty":1.460540231,"UpdatePolicy":16.674432759,"label":"i2i-monitor-service.js","level":"info","message":"I2I Monitor Results","timestamp":"2025-09-30T03:10:22.963Z"}
{"label":"i2i-client.js","level":"info","message":"Fetching auth token STANDARD for api","timestamp":"2025-09-30T03:15:00.488Z"}
{"label":"i2i-client.js","level":"info","message":"Fetching auth token STANDARD for api","timestamp":"2025-09-30T03:15:00.489Z"}
{"label":"i2i-monitor-service.js","level":"info","message":"I2I Monitor GetPolicy: 0.0979","timestamp":"2025-09-30T03:15:00.587Z"}
{"label":"i2i-client.js","level":"info","message":"Fetching auth token STANDARD for api","timestamp":"2025-09-30T03:15:00.587Z"}
{"label":"i2i-monitor-service.js","level":"info","message":"I2I Monitor GetParty: 0.0948","timestamp":"2025-09-30T03:15:00.681Z"}
{"label":"i2i-client.js","level":"info","message":"Fetching auth token STANDARD for api","timestamp":"2025-09-30T03:15:00.682Z"}
{"label":"i2i-client.js","level":"info","message":"Fetching auth token STANDARD for api","timestamp":"2025-09-30T03:15:00.948Z"}
{"label":"i2i-monitor-service.js","level":"info","message":"I2I Monitor UpdateClaim: 1.8767","timestamp":"2025-09-30T03:15:02.558Z"}
{"label":"i2i-client.js","level":"info","message":"Fetching auth token STANDARD for api","timestamp":"2025-09-30T03:15:02.558Z"}
{"label":"i2i-monitor-service.js","level":"info","message":"I2I Monitor GetClaim: 0.1124","timestamp":"2025-09-30T03:15:02.671Z"}
{"label":"i2i-client.js","level":"info","message":"Fetching auth token STANDARD for api","timestamp":"2025-09-30T03:15:02.671Z"}
{"label":"i2i-client.js","level":"info","message":"Fetching auth token STANDARD for api","timestamp":"2025-09-30T03:15:02.758Z"}
{"label":"i2i-client.js","level":"info","message":"Fetching auth token STANDARD for api","timestamp":"2025-09-30T03:15:02.842Z"}
{"label":"i2i-monitor-service.js","level":"info","message":"I2I Monitor UpdatePolicy: 8.7642","timestamp":"2025-09-30T03:15:11.435Z"}
{"label":"i2i-client.js","level":"info","message":"Fetching auth token STANDARD for api","timestamp":"2025-09-30T03:15:11.435Z"}
{"label":"i2i-client.js","level":"info","message":"Fetching auth token STANDARD for api","timestamp":"2025-09-30T03:15:11.516Z"}
{"label":"i2i-monitor-service.js","level":"info","message":"I2I Monitor UpdateParty: 0.1823","timestamp":"2025-09-30T03:15:11.618Z"}
{"GetClaim":0.11235105799999999,"GetParty":0.094764581,"GetPolicy":0.097883218,"UpdateClaim":1.876650742,"UpdateParty":0.18234895,"UpdatePolicy":8.764196635000001,"label":"i2i-monitor-service.js","level":"info","message":"I2I Monitor Results","timestamp":"2025-09-30T03:15:11.618Z"}
{"label":"i2i-client.js","level":"info","message":"Fetching auth token STANDARD for api","timestamp":"2025-09-30T03:20:00.790Z"}
{"label":"i2i-client.js","level":"info","message":"Fetching auth token STANDARD for api","timestamp":"2025-09-30T03:20:00.790Z"}
{"label":"marketing-service.js","level":"info","message":"Start job sommarkampanj-2025-dogs:sommarkampanj-2025","timestamp":"2025-09-30T03:20:00.801Z"}
{"label":"marketing-service-job.js","level":"info","message":"Starting JOB sommarkampanj-2025-dogs:sommarkampanj-2025","timestamp":"2025-09-30T03:20:00.802Z"}
{"label":"marketing-service.js","level":"info","message":"Start job sommarkampanj-2025-dogs:sommarkampanj-2025","timestamp":"2025-09-30T03:20:00.804Z"}
{"label":"marketing-service-job.js","level":"info","message":"Starting JOB sommarkampanj-2025-dogs:sommarkampanj-2025","timestamp":"2025-09-30T03:20:00.804Z"}
{"label":"i2i-monitor-service.js","level":"info","message":"I2I Monitor GetParty: 0.0818","timestamp":"2025-09-30T03:20:00.872Z"}
{"label":"i2i-client.js","level":"info","message":"Fetching auth token STANDARD for api","timestamp":"2025-09-30T03:20:00.872Z"}
{"label":"i2i-client.js","level":"info","message":"Fetching auth token STANDARD for api","timestamp":"2025-09-30T03:20:00.946Z"}
{"label":"i2i-monitor-service.js","level":"info","message":"I2I Monitor UpdateParty: 0.1592","timestamp":"2025-09-30T03:20:01.032Z"}
{"label":"i2i-client.js","level":"info","message":"Fetching auth token STANDARD for api","timestamp":"2025-09-30T03:20:01.032Z"}
{"label":"i2i-monitor-service.js","level":"info","message":"I2I Monitor GetPolicy: 0.0883","timestamp":"2025-09-30T03:20:01.120Z"}
{"label":"i2i-client.js","level":"info","message":"Fetching auth token STANDARD for api","timestamp":"2025-09-30T03:20:01.120Z"}
{"label":"i2i-client.js","level":"info","message":"Fetching auth token STANDARD for api","timestamp":"2025-09-30T03:20:01.369Z"}
{"label":"marketing-service-job.js","level":"info","message":"Got 0 items to synk","timestamp":"2025-09-30T03:20:02.226Z"}
{"label":"marketing-service-job.js","level":"info","message":"Marketing log written","timestamp":"2025-09-30T03:20:02.226Z"}
{"label":"marketing-service-job.js","level":"info","message":"Post duplicate removal 0 items to synk","timestamp":"2025-09-30T03:20:02.226Z"}
{"label":"marketing-service-job.js","level":"info","message":"No data to sync","timestamp":"2025-09-30T03:20:02.226Z"}
{"label":"marketing-service-job.js","level":"info","message":"Got 0 items to synk","timestamp":"2025-09-30T03:20:02.901Z"}
{"label":"marketing-service-job.js","level":"info","message":"Marketing log written","timestamp":"2025-09-30T03:20:02.901Z"}
{"label":"marketing-service-job.js","level":"info","message":"Post duplicate removal 0 items to synk","timestamp":"2025-09-30T03:20:02.901Z"}
{"label":"marketing-service-job.js","level":"info","message":"No data to sync","timestamp":"2025-09-30T03:20:02.901Z"}
{"label":"i2i-monitor-service.js","level":"info","message":"I2I Monitor UpdateClaim: 1.8487","timestamp":"2025-09-30T03:20:02.969Z"}
{"label":"i2i-client.js","level":"info","message":"Fetching auth token STANDARD for api","timestamp":"2025-09-30T03:20:02.969Z"}
{"label":"i2i-monitor-service.js","level":"info","message":"I2I Monitor GetClaim: 0.1254","timestamp":"2025-09-30T03:20:03.094Z"}
{"label":"i2i-client.js","level":"info","message":"Fetching auth token STANDARD for api","timestamp":"2025-09-30T03:20:03.095Z"}
{"label":"i2i-client.js","level":"info","message":"Fetching auth token STANDARD for api","timestamp":"2025-09-30T03:20:03.178Z"}
{"label":"i2i-client.js","level":"info","message":"Fetching auth token STANDARD for api","timestamp":"2025-09-30T03:20:03.261Z"}
{"label":"i2i-monitor-service.js","level":"info","message":"I2I Monitor UpdatePolicy: 9.0803","timestamp":"2025-09-30T03:20:12.175Z"}
{"GetClaim":0.125384506,"GetParty":0.081800436,"GetPolicy":0.08826996200000001,"UpdateClaim":1.848720084,"UpdateParty":0.159216377,"UpdatePolicy":9.080336337999999,"label":"i2i-monitor-service.js","level":"info","message":"I2I Monitor Results","timestamp":"2025-09-30T03:20:12.175Z"}
{"label":"i2i-client.js","level":"info","message":"Fetching auth token STANDARD for api","timestamp":"2025-09-30T03:25:00.110Z"}
{"label":"i2i-client.js","level":"info","message":"Fetching auth token STANDARD for api","timestamp":"2025-09-30T03:25:00.110Z"}
{"label":"i2i-client.js","level":"info","message":"Fetching auth token STANDARD for api","timestamp":"2025-09-30T03:25:00.199Z"}
{"label":"i2i-monitor-service.js","level":"info","message":"I2I Monitor UpdateParty: 0.1886","timestamp":"2025-09-30T03:25:00.299Z"}
{"label":"i2i-client.js","level":"info","message":"Fetching auth token STANDARD for api","timestamp":"2025-09-30T03:25:00.299Z"}
{"label":"i2i-client.js","level":"info","message":"Fetching auth token STANDARD for api","timestamp":"2025-09-30T03:25:00.389Z"}
{"label":"i2i-client.js","level":"info","message":"Fetching auth token STANDARD for api","timestamp":"2025-09-30T03:25:00.476Z"}
{"label":"i2i-monitor-service.js","level":"info","message":"I2I Monitor UpdatePolicy: 9.1663","timestamp":"2025-09-30T03:25:09.465Z"}
{"label":"i2i-client.js","level":"info","message":"Fetching auth token STANDARD for api","timestamp":"2025-09-30T03:25:09.465Z"}
{"label":"i2i-client.js","level":"info","message":"Fetching auth token STANDARD for api","timestamp":"2025-09-30T03:25:09.591Z"}
{"label":"i2i-monitor-service.js","level":"info","message":"I2I Monitor UpdateClaim: 1.7263","timestamp":"2025-09-30T03:25:11.192Z"}
{"label":"i2i-client.js","level":"info","message":"Fetching auth token STANDARD for api","timestamp":"2025-09-30T03:25:11.192Z"}
{"label":"i2i-monitor-service.js","level":"info","message":"I2I Monitor GetPolicy: 0.6722","timestamp":"2025-09-30T03:25:11.864Z"}
{"label":"i2i-client.js","level":"info","message":"Fetching auth token STANDARD for api","timestamp":"2025-09-30T03:25:11.864Z"}
{"label":"i2i-monitor-service.js","level":"info","message":"I2I Monitor GetParty: 0.1047","timestamp":"2025-09-30T03:25:11.969Z"}
{"label":"i2i-client.js","level":"info","message":"Fetching auth token STANDARD for api","timestamp":"2025-09-30T03:25:11.969Z"}
{"label":"i2i-monitor-service.js","level":"info","message":"I2I Monitor GetClaim: 0.1289","timestamp":"2025-09-30T03:25:12.098Z"}
{"GetClaim":0.128876691,"GetParty":0.104680677,"GetPolicy":0.672183975,"UpdateClaim":1.726302991,"UpdateParty":0.188602561,"UpdatePolicy":9.166287031,"label":"i2i-monitor-service.js","level":"info","message":"I2I Monitor Results","timestamp":"2025-09-30T03:25:12.098Z"}
{"label":"i2i-client.js","level":"info","message":"Fetching auth token STANDARD for api","timestamp":"2025-09-30T03:30:00.421Z"}
{"label":"i2i-client.js","level":"info","message":"Fetching auth token STANDARD for api","timestamp":"2025-09-30T03:30:00.421Z"}
{"label":"marketing-service.js","level":"info","message":"Start job sommarkampanj-2025-dogs:sommarkampanj-2025","timestamp":"2025-09-30T03:30:00.435Z"}
{"label":"marketing-service-job.js","level":"info","message":"Starting JOB sommarkampanj-2025-dogs:sommarkampanj-2025","timestamp":"2025-09-30T03:30:00.435Z"}
{"label":"marketing-service.js","level":"info","message":"Start job sommarkampanj-2025-dogs:sommarkampanj-2025","timestamp":"2025-09-30T03:30:00.436Z"}
{"label":"marketing-service-job.js","level":"info","message":"Starting JOB sommarkampanj-2025-dogs:sommarkampanj-2025","timestamp":"2025-09-30T03:30:00.436Z"}
{"label":"i2i-db-monitor-service.js","level":"info","message":"I2I DB Monitor ProfilerLastHour@Execution: 0.0313","timestamp":"2025-09-30T03:30:00.454Z"}
{"label":"i2i-db-monitor-service.js","level":"info","message":"I2I DB Monitor ProfilerLastHour@TotalCount: 4.0000","timestamp":"2025-09-30T03:30:00.454Z"}
{"label":"i2i-db-monitor-service.js","level":"info","message":"I2I DB Monitor ProfilerLastHour@Count: 0.0000","timestamp":"2025-09-30T03:30:00.454Z"}
{"label":"i2i-db-monitor-service.js","level":"info","message":"I2I DB Monitor ProfilerLastHour@ErrorCount: 0.0000","timestamp":"2025-09-30T03:30:00.454Z"}
{"label":"i2i-db-monitor-service.js","level":"info","message":"I2I DB Monitor ProfilerLastHour@CountTimeout: 4.0000","timestamp":"2025-09-30T03:30:00.454Z"}
{"label":"i2i-db-monitor-service.js","level":"info","message":"I2I DB Monitor ProfilerLastHour@AvgDuration: 0.0000","timestamp":"2025-09-30T03:30:00.454Z"}
{"label":"i2i-db-monitor-service.js","level":"info","message":"I2I DB Monitor ProfilerLastHour@TotalDuration: 0.0000","timestamp":"2025-09-30T03:30:00.454Z"}
{"label":"i2i-db-monitor-service.js","level":"info","message":"I2I DB Monitor ProfilerLastHour@AvgDurationTimeout: 30006931.5000","timestamp":"2025-09-30T03:30:00.454Z"}
{"label":"i2i-db-monitor-service.js","level":"info","message":"I2I DB Monitor ProfilerLastHour@TotalDurationTiemout: 120027726.0000","timestamp":"2025-09-30T03:30:00.454Z"}
{"label":"i2i-db-monitor-service.js","level":"info","message":"I2I DB Monitor ProfilerPrevHour@Execution: 0.0348","timestamp":"2025-09-30T03:30:00.489Z"}
{"label":"i2i-db-monitor-service.js","level":"info","message":"I2I DB Monitor ProfilerPrevHour@TotalCount: 0.0000","timestamp":"2025-09-30T03:30:00.490Z"}
{"label":"i2i-db-monitor-service.js","level":"info","message":"I2I DB Monitor ProfilerPrevHour@Count: 0.0000","timestamp":"2025-09-30T03:30:00.490Z"}
{"label":"i2i-db-monitor-service.js","level":"info","message":"I2I DB Monitor ProfilerPrevHour@ErrorCount: 0.0000","timestamp":"2025-09-30T03:30:00.490Z"}
{"label":"i2i-db-monitor-service.js","level":"info","message":"I2I DB Monitor ProfilerPrevHour@CountTimeout: 0.0000","timestamp":"2025-09-30T03:30:00.490Z"}
{"label":"i2i-db-monitor-service.js","level":"info","message":"I2I DB Monitor ProfilerPrevHour@AvgDuration: 0.0000","timestamp":"2025-09-30T03:30:00.490Z"}
{"label":"i2i-db-monitor-service.js","level":"info","message":"I2I DB Monitor ProfilerPrevHour@TotalDuration: 0.0000","timestamp":"2025-09-30T03:30:00.490Z"}
{"label":"i2i-db-monitor-service.js","level":"info","message":"I2I DB Monitor ProfilerPrevHour@AvgDurationTimeout: 0.0000","timestamp":"2025-09-30T03:30:00.490Z"}
{"label":"i2i-db-monitor-service.js","level":"info","message":"I2I DB Monitor ProfilerPrevHour@TotalDurationTiemout: 0.0000","timestamp":"2025-09-30T03:30:00.490Z"}
{"ProfilerLastHour_AvgDuration":0,"ProfilerLastHour_AvgDurationTimeout":30006931.5,"ProfilerLastHour_Count":0,"ProfilerLastHour_CountTimeout":4,"ProfilerLastHour_ErrorCount":0,"ProfilerLastHour_TotalCount":4,"ProfilerLastHour_TotalDuration":0,"ProfilerLastHour_TotalDurationTiemout":120027726,"ProfilerPrevHour_AvgDuration":0,"ProfilerPrevHour_AvgDurationTimeout":0,"ProfilerPrevHour_Count":0,"ProfilerPrevHour_CountTimeout":0,"ProfilerPrevHour_ErrorCount":0,"ProfilerPrevHour_TotalCount":0,"ProfilerPrevHour_TotalDuration":0,"ProfilerPrevHour_TotalDurationTiemout":0,"label":"i2i-db-monitor-service.js","level":"info","message":"I2I DB Monitor Results","timestamp":"2025-09-30T03:30:00.490Z"}
{"label":"i2i-client.js","level":"info","message":"Fetching auth token STANDARD for api","timestamp":"2025-09-30T03:30:00.632Z"}
{"label":"marketing-service-job.js","level":"info","message":"Got 0 items to synk","timestamp":"2025-09-30T03:30:00.728Z"}
{"label":"marketing-service-job.js","level":"info","message":"Marketing log written","timestamp":"2025-09-30T03:30:00.728Z"}
{"label":"marketing-service-job.js","level":"info","message":"Post duplicate removal 0 items to synk","timestamp":"2025-09-30T03:30:00.728Z"}
{"label":"marketing-service-job.js","level":"info","message":"No data to sync","timestamp":"2025-09-30T03:30:00.728Z"}
{"label":"marketing-service-job.js","level":"info","message":"Got 0 items to synk","timestamp":"2025-09-30T03:30:00.760Z"}
{"label":"marketing-service-job.js","level":"info","message":"Marketing log written","timestamp":"2025-09-30T03:30:00.760Z"}
{"label":"marketing-service-job.js","level":"info","message":"Post duplicate removal 0 items to synk","timestamp":"2025-09-30T03:30:00.760Z"}
{"label":"marketing-service-job.js","level":"info","message":"No data to sync","timestamp":"2025-09-30T03:30:00.760Z"}
{"label":"i2i-monitor-service.js","level":"info","message":"I2I Monitor UpdateClaim: 1.9097","timestamp":"2025-09-30T03:30:02.331Z"}
{"label":"i2i-client.js","level":"info","message":"Fetching auth token STANDARD for api","timestamp":"2025-09-30T03:30:02.331Z"}
{"label":"i2i-monitor-service.js","level":"info","message":"I2I Monitor GetClaim: 0.2240","timestamp":"2025-09-30T03:30:02.555Z"}
{"label":"i2i-client.js","level":"info","message":"Fetching auth token STANDARD for api","timestamp":"2025-09-30T03:30:02.555Z"}
{"label":"i2i-client.js","level":"info","message":"Fetching auth token STANDARD for api","timestamp":"2025-09-30T03:30:02.635Z"}
{"label":"i2i-monitor-service.js","level":"info","message":"I2I Monitor UpdateParty: 0.1659","timestamp":"2025-09-30T03:30:02.721Z"}
{"label":"i2i-client.js","level":"info","message":"Fetching auth token STANDARD for api","timestamp":"2025-09-30T03:30:02.721Z"}
{"label":"i2i-monitor-service.js","level":"info","message":"I2I Monitor GetPolicy: 0.0903","timestamp":"2025-09-30T03:30:02.812Z"}
{"label":"i2i-client.js","level":"info","message":"Fetching auth token STANDARD for api","timestamp":"2025-09-30T03:30:02.812Z"}
{"label":"i2i-monitor-service.js","level":"info","message":"I2I Monitor GetParty: 0.0762","timestamp":"2025-09-30T03:30:02.888Z"}
{"label":"i2i-client.js","level":"info","message":"Fetching auth token STANDARD for api","timestamp":"2025-09-30T03:30:02.888Z"}
{"label":"i2i-client.js","level":"info","message":"Fetching auth token STANDARD for api","timestamp":"2025-09-30T03:30:02.976Z"}
{"label":"i2i-client.js","level":"info","message":"Fetching auth token STANDARD for api","timestamp":"2025-09-30T03:30:03.059Z"}
{"label":"i2i-monitor-service.js","level":"info","message":"I2I Monitor UpdatePolicy: 8.5390","timestamp":"2025-09-30T03:30:11.427Z"}
{"GetClaim":0.224033243,"GetParty":0.076193147,"GetPolicy":0.090307841,"UpdateClaim":1.909668773,"UpdateParty":0.165932951,"UpdatePolicy":8.538996510999999,"label":"i2i-monitor-service.js","level":"info","message":"I2I Monitor Results","timestamp":"2025-09-30T03:30:11.427Z"}
{"label":"i2i-client.js","level":"info","message":"Fetching auth token STANDARD for api","timestamp":"2025-09-30T03:35:00.978Z"}
{"label":"i2i-client.js","level":"info","message":"Fetching auth token STANDARD for api","timestamp":"2025-09-30T03:35:00.978Z"}
{"label":"i2i-monitor-service.js","level":"info","message":"I2I Monitor GetPolicy: 0.0921","timestamp":"2025-09-30T03:35:01.071Z"}
{"label":"i2i-client.js","level":"info","message":"Fetching auth token STANDARD for api","timestamp":"2025-09-30T03:35:01.071Z"}
{"label":"i2i-monitor-service.js","level":"info","message":"I2I Monitor GetClaim: 0.1151","timestamp":"2025-09-30T03:35:01.186Z"}
{"label":"i2i-client.js","level":"info","message":"Fetching auth token STANDARD for api","timestamp":"2025-09-30T03:35:01.186Z"}
{"label":"i2i-monitor-service.js","level":"info","message":"I2I Monitor GetParty: 0.0781","timestamp":"2025-09-30T03:35:01.264Z"}
{"label":"i2i-client.js","level":"info","message":"Fetching auth token STANDARD for api","timestamp":"2025-09-30T03:35:01.264Z"}
{"label":"i2i-client.js","level":"info","message":"Fetching auth token STANDARD for api","timestamp":"2025-09-30T03:35:01.374Z"}
{"label":"i2i-monitor-service.js","level":"info","message":"I2I Monitor UpdateClaim: 1.4210","timestamp":"2025-09-30T03:35:02.685Z"}
{"label":"i2i-client.js","level":"info","message":"Fetching auth token STANDARD for api","timestamp":"2025-09-30T03:35:02.685Z"}
{"label":"i2i-client.js","level":"info","message":"Fetching auth token STANDARD for api","timestamp":"2025-09-30T03:35:02.763Z"}
{"label":"i2i-monitor-service.js","level":"info","message":"I2I Monitor UpdateParty: 0.1605","timestamp":"2025-09-30T03:35:02.846Z"}
{"label":"i2i-client.js","level":"info","message":"Fetching auth token STANDARD for api","timestamp":"2025-09-30T03:35:02.846Z"}
{"label":"i2i-client.js","level":"info","message":"Fetching auth token STANDARD for api","timestamp":"2025-09-30T03:35:02.927Z"}
{"label":"i2i-client.js","level":"info","message":"Fetching auth token STANDARD for api","timestamp":"2025-09-30T03:35:03.008Z"}
{"label":"i2i-monitor-service.js","level":"info","message":"I2I Monitor UpdatePolicy: 8.5133","timestamp":"2025-09-30T03:35:11.359Z"}
{"GetClaim":0.115056068,"GetParty":0.07814500599999999,"GetPolicy":0.092101709,"UpdateClaim":1.4209915860000002,"UpdateParty":0.16053826499999999,"UpdatePolicy":8.513274518,"label":"i2i-monitor-service.js","level":"info","message":"I2I Monitor Results","timestamp":"2025-09-30T03:35:11.359Z"}
{"label":"i2i-client.js","level":"info","message":"Fetching auth token STANDARD for api","timestamp":"2025-09-30T03:40:00.375Z"}
{"label":"i2i-client.js","level":"info","message":"Fetching auth token STANDARD for api","timestamp":"2025-09-30T03:40:00.376Z"}
{"label":"marketing-service.js","level":"info","message":"Start job sommarkampanj-2025-dogs:sommarkampanj-2025","timestamp":"2025-09-30T03:40:00.387Z"}
{"label":"marketing-service-job.js","level":"info","message":"Starting JOB sommarkampanj-2025-dogs:sommarkampanj-2025","timestamp":"2025-09-30T03:40:00.387Z"}
{"label":"marketing-service.js","level":"info","message":"Start job sommarkampanj-2025-dogs:sommarkampanj-2025","timestamp":"2025-09-30T03:40:00.388Z"}
{"label":"marketing-service-job.js","level":"info","message":"Starting JOB sommarkampanj-2025-dogs:sommarkampanj-2025","timestamp":"2025-09-30T03:40:00.388Z"}
{"label":"i2i-client.js","level":"info","message":"Fetching auth token STANDARD for api","timestamp":"2025-09-30T03:40:00.564Z"}
{"label":"marketing-service-job.js","level":"info","message":"Got 0 items to synk","timestamp":"2025-09-30T03:40:00.663Z"}
{"label":"marketing-service-job.js","level":"info","message":"Marketing log written","timestamp":"2025-09-30T03:40:00.663Z"}
{"label":"marketing-service-job.js","level":"info","message":"Post duplicate removal 0 items to synk","timestamp":"2025-09-30T03:40:00.663Z"}
{"label":"marketing-service-job.js","level":"info","message":"No data to sync","timestamp":"2025-09-30T03:40:00.663Z"}
{"label":"i2i-monitor-service.js","level":"info","message":"I2I Monitor UpdateParty: 0.3167","timestamp":"2025-09-30T03:40:00.692Z"}
{"label":"i2i-client.js","level":"info","message":"Fetching auth token STANDARD for api","timestamp":"2025-09-30T03:40:00.693Z"}
{"label":"marketing-service-job.js","level":"info","message":"Got 0 items to synk","timestamp":"2025-09-30T03:40:00.713Z"}
{"label":"marketing-service-job.js","level":"info","message":"Marketing log written","timestamp":"2025-09-30T03:40:00.713Z"}
{"label":"marketing-service-job.js","level":"info","message":"Post duplicate removal 0 items to synk","timestamp":"2025-09-30T03:40:00.713Z"}
{"label":"marketing-service-job.js","level":"info","message":"No data to sync","timestamp":"2025-09-30T03:40:00.713Z"}
{"label":"i2i-monitor-service.js","level":"info","message":"I2I Monitor GetParty: 0.0760","timestamp":"2025-09-30T03:40:00.769Z"}
{"label":"i2i-client.js","level":"info","message":"Fetching auth token STANDARD for api","timestamp":"2025-09-30T03:40:00.769Z"}
{"label":"i2i-client.js","level":"info","message":"Fetching auth token STANDARD for api","timestamp":"2025-09-30T03:40:00.866Z"}
{"label":"i2i-client.js","level":"info","message":"Fetching auth token STANDARD for api","timestamp":"2025-09-30T03:40:00.950Z"}
{"label":"i2i-monitor-service.js","level":"info","message":"I2I Monitor UpdatePolicy: 10.5350","timestamp":"2025-09-30T03:40:11.304Z"}
{"label":"i2i-client.js","level":"info","message":"Fetching auth token STANDARD for api","timestamp":"2025-09-30T03:40:11.304Z"}
{"label":"i2i-monitor-service.js","level":"info","message":"I2I Monitor GetClaim: 0.1110","timestamp":"2025-09-30T03:40:11.415Z"}
{"label":"i2i-client.js","level":"info","message":"Fetching auth token STANDARD for api","timestamp":"2025-09-30T03:40:11.415Z"}
{"label":"i2i-monitor-service.js","level":"info","message":"I2I Monitor GetPolicy: 0.0863","timestamp":"2025-09-30T03:40:11.502Z"}
{"label":"i2i-client.js","level":"info","message":"Fetching auth token STANDARD for api","timestamp":"2025-09-30T03:40:11.502Z"}
{"label":"i2i-client.js","level":"info","message":"Fetching auth token STANDARD for api","timestamp":"2025-09-30T03:40:11.622Z"}
{"label":"i2i-monitor-service.js","level":"info","message":"I2I Monitor UpdateClaim: 1.4430","timestamp":"2025-09-30T03:40:12.945Z"}
{"GetClaim":0.110958647,"GetParty":0.076003922,"GetPolicy":0.086336619,"UpdateClaim":1.4429714450000002,"UpdateParty":0.31673163499999996,"UpdatePolicy":10.535037196,"label":"i2i-monitor-service.js","level":"info","message":"I2I Monitor Results","timestamp":"2025-09-30T03:40:12.945Z"}
{"label":"i2i-client.js","level":"info","message":"Fetching auth token STANDARD for api","timestamp":"2025-09-30T03:45:00.673Z"}
{"label":"i2i-client.js","level":"info","message":"Fetching auth token STANDARD for api","timestamp":"2025-09-30T03:45:00.673Z"}
{"label":"i2i-monitor-service.js","level":"info","message":"I2I Monitor GetClaim: 0.1196","timestamp":"2025-09-30T03:45:00.793Z"}
{"label":"i2i-client.js","level":"info","message":"Fetching auth token STANDARD for api","timestamp":"2025-09-30T03:45:00.793Z"}
{"label":"i2i-client.js","level":"info","message":"Fetching auth token STANDARD for api","timestamp":"2025-09-30T03:45:00.903Z"}
{"label":"i2i-monitor-service.js","level":"info","message":"I2I Monitor UpdateClaim: 1.4785","timestamp":"2025-09-30T03:45:02.272Z"}
{"label":"i2i-client.js","level":"info","message":"Fetching auth token STANDARD for api","timestamp":"2025-09-30T03:45:02.272Z"}
{"label":"i2i-client.js","level":"info","message":"Fetching auth token STANDARD for api","timestamp":"2025-09-30T03:45:02.351Z"}
{"label":"i2i-monitor-service.js","level":"info","message":"I2I Monitor UpdateParty: 0.1659","timestamp":"2025-09-30T03:45:02.438Z"}
{"label":"i2i-client.js","level":"info","message":"Fetching auth token STANDARD for api","timestamp":"2025-09-30T03:45:02.438Z"}
{"label":"i2i-monitor-service.js","level":"info","message":"I2I Monitor GetPolicy: 0.0813","timestamp":"2025-09-30T03:45:02.519Z"}
{"label":"i2i-client.js","level":"info","message":"Fetching auth token STANDARD for api","timestamp":"2025-09-30T03:45:02.519Z"}
{"label":"i2i-monitor-service.js","level":"info","message":"I2I Monitor GetParty: 0.0760","timestamp":"2025-09-30T03:45:02.595Z"}
{"label":"i2i-client.js","level":"info","message":"Fetching auth token STANDARD for api","timestamp":"2025-09-30T03:45:02.595Z"}
{"label":"i2i-client.js","level":"info","message":"Fetching auth token STANDARD for api","timestamp":"2025-09-30T03:45:02.677Z"}
{"label":"i2i-client.js","level":"info","message":"Fetching auth token STANDARD for api","timestamp":"2025-09-30T03:45:02.765Z"}
{"label":"i2i-monitor-service.js","level":"info","message":"I2I Monitor UpdatePolicy: 8.6607","timestamp":"2025-09-30T03:45:11.256Z"}
{"GetClaim":0.11957247,"GetParty":0.07602178999999999,"GetPolicy":0.081294452,"UpdateClaim":1.47852019,"UpdateParty":0.16590704199999998,"UpdatePolicy":8.660710268,"label":"i2i-monitor-service.js","level":"info","message":"I2I Monitor Results","timestamp":"2025-09-30T03:45:11.256Z"}
{"label":"i2i-client.js","level":"info","message":"Fetching auth token STANDARD for api","timestamp":"2025-09-30T03:50:00.958Z"}
{"label":"i2i-client.js","level":"info","message":"Fetching auth token STANDARD for api","timestamp":"2025-09-30T03:50:00.958Z"}
{"label":"marketing-service.js","level":"info","message":"Start job sommarkampanj-2025-dogs:sommarkampanj-2025","timestamp":"2025-09-30T03:50:00.970Z"}
{"label":"marketing-service-job.js","level":"info","message":"Starting JOB sommarkampanj-2025-dogs:sommarkampanj-2025","timestamp":"2025-09-30T03:50:00.970Z"}
{"label":"marketing-service.js","level":"info","message":"Start job sommarkampanj-2025-dogs:sommarkampanj-2025","timestamp":"2025-09-30T03:50:00.972Z"}
{"label":"marketing-service-job.js","level":"info","message":"Starting JOB sommarkampanj-2025-dogs:sommarkampanj-2025","timestamp":"2025-09-30T03:50:00.972Z"}
{"label":"i2i-monitor-service.js","level":"info","message":"I2I Monitor GetClaim: 0.2233","timestamp":"2025-09-30T03:50:01.182Z"}
{"label":"i2i-client.js","level":"info","message":"Fetching auth token STANDARD for api","timestamp":"2025-09-30T03:50:01.182Z"}
{"label":"marketing-service-job.js","level":"info","message":"Got 0 items to synk","timestamp":"2025-09-30T03:50:01.221Z"}
{"label":"marketing-service-job.js","level":"info","message":"Marketing log written","timestamp":"2025-09-30T03:50:01.221Z"}
{"label":"marketing-service-job.js","level":"info","message":"Post duplicate removal 0 items to synk","timestamp":"2025-09-30T03:50:01.221Z"}
{"label":"marketing-service-job.js","level":"info","message":"No data to sync","timestamp":"2025-09-30T03:50:01.221Z"}
{"label":"marketing-service-job.js","level":"info","message":"Got 0 items to synk","timestamp":"2025-09-30T03:50:01.267Z"}
{"label":"marketing-service-job.js","level":"info","message":"Marketing log written","timestamp":"2025-09-30T03:50:01.268Z"}
{"label":"marketing-service-job.js","level":"info","message":"Post duplicate removal 0 items to synk","timestamp":"2025-09-30T03:50:01.268Z"}
{"label":"marketing-service-job.js","level":"info","message":"No data to sync","timestamp":"2025-09-30T03:50:01.268Z"}
{"label":"i2i-monitor-service.js","level":"info","message":"I2I Monitor GetPolicy: 0.1085","timestamp":"2025-09-30T03:50:01.290Z"}
{"label":"i2i-client.js","level":"info","message":"Fetching auth token STANDARD for api","timestamp":"2025-09-30T03:50:01.290Z"}
{"label":"i2i-monitor-service.js","level":"info","message":"I2I Monitor GetParty: 0.0739","timestamp":"2025-09-30T03:50:01.364Z"}
{"label":"i2i-client.js","level":"info","message":"Fetching auth token STANDARD for api","timestamp":"2025-09-30T03:50:01.364Z"}
{"label":"i2i-client.js","level":"info","message":"Fetching auth token STANDARD for api","timestamp":"2025-09-30T03:50:01.437Z"}
{"label":"i2i-monitor-service.js","level":"info","message":"I2I Monitor UpdateParty: 0.1571","timestamp":"2025-09-30T03:50:01.522Z"}
{"label":"i2i-client.js","level":"info","message":"Fetching auth token STANDARD for api","timestamp":"2025-09-30T03:50:01.522Z"}
{"label":"i2i-client.js","level":"info","message":"Fetching auth token STANDARD for api","timestamp":"2025-09-30T03:50:01.635Z"}
{"label":"i2i-monitor-service.js","level":"info","message":"I2I Monitor UpdateClaim: 1.5818","timestamp":"2025-09-30T03:50:03.104Z"}
{"label":"i2i-client.js","level":"info","message":"Fetching auth token STANDARD for api","timestamp":"2025-09-30T03:50:03.104Z"}
{"label":"i2i-client.js","level":"info","message":"Fetching auth token STANDARD for api","timestamp":"2025-09-30T03:50:03.184Z"}
{"label":"i2i-client.js","level":"info","message":"Fetching auth token STANDARD for api","timestamp":"2025-09-30T03:50:03.264Z"}
{"label":"i2i-monitor-service.js","level":"info","message":"I2I Monitor UpdatePolicy: 8.5091","timestamp":"2025-09-30T03:50:11.613Z"}
{"GetClaim":0.223341656,"GetParty":0.073905601,"GetPolicy":0.108484931,"UpdateClaim":1.5818475490000001,"UpdateParty":0.157108818,"UpdatePolicy":8.509082954,"label":"i2i-monitor-service.js","level":"info","message":"I2I Monitor Results","timestamp":"2025-09-30T03:50:11.613Z"}
{"label":"i2i-client.js","level":"info","message":"Fetching auth token STANDARD for api","timestamp":"2025-09-30T03:55:00.251Z"}
{"label":"i2i-client.js","level":"info","message":"Fetching auth token STANDARD for api","timestamp":"2025-09-30T03:55:00.251Z"}
{"label":"i2i-monitor-service.js","level":"info","message":"I2I Monitor GetClaim: 0.1213","timestamp":"2025-09-30T03:55:00.372Z"}
{"label":"i2i-client.js","level":"info","message":"Fetching auth token STANDARD for api","timestamp":"2025-09-30T03:55:00.372Z"}
{"label":"i2i-monitor-service.js","level":"info","message":"I2I Monitor GetParty: 0.0829","timestamp":"2025-09-30T03:55:00.455Z"}
{"label":"i2i-client.js","level":"info","message":"Fetching auth token STANDARD for api","timestamp":"2025-09-30T03:55:00.455Z"}
{"label":"i2i-client.js","level":"info","message":"Fetching auth token STANDARD for api","timestamp":"2025-09-30T03:55:00.538Z"}
{"label":"i2i-client.js","level":"info","message":"Fetching auth token STANDARD for api","timestamp":"2025-09-30T03:55:00.616Z"}
{"label":"i2i-monitor-service.js","level":"info","message":"I2I Monitor UpdatePolicy: 8.8070","timestamp":"2025-09-30T03:55:09.262Z"}
{"label":"i2i-client.js","level":"info","message":"Fetching auth token STANDARD for api","timestamp":"2025-09-30T03:55:09.262Z"}
{"label":"i2i-monitor-service.js","level":"info","message":"I2I Monitor GetPolicy: 0.0817","timestamp":"2025-09-30T03:55:09.344Z"}
{"label":"i2i-client.js","level":"info","message":"Fetching auth token STANDARD for api","timestamp":"2025-09-30T03:55:09.344Z"}
{"label":"i2i-client.js","level":"info","message":"Fetching auth token STANDARD for api","timestamp":"2025-09-30T03:55:09.452Z"}
{"label":"i2i-monitor-service.js","level":"info","message":"I2I Monitor UpdateClaim: 1.3702","timestamp":"2025-09-30T03:55:10.715Z"}
{"label":"i2i-client.js","level":"info","message":"Fetching auth token STANDARD for api","timestamp":"2025-09-30T03:55:10.715Z"}
{"label":"i2i-client.js","level":"info","message":"Fetching auth token STANDARD for api","timestamp":"2025-09-30T03:55:10.787Z"}
{"label":"i2i-monitor-service.js","level":"info","message":"I2I Monitor UpdateParty: 0.1535","timestamp":"2025-09-30T03:55:10.868Z"}
{"GetClaim":0.12127965399999999,"GetParty":0.08287799200000001,"GetPolicy":0.081737109,"UpdateClaim":1.370215838,"UpdateParty":0.153511125,"UpdatePolicy":8.806975484,"label":"i2i-monitor-service.js","level":"info","message":"I2I Monitor Results","timestamp":"2025-09-30T03:55:10.868Z"}
{"label":"i2i-client.js","level":"info","message":"Fetching auth token STANDARD for api","timestamp":"2025-09-30T04:00:00.589Z"}
{"label":"i2i-client.js","level":"info","message":"Fetching auth token STANDARD for api","timestamp":"2025-09-30T04:00:00.589Z"}
{"label":"marketing-service.js","level":"info","message":"Start job sommarkampanj-2025-dogs:sommarkampanj-2025","timestamp":"2025-09-30T04:00:00.602Z"}
{"label":"marketing-service-job.js","level":"info","message":"Starting JOB sommarkampanj-2025-dogs:sommarkampanj-2025","timestamp":"2025-09-30T04:00:00.603Z"}
{"label":"marketing-service.js","level":"info","message":"Start job sommarkampanj-2025-dogs:sommarkampanj-2025","timestamp":"2025-09-30T04:00:00.606Z"}
{"label":"marketing-service-job.js","level":"info","message":"Starting JOB sommarkampanj-2025-dogs:sommarkampanj-2025","timestamp":"2025-09-30T04:00:00.606Z"}
{"label":"i2i-db-monitor-service.js","level":"info","message":"I2I DB Monitor ProfilerLastHour@Execution: 0.0340","timestamp":"2025-09-30T04:00:00.626Z"}
{"label":"i2i-db-monitor-service.js","level":"info","message":"I2I DB Monitor ProfilerLastHour@TotalCount: 0.0000","timestamp":"2025-09-30T04:00:00.626Z"}
{"label":"i2i-db-monitor-service.js","level":"info","message":"I2I DB Monitor ProfilerLastHour@Count: 0.0000","timestamp":"2025-09-30T04:00:00.626Z"}
{"label":"i2i-db-monitor-service.js","level":"info","message":"I2I DB Monitor ProfilerLastHour@ErrorCount: 0.0000","timestamp":"2025-09-30T04:00:00.626Z"}
{"label":"i2i-db-monitor-service.js","level":"info","message":"I2I DB Monitor ProfilerLastHour@CountTimeout: 0.0000","timestamp":"2025-09-30T04:00:00.626Z"}
{"label":"i2i-db-monitor-service.js","level":"info","message":"I2I DB Monitor ProfilerLastHour@AvgDuration: 0.0000","timestamp":"2025-09-30T04:00:00.626Z"}
{"label":"i2i-db-monitor-service.js","level":"info","message":"I2I DB Monitor ProfilerLastHour@TotalDuration: 0.0000","timestamp":"2025-09-30T04:00:00.626Z"}
{"label":"i2i-db-monitor-service.js","level":"info","message":"I2I DB Monitor ProfilerLastHour@AvgDurationTimeout: 0.0000","timestamp":"2025-09-30T04:00:00.626Z"}
{"label":"i2i-db-monitor-service.js","level":"info","message":"I2I DB Monitor ProfilerLastHour@TotalDurationTiemout: 0.0000","timestamp":"2025-09-30T04:00:00.626Z"}
{"label":"i2i-db-monitor-service.js","level":"info","message":"I2I DB Monitor ProfilerPrevHour@Execution: 0.0147","timestamp":"2025-09-30T04:00:00.641Z"}
{"label":"i2i-db-monitor-service.js","level":"info","message":"I2I DB Monitor ProfilerPrevHour@TotalCount: 4.0000","timestamp":"2025-09-30T04:00:00.641Z"}
{"label":"i2i-db-monitor-service.js","level":"info","message":"I2I DB Monitor ProfilerPrevHour@Count: 0.0000","timestamp":"2025-09-30T04:00:00.641Z"}
{"label":"i2i-db-monitor-service.js","level":"info","message":"I2I DB Monitor ProfilerPrevHour@ErrorCount: 0.0000","timestamp":"2025-09-30T04:00:00.641Z"}
{"label":"i2i-db-monitor-service.js","level":"info","message":"I2I DB Monitor ProfilerPrevHour@CountTimeout: 4.0000","timestamp":"2025-09-30T04:00:00.641Z"}
{"label":"i2i-db-monitor-service.js","level":"info","message":"I2I DB Monitor ProfilerPrevHour@AvgDuration: 0.0000","timestamp":"2025-09-30T04:00:00.641Z"}
{"label":"i2i-db-monitor-service.js","level":"info","message":"I2I DB Monitor ProfilerPrevHour@TotalDuration: 0.0000","timestamp":"2025-09-30T04:00:00.641Z"}
{"label":"i2i-db-monitor-service.js","level":"info","message":"I2I DB Monitor ProfilerPrevHour@AvgDurationTimeout: 30006931.5000","timestamp":"2025-09-30T04:00:00.641Z"}
{"label":"i2i-db-monitor-service.js","level":"info","message":"I2I DB Monitor ProfilerPrevHour@TotalDurationTiemout: 120027726.0000","timestamp":"2025-09-30T04:00:00.641Z"}
{"ProfilerLastHour_AvgDuration":0,"ProfilerLastHour_AvgDurationTimeout":0,"ProfilerLastHour_Count":0,"ProfilerLastHour_CountTimeout":0,"ProfilerLastHour_ErrorCount":0,"ProfilerLastHour_TotalCount":0,"ProfilerLastHour_TotalDuration":0,"ProfilerLastHour_TotalDurationTiemout":0,"ProfilerPrevHour_AvgDuration":0,"ProfilerPrevHour_AvgDurationTimeout":30006931.5,"ProfilerPrevHour_Count":0,"ProfilerPrevHour_CountTimeout":4,"ProfilerPrevHour_ErrorCount":0,"ProfilerPrevHour_TotalCount":4,"ProfilerPrevHour_TotalDuration":0,"ProfilerPrevHour_TotalDurationTiemout":120027726,"label":"i2i-db-monitor-service.js","level":"info","message":"I2I DB Monitor Results","timestamp":"2025-09-30T04:00:00.641Z"}
{"label":"i2i-client.js","level":"info","message":"Fetching auth token STANDARD for api","timestamp":"2025-09-30T04:00:00.738Z"}
{"label":"i2i-client.js","level":"info","message":"Fetching auth token STANDARD for api","timestamp":"2025-09-30T04:00:00.858Z"}
{"label":"marketing-service-job.js","level":"info","message":"Got 0 items to synk","timestamp":"2025-09-30T04:00:00.888Z"}
{"label":"marketing-service-job.js","level":"info","message":"Marketing log written","timestamp":"2025-09-30T04:00:00.888Z"}
{"label":"marketing-service-job.js","level":"info","message":"Post duplicate removal 0 items to synk","timestamp":"2025-09-30T04:00:00.888Z"}
{"label":"marketing-service-job.js","level":"info","message":"No data to sync","timestamp":"2025-09-30T04:00:00.888Z"}
{"label":"marketing-service-job.js","level":"info","message":"Got 0 items to synk","timestamp":"2025-09-30T04:00:00.934Z"}
{"label":"marketing-service-job.js","level":"info","message":"Marketing log written","timestamp":"2025-09-30T04:00:00.934Z"}
{"label":"marketing-service-job.js","level":"info","message":"Post duplicate removal 0 items to synk","timestamp":"2025-09-30T04:00:00.934Z"}
{"label":"marketing-service-job.js","level":"info","message":"No data to sync","timestamp":"2025-09-30T04:00:00.934Z"}
{"label":"i2i-monitor-service.js","level":"info","message":"I2I Monitor UpdatePolicy: 10.7892","timestamp":"2025-09-30T04:00:11.379Z"}
{"label":"i2i-client.js","level":"info","message":"Fetching auth token STANDARD for api","timestamp":"2025-09-30T04:00:11.379Z"}
{"label":"i2i-monitor-service.js","level":"info","message":"I2I Monitor GetParty: 0.0847","timestamp":"2025-09-30T04:00:11.464Z"}
{"label":"i2i-client.js","level":"info","message":"Fetching auth token STANDARD for api","timestamp":"2025-09-30T04:00:11.464Z"}
{"label":"i2i-monitor-service.js","level":"info","message":"I2I Monitor GetPolicy: 0.1047","timestamp":"2025-09-30T04:00:11.568Z"}
{"label":"i2i-client.js","level":"info","message":"Fetching auth token STANDARD for api","timestamp":"2025-09-30T04:00:11.569Z"}
{"label":"i2i-client.js","level":"info","message":"Fetching auth token STANDARD for api","timestamp":"2025-09-30T04:00:11.710Z"}
{"label":"i2i-monitor-service.js","level":"info","message":"I2I Monitor UpdateClaim: 1.7053","timestamp":"2025-09-30T04:00:13.274Z"}
{"label":"i2i-client.js","level":"info","message":"Fetching auth token STANDARD for api","timestamp":"2025-09-30T04:00:13.274Z"}
{"label":"i2i-monitor-service.js","level":"info","message":"I2I Monitor GetClaim: 0.1338","timestamp":"2025-09-30T04:00:13.408Z"}
{"label":"i2i-client.js","level":"info","message":"Fetching auth token STANDARD for api","timestamp":"2025-09-30T04:00:13.408Z"}
{"label":"i2i-client.js","level":"info","message":"Fetching auth token STANDARD for api","timestamp":"2025-09-30T04:00:13.490Z"}
{"label":"i2i-monitor-service.js","level":"info","message":"I2I Monitor UpdateParty: 0.1768","timestamp":"2025-09-30T04:00:13.585Z"}
{"GetClaim":0.13382080400000002,"GetParty":0.084718437,"GetPolicy":0.104733341,"UpdateClaim":1.7052845069999998,"UpdateParty":0.176786273,"UpdatePolicy":10.789184563000001,"label":"i2i-monitor-service.js","level":"info","message":"I2I Monitor Results","timestamp":"2025-09-30T04:00:13.585Z"}
{"label":"i2i-client.js","level":"info","message":"Fetching auth token STANDARD for api","timestamp":"2025-09-30T04:05:00.938Z"}
{"label":"i2i-client.js","level":"info","message":"Fetching auth token STANDARD for api","timestamp":"2025-09-30T04:05:00.938Z"}
{"label":"i2i-monitor-service.js","level":"info","message":"I2I Monitor GetParty: 0.1099","timestamp":"2025-09-30T04:05:01.048Z"}
{"label":"i2i-client.js","level":"info","message":"Fetching auth token STANDARD for api","timestamp":"2025-09-30T04:05:01.048Z"}
{"label":"i2i-client.js","level":"info","message":"Fetching auth token STANDARD for api","timestamp":"2025-09-30T04:05:01.121Z"}
{"label":"i2i-monitor-service.js","level":"info","message":"I2I Monitor UpdateParty: 0.1566","timestamp":"2025-09-30T04:05:01.204Z"}
{"label":"i2i-client.js","level":"info","message":"Fetching auth token STANDARD for api","timestamp":"2025-09-30T04:05:01.205Z"}
{"label":"i2i-client.js","level":"info","message":"Fetching auth token STANDARD for api","timestamp":"2025-09-30T04:05:01.290Z"}
{"label":"i2i-client.js","level":"info","message":"Fetching auth token STANDARD for api","timestamp":"2025-09-30T04:05:01.374Z"}
{"label":"i2i-monitor-service.js","level":"info","message":"I2I Monitor UpdatePolicy: 9.5251","timestamp":"2025-09-30T04:05:10.730Z"}
{"label":"i2i-client.js","level":"info","message":"Fetching auth token STANDARD for api","timestamp":"2025-09-30T04:05:10.730Z"}
{"label":"i2i-monitor-service.js","level":"info","message":"I2I Monitor GetPolicy: 0.0872","timestamp":"2025-09-30T04:05:10.817Z"}
{"label":"i2i-client.js","level":"info","message":"Fetching auth token STANDARD for api","timestamp":"2025-09-30T04:05:10.817Z"}
{"label":"i2i-client.js","level":"info","message":"Fetching auth token STANDARD for api","timestamp":"2025-09-30T04:05:10.944Z"}
{"label":"i2i-monitor-service.js","level":"info","message":"I2I Monitor UpdateClaim: 1.6296","timestamp":"2025-09-30T04:05:12.447Z"}
{"label":"i2i-client.js","level":"info","message":"Fetching auth token STANDARD for api","timestamp":"2025-09-30T04:05:12.447Z"}
{"label":"i2i-monitor-service.js","level":"info","message":"I2I Monitor GetClaim: 0.1512","timestamp":"2025-09-30T04:05:12.598Z"}
{"GetClaim":0.151247912,"GetParty":0.10989412400000001,"GetPolicy":0.087184556,"UpdateClaim":1.629601987,"UpdateParty":0.15655327700000002,"UpdatePolicy":9.525091925,"label":"i2i-monitor-service.js","level":"info","message":"I2I Monitor Results","timestamp":"2025-09-30T04:05:12.598Z"}
{"label":"i2i-client.js","level":"info","message":"Fetching auth token STANDARD for api","timestamp":"2025-09-30T04:10:00.245Z"}
{"label":"i2i-client.js","level":"info","message":"Fetching auth token STANDARD for api","timestamp":"2025-09-30T04:10:00.245Z"}
{"label":"marketing-service.js","level":"info","message":"Start job sommarkampanj-2025-dogs:sommarkampanj-2025","timestamp":"2025-09-30T04:10:00.271Z"}
{"label":"marketing-service-job.js","level":"info","message":"Starting JOB sommarkampanj-2025-dogs:sommarkampanj-2025","timestamp":"2025-09-30T04:10:00.271Z"}
{"label":"marketing-service.js","level":"info","message":"Start job sommarkampanj-2025-dogs:sommarkampanj-2025","timestamp":"2025-09-30T04:10:00.275Z"}
{"label":"marketing-service-job.js","level":"info","message":"Starting JOB sommarkampanj-2025-dogs:sommarkampanj-2025","timestamp":"2025-09-30T04:10:00.275Z"}
{"label":"i2i-client.js","level":"info","message":"Fetching auth token STANDARD for api","timestamp":"2025-09-30T04:10:00.368Z"}
{"label":"i2i-client.js","level":"info","message":"Fetching auth token STANDARD for api","timestamp":"2025-09-30T04:10:00.522Z"}
{"label":"marketing-service-job.js","level":"info","message":"Got 0 items to synk","timestamp":"2025-09-30T04:10:00.552Z"}
{"label":"marketing-service-job.js","level":"info","message":"Marketing log written","timestamp":"2025-09-30T04:10:00.553Z"}
{"label":"marketing-service-job.js","level":"info","message":"Post duplicate removal 0 items to synk","timestamp":"2025-09-30T04:10:00.553Z"}
{"label":"marketing-service-job.js","level":"info","message":"No data to sync","timestamp":"2025-09-30T04:10:00.553Z"}
{"label":"marketing-service-job.js","level":"info","message":"Got 0 items to synk","timestamp":"2025-09-30T04:10:00.588Z"}
{"label":"marketing-service-job.js","level":"info","message":"Marketing log written","timestamp":"2025-09-30T04:10:00.588Z"}
{"label":"marketing-service-job.js","level":"info","message":"Post duplicate removal 0 items to synk","timestamp":"2025-09-30T04:10:00.588Z"}
{"label":"marketing-service-job.js","level":"info","message":"No data to sync","timestamp":"2025-09-30T04:10:00.588Z"}
{"label":"i2i-monitor-service.js","level":"info","message":"I2I Monitor UpdatePolicy: 8.6705","timestamp":"2025-09-30T04:10:08.916Z"}
{"label":"i2i-client.js","level":"info","message":"Fetching auth token STANDARD for api","timestamp":"2025-09-30T04:10:08.916Z"}
{"label":"i2i-monitor-service.js","level":"info","message":"I2I Monitor GetPolicy: 0.0867","timestamp":"2025-09-30T04:10:09.003Z"}
{"label":"i2i-client.js","level":"info","message":"Fetching auth token STANDARD for api","timestamp":"2025-09-30T04:10:09.003Z"}
{"label":"i2i-client.js","level":"info","message":"Fetching auth token STANDARD for api","timestamp":"2025-09-30T04:10:09.079Z"}
{"label":"i2i-monitor-service.js","level":"info","message":"I2I Monitor UpdateParty: 0.1677","timestamp":"2025-09-30T04:10:09.171Z"}
{"label":"i2i-client.js","level":"info","message":"Fetching auth token STANDARD for api","timestamp":"2025-09-30T04:10:09.171Z"}
{"label":"i2i-monitor-service.js","level":"info","message":"I2I Monitor GetParty: 0.0934","timestamp":"2025-09-30T04:10:09.264Z"}
{"label":"i2i-client.js","level":"info","message":"Fetching auth token STANDARD for api","timestamp":"2025-09-30T04:10:09.264Z"}
{"label":"i2i-monitor-service.js","level":"info","message":"I2I Monitor GetClaim: 0.1443","timestamp":"2025-09-30T04:10:09.409Z"}
{"label":"i2i-client.js","level":"info","message":"Fetching auth token STANDARD for api","timestamp":"2025-09-30T04:10:09.409Z"}
{"label":"i2i-client.js","level":"info","message":"Fetching auth token STANDARD for api","timestamp":"2025-09-30T04:10:09.514Z"}
{"label":"i2i-monitor-service.js","level":"info","message":"I2I Monitor UpdateClaim: 1.3943","timestamp":"2025-09-30T04:10:10.803Z"}
{"GetClaim":0.14432961900000002,"GetParty":0.093364446,"GetPolicy":0.086703667,"UpdateClaim":1.3942982480000001,"UpdateParty":0.16765926099999998,"UpdatePolicy":8.670497899,"label":"i2i-monitor-service.js","level":"info","message":"I2I Monitor Results","timestamp":"2025-09-30T04:10:10.803Z"}
{"label":"i2i-client.js","level":"info","message":"Fetching auth token STANDARD for api","timestamp":"2025-09-30T04:15:00.610Z"}
{"label":"i2i-client.js","level":"info","message":"Fetching auth token STANDARD for api","timestamp":"2025-09-30T04:15:00.610Z"}
{"label":"i2i-client.js","level":"info","message":"Fetching auth token STANDARD for api","timestamp":"2025-09-30T04:15:00.696Z"}
{"label":"i2i-monitor-service.js","level":"info","message":"I2I Monitor UpdateParty: 0.1678","timestamp":"2025-09-30T04:15:00.778Z"}
{"label":"i2i-client.js","level":"info","message":"Fetching auth token STANDARD for api","timestamp":"2025-09-30T04:15:00.778Z"}
{"label":"i2i-monitor-service.js","level":"info","message":"I2I Monitor GetPolicy: 0.0863","timestamp":"2025-09-30T04:15:00.865Z"}
{"label":"i2i-client.js","level":"info","message":"Fetching auth token STANDARD for api","timestamp":"2025-09-30T04:15:00.866Z"}
{"label":"i2i-client.js","level":"info","message":"Fetching auth token STANDARD for api","timestamp":"2025-09-30T04:15:00.946Z"}
{"label":"i2i-client.js","level":"info","message":"Fetching auth token STANDARD for api","timestamp":"2025-09-30T04:15:01.031Z"}
{"label":"i2i-monitor-service.js","level":"info","message":"I2I Monitor UpdatePolicy: 8.3010","timestamp":"2025-09-30T04:15:09.166Z"}
{"label":"i2i-client.js","level":"info","message":"Fetching auth token STANDARD for api","timestamp":"2025-09-30T04:15:09.166Z"}
{"label":"i2i-monitor-service.js","level":"info","message":"I2I Monitor GetParty: 0.1082","timestamp":"2025-09-30T04:15:09.274Z"}
{"label":"i2i-client.js","level":"info","message":"Fetching auth token STANDARD for api","timestamp":"2025-09-30T04:15:09.274Z"}
{"label":"i2i-client.js","level":"info","message":"Fetching auth token STANDARD for api","timestamp":"2025-09-30T04:15:09.394Z"}
{"label":"i2i-monitor-service.js","level":"info","message":"I2I Monitor UpdateClaim: 1.4385","timestamp":"2025-09-30T04:15:10.713Z"}
{"label":"i2i-client.js","level":"info","message":"Fetching auth token STANDARD for api","timestamp":"2025-09-30T04:15:10.713Z"}
{"label":"i2i-monitor-service.js","level":"info","message":"I2I Monitor GetClaim: 0.1162","timestamp":"2025-09-30T04:15:10.829Z"}
{"GetClaim":0.116161273,"GetParty":0.108176057,"GetPolicy":0.086309565,"UpdateClaim":1.4384832539999999,"UpdateParty":0.16783861,"UpdatePolicy":8.301032424,"label":"i2i-monitor-service.js","level":"info","message":"I2I Monitor Results","timestamp":"2025-09-30T04:15:10.829Z"}
{"label":"mailchimp-sync-service.js","level":"info","message":"Starting mailchimp sync","timestamp":"2025-09-30T04:20:00.929Z"}
{"label":"i2i-client.js","level":"info","message":"Fetching auth token STANDARD for api","timestamp":"2025-09-30T04:20:00.930Z"}
{"label":"i2i-client.js","level":"info","message":"Fetching auth token STANDARD for api","timestamp":"2025-09-30T04:20:00.930Z"}
{"label":"marketing-service.js","level":"info","message":"Start job sommarkampanj-2025-dogs:sommarkampanj-2025","timestamp":"2025-09-30T04:20:00.940Z"}
{"label":"marketing-service-job.js","level":"info","message":"Starting JOB sommarkampanj-2025-dogs:sommarkampanj-2025","timestamp":"2025-09-30T04:20:00.941Z"}
{"label":"marketing-service.js","level":"info","message":"Start job sommarkampanj-2025-dogs:sommarkampanj-2025","timestamp":"2025-09-30T04:20:00.941Z"}
{"label":"marketing-service-job.js","level":"info","message":"Starting JOB sommarkampanj-2025-dogs:sommarkampanj-2025","timestamp":"2025-09-30T04:20:00.941Z"}
{"label":"mailchimp-sync-service.js","level":"error","message":"Agreement 223 is missing tags","timestamp":"2025-09-30T04:20:00.982Z"}
{"label":"db-mailchimp-sync-client.js","level":"info","message":"Running mailchimp sync status update","timestamp":"2025-09-30T04:20:00.982Z"}
{"label":"i2i-client.js","level":"info","message":"Fetching auth token STANDARD for api","timestamp":"2025-09-30T04:20:01.216Z"}
{"label":"marketing-service-job.js","level":"info","message":"Got 0 items to synk","timestamp":"2025-09-30T04:20:01.277Z"}
{"label":"marketing-service-job.js","level":"info","message":"Marketing log written","timestamp":"2025-09-30T04:20:01.277Z"}
{"label":"marketing-service-job.js","level":"info","message":"Post duplicate removal 0 items to synk","timestamp":"2025-09-30T04:20:01.277Z"}
{"label":"marketing-service-job.js","level":"info","message":"No data to sync","timestamp":"2025-09-30T04:20:01.277Z"}
{"label":"marketing-service-job.js","level":"info","message":"Got 0 items to synk","timestamp":"2025-09-30T04:20:01.340Z"}
{"label":"marketing-service-job.js","level":"info","message":"Marketing log written","timestamp":"2025-09-30T04:20:01.340Z"}
{"label":"marketing-service-job.js","level":"info","message":"Post duplicate removal 0 items to synk","timestamp":"2025-09-30T04:20:01.340Z"}
{"label":"marketing-service-job.js","level":"info","message":"No data to sync","timestamp":"2025-09-30T04:20:01.340Z"}
{"label":"i2i-monitor-service.js","level":"info","message":"I2I Monitor UpdateParty: 0.4422","timestamp":"2025-09-30T04:20:01.373Z"}
{"label":"i2i-client.js","level":"info","message":"Fetching auth token STANDARD for api","timestamp":"2025-09-30T04:20:01.373Z"}
{"label":"i2i-monitor-service.js","level":"info","message":"I2I Monitor GetParty: 0.1123","timestamp":"2025-09-30T04:20:01.485Z"}
{"label":"i2i-client.js","level":"info","message":"Fetching auth token STANDARD for api","timestamp":"2025-09-30T04:20:01.485Z"}
{"label":"i2i-client.js","level":"info","message":"Fetching auth token STANDARD for api","timestamp":"2025-09-30T04:20:01.590Z"}
{"label":"i2i-client.js","level":"info","message":"Fetching auth token STANDARD for api","timestamp":"2025-09-30T04:20:01.757Z"}
{"label":"db-mailchimp-sync-client.js","level":"info","message":"Inserted 69 new rows","timestamp":"2025-09-30T04:20:21.506Z"}
{"label":"db-mailchimp-sync-client.js","level":"info","message":"Updated 97 rows","timestamp":"2025-09-30T04:20:22.000Z"}
{"label":"db-mailchimp-sync-client.js","level":"info","message":"Acvivated 8 rows","timestamp":"2025-09-30T04:20:22.141Z"}
{"label":"db-mailchimp-sync-client.js","level":"info","message":"Inacvivated 55 rows","timestamp":"2025-09-30T04:20:22.980Z"}
{"label":"mailchimp-sync-service.js","level":"info","message":"Adding new member a-k.ivarsson@sjobo.nu","timestamp":"2025-09-30T04:20:23.101Z"}
{"label":"mailchimp-sync-service.js","level":"info","message":"Adding new member XX,"timestamp":"2025-09-30T04:20:23.104Z"}
{"label":"mailchimp-sync-service.js","level":"info","message":"Adding new member XX,"timestamp":"2025-09-30T04:20:23.106Z"}
{"label":"mailchimp-sync-service.js","level":"info","message":"Adding new member XX,"timestamp":"2025-09-30T04:20:23.106Z"}
{"label":"i2i-monitor-service.js","level":"info","message":"I2I Monitor UpdatePolicy: 21.6825","timestamp":"2025-09-30T04:20:23.168Z"}
{"label":"i2i-client.js","level":"info","message":"Fetching auth token STANDARD for api","timestamp":"2025-09-30T04:20:23.168Z"}
{"label":"i2i-monitor-service.js","level":"info","message":"I2I Monitor GetClaim: 0.1286","timestamp":"2025-09-30T04:20:23.297Z"}
{"label":"i2i-client.js","level":"info","message":"Fetching auth token STANDARD for api","timestamp":"2025-09-30T04:20:23.297Z"}
{"label":"i2i-monitor-service.js","level":"info","message":"I2I Monitor GetPolicy: 0.0877","timestamp":"2025-09-30T04:20:23.385Z"}
{"label":"i2i-client.js","level":"info","message":"Fetching auth token STANDARD for api","timestamp":"2025-09-30T04:20:23.385Z"}
{"label":"i2i-client.js","level":"info","message":"Fetching auth token STANDARD for api","timestamp":"2025-09-30T04:20:23.500Z"}
{"added":["NoEmailPreferences"],"label":"mailchimp-sync-service.js","level":"info","message":"Updated tags for XX","removed":["Häst - Aktiv","Häst Begränsad"],"timestamp":"2025-09-30T04:20:24.454Z"}
{"added":["NoEmailPreferences"],"label":"mailchimp-sync-service.js","level":"info","message":"Updated tags for XX","removed":["EmailPreferences"],"timestamp":"2025-09-30T04:20:24.492Z"}
{"added":["EmailPreferences"],"label":"mailchimp-sync-service.js","level":"info","message":"Updated tags for XX","removed":["Katt - Aktiv","Kattförsäkring","Kund - Sveland"],"timestamp":"2025-09-30T04:20:24.556Z"}
{"added":[],"label":"mailchimp-sync-service.js","level":"info","message":"Updated tags for XX","removed":["Hund - Aktiv","Hundförsäkring","Kund - Sveland"],"timestamp":"2025-09-30T04:20:24.656Z"}
{"added":[],"label":"mailchimp-sync-service.js","level":"info","message":"Updated tags for XX","removed":["Häst","Häst - Aktiv"],"timestamp":"2025-09-30T04:20:24.670Z"}
{"label":"i2i-monitor-service.js","level":"info","message":"I2I Monitor UpdateClaim: 1.4306","timestamp":"2025-09-30T04:20:24.815Z"}
{"GetClaim":0.128648177,"GetParty":0.11230968799999999,"GetPolicy":0.087716898,"UpdateClaim":1.430642238,"UpdateParty":0.442178084,"UpdatePolicy":21.682537811,"label":"i2i-monitor-service.js","level":"info","message":"I2I Monitor Results","timestamp":"2025-09-30T04:20:24.815Z"}
{"added":["Hund","Hund - Aktiv","Hundförsäkring","NoEmailPreferences"],"label":"mailchimp-sync-service.js","level":"info","message":"Updated tags for a-k.ivarsson@sjobo.nu:","removed":["EmailPreferences","Häst","Häst - Aktiv","Hästförsäkring"],"timestamp":"2025-09-30T04:20:25.023Z"}
{"added":["Häst","Häst - Aktiv","Häst Special","Katt","Katt - Aktiv","Kattförsäkring","Kund - Sveland","NoEmailPreferences"],"label":"mailchimp-sync-service.js","level":"info","message":"Updated tags for XX","removed":[],"timestamp":"2025-09-30T04:20:25.112Z"}
{"added":["Häst","Häst - Aktiv","Häst Maximal","Hästförsäkring","Hund","Hund - Aktiv","Hundförsäkring","Kund - Sveland","NoEmailPreferences"],"label":"mailchimp-sync-service.js","level":"info","message":"Updated tags for XX","removed":[],"timestamp":"2025-09-30T04:20:25.249Z"}
{"added":["Hund","Hund - Aktiv","Hundförsäkring","Kund - Sveland","NoEmailPreferences"],"label":"mailchimp-sync-service.js","level":"info","message":"Updated tags for XX","removed":[],"timestamp":"2025-09-30T04:20:25.307Z"}
{"label":"mailchimp-sync-service.js","level":"info","message":"1 pages synced, status true","timestamp":"2025-09-30T04:20:25.322Z"}
{"label":"mailchimp-sync-service.js","level":"info","message":"Adding new member XX,"timestamp":"2025-09-30T04:20:25.338Z"}
{"added":[],"label":"mailchimp-sync-service.js","level":"info","message":"Updated tags for XX","removed":["Hund - Aktiv","Hundförsäkring","Kund - Sveland"],"timestamp":"2025-09-30T04:20:26.245Z"}
{"added":[],"label":"mailchimp-sync-service.js","level":"info","message":"Updated tags for XX","removed":["Hund - Uppfödarförsäkring"],"timestamp":"2025-09-30T04:20:26.278Z"}
{"added":["Häst Begränsad"],"label":"mailchimp-sync-service.js","level":"info","message":"Updated tags for XX","removed":[],"timestamp":"2025-09-30T04:20:26.297Z"}
{"added":[],"label":"mailchimp-sync-service.js","level":"info","message":"Updated tags for XX","removed":["Hund - Aktiv","Hundförsäkring","Kund - Sveland"],"timestamp":"2025-09-30T04:20:26.369Z"}
{"added":["Hund - Aktiv","Hundförsäkring"],"label":"mailchimp-sync-service.js","level":"info","message":"Updated tags for XX","removed":[],"timestamp":"2025-09-30T04:20:26.429Z"}
{"added":[],"label":"mailchimp-sync-service.js","level":"info","message":"Updated tags for XX","removed":["Katt - Aktiv","Kattförsäkring","Kund - Sveland"],"timestamp":"2025-09-30T04:20:26.444Z"}
{"added":[],"label":"mailchimp-sync-service.js","level":"info","message":"Updated tags for XX","removed":["Katt - Aktiv","Kattförsäkring","Kund - Sveland"],"timestamp":"2025-09-30T04:20:26.540Z"}
{"added":[],"label":"mailchimp-sync-service.js","level":"info","message":"Updated tags for XX","removed":["Hund - Olycksfallsförsäkring"],"timestamp":"2025-09-30T04:20:26.562Z"}
{"added":["Hund","Katt","Katt - Aktiv","Kund - Partner","LärarKatt Mellan","EmailPreferences"],"label":"mailchimp-sync-service.js","level":"info","message":"Updated tags for XX","removed":[],"timestamp":"2025-09-30T04:20:27.025Z"}
{"label":"mailchimp-sync-service.js","level":"info","message":"2 pages synced, status true","timestamp":"2025-09-30T04:20:27.044Z"}
{"added":[],"label":"mailchimp-sync-service.js","level":"info","message":"Updated tags for XX","removed":["Hund - Aktiv","Hundförsäkring","Kund - Sveland"],"timestamp":"2025-09-30T04:20:27.968Z"}
{"added":[],"label":"mailchimp-sync-service.js","level":"info","message":"Updated tags for XX","removed":["Häst - Aktiv","Kund - Sveland"],"timestamp":"2025-09-30T04:20:27.981Z"}
{"added":[],"label":"mailchimp-sync-service.js","level":"info","message":"Updated tags for XX","removed":["Katt - Aktiv","Kattförsäkring","Kund - Sveland"],"timestamp":"2025-09-30T04:20:28.002Z"}
{"added":["Hunduppfödare"],"label":"mailchimp-sync-service.js","level":"info","message":"Updated tags for XX","removed":[],"timestamp":"2025-09-30T04:20:28.014Z"}
{"added":[],"label":"mailchimp-sync-service.js","level":"info","message":"Updated tags for emelienilsson_XX","removed":["Hund - Uppfödarförsäkring"],"timestamp":"2025-09-30T04:20:28.018Z"}
{"added":[],"label":"mailchimp-sync-service.js","level":"info","message":"Updated tags for samba_XX","removed":["Hund - Aktiv","Hundförsäkring","Kund - Sveland"],"timestamp":"2025-09-30T04:20:28.024Z"}
{"added":[],"label":"mailchimp-sync-service.js","level":"info","message":"Updated tags for XX","removed":["Hund - Aktiv","Hundförsäkring","Kund - Sveland"],"timestamp":"2025-09-30T04:20:28.035Z"}
{"added":[],"label":"mailchimp-sync-service.js","level":"info","message":"Updated tags for XX","removed":["Hund - Aktiv","Hundförsäkring"],"timestamp":"2025-09-30T04:20:28.046Z"}
{"added":[],"label":"mailchimp-sync-service.js","level":"info","message":"Updated tags for XX","removed":["Kund - Sveland","Smådjurs - Aktiv","Smådjursförsäkring"],"timestamp":"2025-09-30T04:20:28.228Z"}
{"label":"mailchimp-sync-service.js","level":"info","message":"3 pages synced, status true","timestamp":"2025-09-30T04:20:28.247Z"}
{"label":"mailchimp-sync-service.js","level":"error","message":"Error managing XX The requested resource could not be found.","timestamp":"2025-09-30T04:20:28.661Z"}
{"added":[],"label":"mailchimp-sync-service.js","level":"info","message":"Updated tags for XX","removed":["Hund - Aktiv","Hundförsäkring","Kund - Sveland"],"timestamp":"2025-09-30T04:20:29.132Z"}
{"added":[],"label":"mailchimp-sync-service.js","level":"info","message":"Updated tags for XX","removed":["Hund - Aktiv","Hundförsäkring","Kund - Sveland"],"timestamp":"2025-09-30T04:20:29.140Z"}
{"added":[],"label":"mailchimp-sync-service.js","level":"info","message":"Updated tags for XX","removed":["Hund - Aktiv","Hundförsäkring","Kund - Sveland"],"timestamp":"2025-09-30T04:20:29.142Z"}
{"added":[],"label":"mailchimp-sync-service.js","level":"info","message":"Updated tags for XX","removed":["Hund - Aktiv","Hundförsäkring","Kund - Sveland"],"timestamp":"2025-09-30T04:20:29.145Z"}
{"added":[],"label":"mailchimp-sync-service.js","level":"info","message":"Updated tags for XX","removed":["Häst","Häst - Aktiv","Kund - Sveland"],"timestamp":"2025-09-30T04:20:29.191Z"}
{"added":[],"label":"mailchimp-sync-service.js","level":"info","message":"Updated tags for XX","removed":["Smådjurs - Aktiv"],"timestamp":"2025-09-30T04:20:29.193Z"}
{"added":[],"label":"mailchimp-sync-service.js","level":"info","message":"Updated tags for XX","removed":["Hund - Aktiv","Hundförsäkring","Kund - Sveland"],"timestamp":"2025-09-30T04:20:29.249Z"}
{"added":[],"label":"mailchimp-sync-service.js","level":"info","message":"Updated tags for XX","removed":["Hund - Aktiv","Hundförsäkring","Kund - Sveland"],"timestamp":"2025-09-30T04:20:29.263Z"}
{"label":"mailchimp-sync-service.js","level":"info","message":"4 pages synced, status true","timestamp":"2025-09-30T04:20:29.276Z"}
{"label":"mailchimp-sync-service.js","level":"info","message":"Adding new member XX,"timestamp":"2025-09-30T04:20:29.297Z"}
{"label":"mailchimp-sync-service.js","level":"info","message":"Adding new member XX,"timestamp":"2025-09-30T04:20:29.298Z"}
{"label":"mailchimp-sync-service.js","level":"info","message":"Adding new member XX,"timestamp":"2025-09-30T04:20:29.301Z"}
{"added":[],"label":"mailchimp-sync-service.js","level":"info","message":"Updated tags for XX","removed":["Hund - Aktiv","Hundförsäkring","Kund - Sveland"],"timestamp":"2025-09-30T04:20:30.175Z"}
{"added":[],"label":"mailchimp-sync-service.js","level":"info","message":"Updated tags for XX","removed":["Katt - Aktiv","Kattförsäkring","Kund - Sveland"],"timestamp":"2025-09-30T04:20:30.182Z"}
{"added":[],"label":"mailchimp-sync-service.js","level":"info","message":"Updated tags for XX","removed":["Häst","Häst - Aktiv","Kund - Sveland"],"timestamp":"2025-09-30T04:20:30.185Z"}
{"added":["Hund - Aktiv","Hundförsäkring","Kund - Sveland"],"label":"mailchimp-sync-service.js","level":"info","message":"Updated tags for XX","removed":[],"timestamp":"2025-09-30T04:20:30.252Z"}
{"added":[],"label":"mailchimp-sync-service.js","level":"info","message":"Updated tags for XX","removed":["Hund - Aktiv","Hundförsäkring","Kund - Sveland"],"timestamp":"2025-09-30T04:20:30.416Z"}
{"added":["Katt - Olycksfallsförsäkring"],"label":"mailchimp-sync-service.js","level":"info","message":"Updated tags for XX","removed":["Kattförsäkring"],"timestamp":"2025-09-30T04:20:30.571Z"}
{"added":["Hästförsäkring","Hund","Hund - Aktiv","Hundförsäkring","Kund - Sveland","EmailPreferences"],"label":"mailchimp-sync-service.js","level":"info","message":"Updated tags for XX","removed":[],"timestamp":"2025-09-30T04:20:30.896Z"}
{"added":["Hund","Hund - Aktiv","Hundförsäkring","Kund - Sveland","KuralinkArea","NoEmailPreferences"],"label":"mailchimp-sync-service.js","level":"info","message":"Updated tags for XX","removed":[],"timestamp":"2025-09-30T04:20:30.911Z"}
{"added":["Hund","Hund - Aktiv","Hundförsäkring","Kund - Sveland","NoEmailPreferences"],"label":"mailchimp-sync-service.js","level":"info","message":"Updated tags for XX","removed":[],"timestamp":"2025-09-30T04:20:30.912Z"}
{"label":"mailchimp-sync-service.js","level":"info","message":"5 pages synced, status true","timestamp":"2025-09-30T04:20:30.929Z"}
{"label":"mailchimp-sync-service.js","level":"info","message":"Updating list member from XX,"timestamp":"2025-09-30T04:20:30.952Z"}
{"label":"mailchimp-sync-service.js","level":"info","message":"Adding new member XX,"timestamp":"2025-09-30T04:20:30.959Z"}
{"label":"mailchimp-sync-service.js","level":"error","message":"Error managing XX The resource submitted could not be validated. For field-specific details, see the 'errors' array.","timestamp":"2025-09-30T04:20:31.411Z"}
{"label":"mailchimp-sync-service.js","level":"error","message":"Error managing XXenter a real email address.","timestamp":"2025-09-30T04:20:31.433Z"}
{"added":[],"label":"mailchimp-sync-service.js","level":"info","message":"Updated tags for XX","removed":["Katt - Aktiv","Kattförsäkring","Kund - Sveland"],"timestamp":"2025-09-30T04:20:31.808Z"}
{"added":[],"label":"mailchimp-sync-service.js","level":"info","message":"Updated tags for XX","removed":["Hund - Aktiv","Hundförsäkring","Kund - Sveland"],"timestamp":"2025-09-30T04:20:31.872Z"}
{"added":[],"label":"mailchimp-sync-service.js","level":"info","message":"Updated tags for XX","removed":["Häst - Aktiv","Häst Special"],"timestamp":"2025-09-30T04:20:31.898Z"}
{"added":["KuralinkArea","EmailPreferences"],"label":"mailchimp-sync-service.js","level":"info","message":"Updated tags for XX","removed":["Hund - Aktiv","Hund Maximal","Kund - Sveland"],"timestamp":"2025-09-30T04:20:31.930Z"}
{"added":[],"label":"mailchimp-sync-service.js","level":"info","message":"Updated tags for natta_XX","removed":["Hund - Aktiv","Hundförsäkring","Kund - Sveland"],"timestamp":"2025-09-30T04:20:31.998Z"}
{"added":["Katt","Katt - Aktiv","Kattförsäkring","KuralinkArea","EmailPreferences"],"label":"mailchimp-sync-service.js","level":"info","message":"Updated tags for XX","removed":[],"timestamp":"2025-09-30T04:20:31.999Z"}
{"added":[],"label":"mailchimp-sync-service.js","level":"info","message":"Updated tags for XX","removed":["Hund - Aktiv","Hundförsäkring"],"timestamp":"2025-09-30T04:20:32.111Z"}
{"label":"mailchimp-sync-service.js","level":"info","message":"6 pages synced, status true","timestamp":"2025-09-30T04:20:32.125Z"}
{"label":"mailchimp-sync-service.js","level":"info","message":"Adding new member XX,"timestamp":"2025-09-30T04:20:32.156Z"}
{"label":"mailchimp-sync-service.js","level":"info","message":"Adding new member XX,"timestamp":"2025-09-30T04:20:32.157Z"}
{"label":"mailchimp-sync-service.js","level":"info","message":"Adding new member XX,"timestamp":"2025-09-30T04:20:32.158Z"}
{"label":"mailchimp-sync-service.js","level":"info","message":"Updating list member from XX,"timestamp":"2025-09-30T04:20:32.163Z"}
{"added":[],"label":"mailchimp-sync-service.js","level":"info","message":"Updated tags for XX","removed":["Hund - Aktiv","Hundförsäkring","Kund - Sveland"],"timestamp":"2025-09-30T04:20:33.090Z"}
{"label":"mailchimp-sync-service.js","level":"info","message":"Tags for XXare already up to date.","timestamp":"2025-09-30T04:20:33.092Z"}
{"added":["EmailPreferences"],"label":"mailchimp-sync-service.js","level":"info","message":"Updated tags for monicabodegard@glocalnet.net:","removed":["Hund - Aktiv","Hundförsäkring","Kund - Sveland"],"timestamp":"2025-09-30T04:20:33.121Z"}
{"added":[],"label":"mailchimp-sync-service.js","level":"info","message":"Updated tags for XX","removed":["Hund - Aktiv","Hundförsäkring","Kund - Sveland"],"timestamp":"2025-09-30T04:20:33.154Z"}
{"added":["EmailPreferences"],"label":"mailchimp-sync-service.js","level":"info","message":"Updated tags for XX","removed":["Hund - Aktiv","Hundförsäkring","Kund - Sveland"],"timestamp":"2025-09-30T04:20:33.158Z"}
{"added":["Hund - Aktiv","Hundförsäkring","Kund - Sveland"],"label":"mailchimp-sync-service.js","level":"info","message":"Updated tags for XX","removed":[],"timestamp":"2025-09-30T04:20:33.193Z"}
{"added":["Hund","Hund - Aktiv","Hundförsäkring","Kund - Sveland","NoEmailPreferences"],"label":"mailchimp-sync-service.js","level":"info","message":"Updated tags for XX","removed":[],"timestamp":"2025-09-30T04:20:33.760Z"}
{"added":["Hund","Hund - Aktiv","Hundförsäkring","Kund - Sveland","NoEmailPreferences"],"label":"mailchimp-sync-service.js","level":"info","message":"Updated tags for XX","removed":[],"timestamp":"2025-09-30T04:20:33.763Z"}
{"added":["Hund","Hund - Aktiv","Hundförsäkring","Kund - Sveland","NoEmailPreferences"],"label":"mailchimp-sync-service.js","level":"info","message":"Updated tags for XX","removed":[],"timestamp":"2025-09-30T04:20:33.859Z"}
{"label":"mailchimp-sync-service.js","level":"info","message":"7 pages synced, status true","timestamp":"2025-09-30T04:20:33.873Z"}
{"label":"mailchimp-sync-service.js","level":"info","message":"Adding new member XX,"timestamp":"2025-09-30T04:20:33.911Z"}
{"label":"mailchimp-sync-service.js","level":"info","message":"Updating list member from XXto XX,"timestamp":"2025-09-30T04:20:33.914Z"}
{"label":"mailchimp-sync-service.js","level":"info","message":"Adding new member XX,"timestamp":"2025-09-30T04:20:33.915Z"}
{"added":[],"label":"mailchimp-sync-service.js","level":"info","message":"Updated tags for XX","removed":["Katt - Aktiv","Kattförsäkring","Kund - Sveland"],"timestamp":"2025-09-30T04:20:34.793Z"}
{"added":[],"label":"mailchimp-sync-service.js","level":"info","message":"Updated tags for XX","removed":["Katt - Aktiv","Kattförsäkring","Kund - Sveland"],"timestamp":"2025-09-30T04:20:34.799Z"}
{"added":["Hundförsäkring"],"label":"mailchimp-sync-service.js","level":"info","message":"Updated tags for r_XX","removed":[],"timestamp":"2025-09-30T04:20:34.816Z"}
{"added":[],"label":"mailchimp-sync-service.js","level":"info","message":"Updated tags for XX","removed":["Häst","Häst - Aktiv","Kund - Sveland"],"timestamp":"2025-09-30T04:20:34.844Z"}
{"label":"mailchimp-sync-service.js","level":"info","message":"Tags for XXare already up to date.","timestamp":"2025-09-30T04:20:34.846Z"}
{"added":[],"label":"mailchimp-sync-service.js","level":"info","message":"Updated tags for XX","removed":["Hund - Aktiv","Hundförsäkring","Kund - Sveland"],"timestamp":"2025-09-30T04:20:34.856Z"}
{"added":["Hund - Aktiv","Hundförsäkring","Kund - Sveland"],"label":"mailchimp-sync-service.js","level":"info","message":"Updated tags for XX","removed":[],"timestamp":"2025-09-30T04:20:34.971Z"}
{"added":["Hund","Hund - Aktiv","Hundförsäkring","Kund - Sveland","KuralinkArea","EmailPreferences"],"label":"mailchimp-sync-service.js","level":"info","message":"Updated tags for XX","removed":[],"timestamp":"2025-09-30T04:20:35.505Z"}
{"added":["Dolda fel-försäkring för valpkull","Hund","Hund - Aktiv","Hund - Kullförsäkring","Hunduppfödare - Aktiv","Kund - Sveland","EmailPreferences"],"label":"mailchimp-sync-service.js","level":"info","message":"Updated tags for XX","removed":[],"timestamp":"2025-09-30T04:20:35.689Z"}
{"label":"mailchimp-sync-service.js","level":"info","message":"8 pages synced, status true","timestamp":"2025-09-30T04:20:35.703Z"}
{"label":"mailchimp-sync-service.js","level":"info","message":"Updating list member from XX,"timestamp":"2025-09-30T04:20:35.742Z"}
{"added":["Hundförsäkring"],"label":"mailchimp-sync-service.js","level":"info","message":"Updated tags for XX","removed":[],"timestamp":"2025-09-30T04:20:36.616Z"}
{"added":[],"label":"mailchimp-sync-service.js","level":"info","message":"Updated tags for XX","removed":["Hund - Aktiv","Hundförsäkring","Kund - Sveland"],"timestamp":"2025-09-30T04:20:36.626Z"}
{"added":[],"label":"mailchimp-sync-service.js","level":"info","message":"Updated tags for XX","removed":["Hundförsäkring","Kund - Sveland"],"timestamp":"2025-09-30T04:20:36.628Z"}
{"added":[],"label":"mailchimp-sync-service.js","level":"info","message":"Updated tags for XX","removed":["Häst - Aktiv","Häst Special","Kund - Sveland"],"timestamp":"2025-09-30T04:20:36.654Z"}
{"added":[],"label":"mailchimp-sync-service.js","level":"info","message":"Updated tags for josefinshanni_XX","removed":["Hund - Aktiv","Hundförsäkring","Kund - Sveland"],"timestamp":"2025-09-30T04:20:36.723Z"}
{"added":[],"label":"mailchimp-sync-service.js","level":"info","message":"Updated tags for XX","removed":["Häst","Häst - Aktiv","Kund - Sveland"],"timestamp":"2025-09-30T04:20:36.756Z"}
{"added":[],"label":"mailchimp-sync-service.js","level":"info","message":"Updated tags for XX","removed":["Kund - Sveland","Smådjurs - Aktiv","Smådjursförsäkring"],"timestamp":"2025-09-30T04:20:36.870Z"}
{"label":"mailchimp-sync-service.js","level":"info","message":"Tags for XXare already up to date.","timestamp":"2025-09-30T04:20:36.902Z"}
{"added":[],"label":"mailchimp-sync-service.js","level":"info","message":"Updated tags for XX","removed":["Hund - Aktiv","Hundförsäkring","Kund - Sveland"],"timestamp":"2025-09-30T04:20:36.917Z"}
{"label":"mailchimp-sync-service.js","level":"info","message":"9 pages synced, status true","timestamp":"2025-09-30T04:20:36.930Z"}
{"label":"mailchimp-sync-service.js","level":"info","message":"Updating list member from XX,"timestamp":"2025-09-30T04:20:36.987Z"}
{"label":"mailchimp-sync-service.js","level":"info","message":"Updating list member from XXto XX,"timestamp":"2025-09-30T04:20:36.992Z"}
{"label":"mailchimp-sync-service.js","level":"error","message":"Error managing XX The resource submitted could not be validated. For field-specific details, see the 'errors' array.","timestamp":"2025-09-30T04:20:37.432Z"}
{"label":"mailchimp-sync-service.js","level":"error","message":"Error managing XX The resource submitted could not be validated. For field-specific details, see the 'errors' array.","timestamp":"2025-09-30T04:20:37.488Z"}
{"added":[],"label":"mailchimp-sync-service.js","level":"info","message":"Updated tags for XX","removed":["Hund - Aktiv","Hundförsäkring","Kund - Sveland"],"timestamp":"2025-09-30T04:20:37.832Z"}
{"added":[],"label":"mailchimp-sync-service.js","level":"info","message":"Updated tags for XX","removed":["Hund - Uppfödarförsäkring"],"timestamp":"2025-09-30T04:20:37.859Z"}
{"added":["NoEmailPreferences"],"label":"mailchimp-sync-service.js","level":"info","message":"Updated tags for XX","removed":["EmailPreferences"],"timestamp":"2025-09-30T04:20:37.948Z"}
{"added":[],"label":"mailchimp-sync-service.js","level":"info","message":"Updated tags for XX","removed":["Hund - Aktiv","Hundförsäkring","Kund - Sveland"],"timestamp":"2025-09-30T04:20:37.985Z"}
{"added":["EmailPreferences"],"label":"mailchimp-sync-service.js","level":"info","message":"Updated tags for XX","removed":["Hund - Aktiv","Hundförsäkring","Kund - Sveland"],"timestamp":"2025-09-30T04:20:37.993Z"}
{"added":["Hund - Aktiv","Hund - Olycksfallsförsäkring"],"label":"mailchimp-sync-service.js","level":"info","message":"Updated tags for XX","removed":[],"timestamp":"2025-09-30T04:20:38.002Z"}
{"added":[],"label":"mailchimp-sync-service.js","level":"info","message":"Updated tags for XX","removed":["Dolda fel-försäkring för valpkull","Hunduppfödare - Aktiv"],"timestamp":"2025-09-30T04:20:38.006Z"}
{"label":"mailchimp-sync-service.js","level":"info","message":"10 pages synced, status true","timestamp":"2025-09-30T04:20:38.021Z"}
{"label":"mailchimp-sync-service.js","level":"info","message":"Adding new member XX,"timestamp":"2025-09-30T04:20:38.075Z"}
{"label":"mailchimp-sync-service.js","level":"info","message":"Adding new member XX,"timestamp":"2025-09-30T04:20:38.077Z"}
{"label":"mailchimp-sync-service.js","level":"info","message":"Adding new member XX,"timestamp":"2025-09-30T04:20:38.077Z"}
{"label":"mailchimp-sync-service.js","level":"info","message":"Adding new member XX,"timestamp":"2025-09-30T04:20:38.079Z"}
{"label":"mailchimp-sync-service.js","level":"info","message":"Adding new member XX,"timestamp":"2025-09-30T04:20:38.080Z"}
{"added":["Hundförsäkring","Kund - Sveland"],"label":"mailchimp-sync-service.js","level":"info","message":"Updated tags for XX","removed":[],"timestamp":"2025-09-30T04:20:38.964Z"}
{"added":[],"label":"mailchimp-sync-service.js","level":"info","message":"Updated tags for XX","removed":["Kund - Sveland","Smådjurs - Aktiv","Smådjursförsäkring"],"timestamp":"2025-09-30T04:20:38.996Z"}
{"added":[],"label":"mailchimp-sync-service.js","level":"info","message":"Updated tags for XX","removed":["Hund - Aktiv","Hundförsäkring","Kund - Sveland"],"timestamp":"2025-09-30T04:20:39.035Z"}
{"added":["Hund - Aktiv","Hundförsäkring","Kund - Sveland"],"label":"mailchimp-sync-service.js","level":"info","message":"Updated tags for XX","removed":[],"timestamp":"2025-09-30T04:20:39.040Z"}
{"added":["Katt","Katt - Aktiv","Kattförsäkring","Kund - Sveland","NoEmailPreferences"],"label":"mailchimp-sync-service.js","level":"info","message":"Updated tags for XX","removed":[],"timestamp":"2025-09-30T04:20:39.589Z"}
{"added":["Hund","Hund - Aktiv","Hundförsäkring","Kund - Sveland","KuralinkArea","NoEmailPreferences"],"label":"mailchimp-sync-service.js","level":"info","message":"Updated tags for XX","removed":[],"timestamp":"2025-09-30T04:20:39.646Z"}
{"added":["Hund","Hund - Aktiv","Hundförsäkring","Kund - Sveland","NoEmailPreferences"],"label":"mailchimp-sync-service.js","level":"info","message":"Updated tags for XX","removed":[],"timestamp":"2025-09-30T04:20:39.675Z"}
{"added":["Hund","Hund - Aktiv","Hundförsäkring","Kund - Sveland","NoEmailPreferences"],"label":"mailchimp-sync-service.js","level":"info","message":"Updated tags for XX","removed":[],"timestamp":"2025-09-30T04:20:39.749Z"}
{"added":["Dolda fel-försäkring för valpkull","Hund","Hund - Aktiv","Hund - Kullförsäkring","Hunduppfödare - Aktiv","Kund - Sveland","NoEmailPreferences"],"label":"mailchimp-sync-service.js","level":"info","message":"Updated tags for XX","removed":[],"timestamp":"2025-09-30T04:20:39.778Z"}
{"label":"mailchimp-sync-service.js","level":"info","message":"11 pages synced, status true","timestamp":"2025-09-30T04:20:39.797Z"}
{"label":"mailchimp-sync-service.js","level":"info","message":"Adding new member XX,"timestamp":"2025-09-30T04:20:39.850Z"}
{"label":"mailchimp-sync-service.js","level":"info","message":"Updating list member from XX,"timestamp":"2025-09-30T04:20:39.852Z"}
{"label":"mailchimp-sync-service.js","level":"info","message":"Adding new member XX,"timestamp":"2025-09-30T04:20:39.855Z"}
{"added":[],"label":"mailchimp-sync-service.js","level":"info","message":"Updated tags for XX","removed":["Hund - Aktiv","Hundförsäkring","Kund - Sveland"],"timestamp":"2025-09-30T04:20:40.731Z"}
{"added":[],"label":"mailchimp-sync-service.js","level":"info","message":"Updated tags for XX","removed":["Häst","Häst - Aktiv","Kund - Sveland"],"timestamp":"2025-09-30T04:20:40.744Z"}
{"added":["Hunduppfödare - Aktiv","Katt","Katt - Aktiv","Katt - Uppfödarförsäkring","Kattuppfödare","Kattuppfödare - Aktiv","Kund - Sveland","NoEmailPreferences"],"label":"mailchimp-sync-service.js","level":"info","message":"Updated tags for XX","removed":["Häst","Häst - Aktiv"],"timestamp":"2025-09-30T04:20:40.777Z"}
{"added":["Katt","Katt - Aktiv","Kattförsäkring"],"label":"mailchimp-sync-service.js","level":"info","message":"Updated tags for XX","removed":[],"timestamp":"2025-09-30T04:20:40.788Z"}
{"added":[],"label":"mailchimp-sync-service.js","level":"info","message":"Updated tags for Emma1992_XX","removed":["Kund - Sveland","Smådjurs - Aktiv","Smådjursförsäkring"],"timestamp":"2025-09-30T04:20:40.852Z"}
{"added":["Katt - Aktiv","Kattförsäkring","Kund - Sveland"],"label":"mailchimp-sync-service.js","level":"info","message":"Updated tags for XX","removed":[],"timestamp":"2025-09-30T04:20:41.053Z"}
{"added":["Katt","Katt - Aktiv","Kattförsäkring","EmailPreferences"],"label":"mailchimp-sync-service.js","level":"info","message":"Updated tags for XX","removed":[],"timestamp":"2025-09-30T04:20:41.421Z"}
{"added":["Kund - Partner","LärarSmådjur","Smådjur","Smådjurs - Aktiv","NoEmailPreferences"],"label":"mailchimp-sync-service.js","level":"info","message":"Updated tags for XX","removed":[],"timestamp":"2025-09-30T04:20:41.467Z"}
{"added":["Hund","Hund - Aktiv","Hundförsäkring","Kund - Sveland","EmailPreferences"],"label":"mailchimp-sync-service.js","level":"info","message":"Updated tags for XX","removed":[],"timestamp":"2025-09-30T04:20:41.558Z"}
{"label":"mailchimp-sync-service.js","level":"info","message":"12 pages synced, status true","timestamp":"2025-09-30T04:20:41.577Z"}
{"label":"mailchimp-sync-service.js","level":"info","message":"Adding new member XX,"timestamp":"2025-09-30T04:20:41.634Z"}
{"added":[],"label":"mailchimp-sync-service.js","level":"info","message":"Updated tags for XX","removed":["Hund - Aktiv","Hundförsäkring","Kund - Sveland"],"timestamp":"2025-09-30T04:20:42.502Z"}
{"added":[],"label":"mailchimp-sync-service.js","level":"info","message":"Updated tags for XX","removed":["Katt - Aktiv","Kattförsäkring","Kund - Sveland"],"timestamp":"2025-09-30T04:20:42.510Z"}
{"added":[],"label":"mailchimp-sync-service.js","level":"info","message":"Updated tags for XX","removed":["Häst","Häst - Aktiv","Kund - Sveland"],"timestamp":"2025-09-30T04:20:42.518Z"}
{"added":["Katt","Katt - Aktiv","Kattförsäkring"],"label":"mailchimp-sync-service.js","level":"info","message":"Updated tags for XX","removed":[],"timestamp":"2025-09-30T04:20:42.531Z"}
{"added":[],"label":"mailchimp-sync-service.js","level":"info","message":"Updated tags for XX","removed":["Kund - Sveland","Smådjurs - Aktiv","Smådjursförsäkring"],"timestamp":"2025-09-30T04:20:42.576Z"}
{"added":["Kattförsäkring","Kund - Sveland"],"label":"mailchimp-sync-service.js","level":"info","message":"Updated tags for XX","removed":[],"timestamp":"2025-09-30T04:20:42.581Z"}
{"added":["Häst","Häst - Aktiv","Häst Begränsad","Kund - Sveland"],"label":"mailchimp-sync-service.js","level":"info","message":"Updated tags for XX","removed":[],"timestamp":"2025-09-30T04:20:42.645Z"}
{"added":["Häst - Aktiv","Häst Begränsad","Kund - Sveland"],"label":"mailchimp-sync-service.js","level":"info","message":"Updated tags for linneak_XX","removed":[],"timestamp":"2025-09-30T04:20:42.648Z"}
{"added":["Hund","Hund - Aktiv","Kund - Partner","Lärarhund Stor","NoEmailPreferences"],"label":"mailchimp-sync-service.js","level":"info","message":"Updated tags for XX","removed":[],"timestamp":"2025-09-30T04:20:43.326Z"}
{"label":"mailchimp-sync-service.js","level":"info","message":"13 pages synced, status true","timestamp":"2025-09-30T04:20:43.345Z"}
{"label":"mailchimp-sync-service.js","level":"info","message":"Adding new member XX,"timestamp":"2025-09-30T04:20:43.406Z"}
{"label":"mailchimp-sync-service.js","level":"info","message":"Adding new member XX,"timestamp":"2025-09-30T04:20:43.408Z"}
{"label":"mailchimp-sync-service.js","level":"info","message":"Adding new member XX,"timestamp":"2025-09-30T04:20:43.409Z"}
{"label":"mailchimp-sync-service.js","level":"info","message":"Adding new member XX,"timestamp":"2025-09-30T04:20:43.410Z"}
{"label":"mailchimp-sync-service.js","level":"info","message":"Adding new member XX,"timestamp":"2025-09-30T04:20:43.411Z"}
{"label":"mailchimp-sync-service.js","level":"info","message":"Adding new member XX,"timestamp":"2025-09-30T04:20:43.412Z"}
{"label":"mailchimp-sync-service.js","level":"info","message":"Adding new member XX,"timestamp":"2025-09-30T04:20:43.412Z"}
{"added":[],"label":"mailchimp-sync-service.js","level":"info","message":"Updated tags for XX","removed":["Hund - Aktiv","Hundförsäkring","Kund - Sveland"],"timestamp":"2025-09-30T04:20:44.394Z"}
{"added":["Häst","Häst - Aktiv","Kund - Sveland"],"label":"mailchimp-sync-service.js","level":"info","message":"Updated tags for XX","removed":[],"timestamp":"2025-09-30T04:20:44.617Z"}
{"added":["Hund","Hund - Aktiv","Hundförsäkring","Kund - Sveland","EmailPreferences"],"label":"mailchimp-sync-service.js","level":"info","message":"Updated tags for XX","removed":[],"timestamp":"2025-09-30T04:20:44.848Z"}
{"added":["Katt","Katt - Aktiv","Kattförsäkring","Kund - Sveland","EmailPreferences"],"label":"mailchimp-sync-service.js","level":"info","message":"Updated tags for XX","removed":[],"timestamp":"2025-09-30T04:20:44.921Z"}
{"added":["Häst","Häst - Aktiv","Hästförsäkring","Kund - Sveland","EmailPreferences"],"label":"mailchimp-sync-service.js","level":"info","message":"Updated tags for XX","removed":[],"timestamp":"2025-09-30T04:20:44.978Z"}
{"added":["Hund","Hund - Aktiv","Hundförsäkring","Kund - Sveland","EmailPreferences"],"label":"mailchimp-sync-service.js","level":"info","message":"Updated tags for XX","removed":[],"timestamp":"2025-09-30T04:20:44.988Z"}
{"added":["Hund","Hund - Aktiv","Hundförsäkring","Kund - Sveland","EmailPreferences"],"label":"mailchimp-sync-service.js","level":"info","message":"Updated tags for XX","removed":[],"timestamp":"2025-09-30T04:20:45.006Z"}
{"added":["Hund","Hund - Aktiv","Hundförsäkring","Kund - Sveland","EmailPreferences"],"label":"mailchimp-sync-service.js","level":"info","message":"Updated tags for XX","removed":[],"timestamp":"2025-09-30T04:20:45.210Z"}
{"added":["Kund - Sveland","Smådjur","Smådjurs - Aktiv","Smådjursförsäkring","EmailPreferences"],"label":"mailchimp-sync-service.js","level":"info","message":"Updated tags for XX","removed":[],"timestamp":"2025-09-30T04:20:45.383Z"}
{"label":"mailchimp-sync-service.js","level":"info","message":"14 pages synced, status true","timestamp":"2025-09-30T04:20:45.399Z"}
{"label":"mailchimp-sync-service.js","level":"info","message":"Adding new member ebba_XX,"timestamp":"2025-09-30T04:20:45.458Z"}
{"label":"mailchimp-sync-service.js","level":"info","message":"Adding new member XX,"timestamp":"2025-09-30T04:20:45.459Z"}
{"label":"mailchimp-sync-service.js","level":"info","message":"Adding new member XX,"timestamp":"2025-09-30T04:20:45.460Z"}
{"label":"mailchimp-sync-service.js","level":"info","message":"Adding new member XX,"timestamp":"2025-09-30T04:20:45.461Z"}
{"label":"mailchimp-sync-service.js","level":"info","message":"Adding new member camilla__XX,"timestamp":"2025-09-30T04:20:45.461Z"}
{"label":"mailchimp-sync-service.js","level":"info","message":"Adding new member XX,"timestamp":"2025-09-30T04:20:45.462Z"}
{"label":"mailchimp-sync-service.js","level":"info","message":"Adding new member XX,"timestamp":"2025-09-30T04:20:45.462Z"}
{"label":"mailchimp-sync-service.js","level":"info","message":"Adding new member XX,"timestamp":"2025-09-30T04:20:45.463Z"}
{"label":"mailchimp-sync-service.js","level":"info","message":"Adding new member XX,"timestamp":"2025-09-30T04:20:45.464Z"}
{"added":["Hund","Hund - Aktiv","Hundförsäkring","Kund - Sveland","EmailPreferences"],"label":"mailchimp-sync-service.js","level":"info","message":"Updated tags for XX","removed":[],"timestamp":"2025-09-30T04:20:46.761Z"}
{"added":["Hund","Hund - Aktiv","Hundförsäkring","Kund - Sveland","EmailPreferences"],"label":"mailchimp-sync-service.js","level":"info","message":"Updated tags for XX","removed":[],"timestamp":"2025-09-30T04:20:46.951Z"}
{"added":["Katt","Katt - Aktiv","Kattförsäkring","Kund - Sveland","EmailPreferences"],"label":"mailchimp-sync-service.js","level":"info","message":"Updated tags for XX","removed":[],"timestamp":"2025-09-30T04:20:46.980Z"}
{"added":["Katt","Katt - Aktiv","Kattförsäkring","Kund - Sveland","EmailPreferences"],"label":"mailchimp-sync-service.js","level":"info","message":"Updated tags for XX","removed":[],"timestamp":"2025-09-30T04:20:47.067Z"}
{"added":["Hund","Hund - Aktiv","Hundförsäkring","Kund - Sveland","EmailPreferences"],"label":"mailchimp-sync-service.js","level":"info","message":"Updated tags for camilla__XX","removed":[],"timestamp":"2025-09-30T04:20:47.075Z"}
{"added":["Hund","Hund - Aktiv","Hundförsäkring","Kund - Sveland","EmailPreferences"],"label":"mailchimp-sync-service.js","level":"info","message":"Updated tags for XX","removed":[],"timestamp":"2025-09-30T04:20:47.167Z"}
{"added":["Hund","Hund - Aktiv","Hundförsäkring","Kund - Sveland","EmailPreferences"],"label":"mailchimp-sync-service.js","level":"info","message":"Updated tags for ebba_XX","removed":[],"timestamp":"2025-09-30T04:20:51.214Z"}
{"added":["Hund","Hund - Aktiv","Hundförsäkring","Kund - Sveland","EmailPreferences"],"label":"mailchimp-sync-service.js","level":"info","message":"Updated tags for XX","removed":[],"timestamp":"2025-09-30T04:20:53.127Z"}
{"added":["Hund","Hund - Aktiv","Hundförsäkring","Kund - Sveland","KuralinkArea","EmailPreferences"],"label":"mailchimp-sync-service.js","level":"info","message":"Updated tags for XX","removed":[],"timestamp":"2025-09-30T04:20:54.547Z"}
{"label":"mailchimp-sync-service.js","level":"info","message":"15 pages synced, status true","timestamp":"2025-09-30T04:20:54.563Z"}
{"label":"mailchimp-sync-service.js","level":"info","message":"Adding new member XX,"timestamp":"2025-09-30T04:20:54.622Z"}
{"label":"mailchimp-sync-service.js","level":"info","message":"Adding new member XX,"timestamp":"2025-09-30T04:20:54.624Z"}
{"label":"mailchimp-sync-service.js","level":"info","message":"Adding new member XX,"timestamp":"2025-09-30T04:20:54.625Z"}
{"label":"mailchimp-sync-service.js","level":"info","message":"Adding new member XX,"timestamp":"2025-09-30T04:20:54.626Z"}
{"label":"mailchimp-sync-service.js","level":"info","message":"Adding new member XX,"timestamp":"2025-09-30T04:20:54.627Z"}
{"label":"mailchimp-sync-service.js","level":"info","message":"Adding new member XX,"timestamp":"2025-09-30T04:20:54.628Z"}
{"label":"mailchimp-sync-service.js","level":"info","message":"Adding new member XX,"timestamp":"2025-09-30T04:20:54.629Z"}
{"label":"mailchimp-sync-service.js","level":"info","message":"Adding new member Carro_XX,"timestamp":"2025-09-30T04:20:54.629Z"}
{"label":"mailchimp-sync-service.js","level":"info","message":"Adding new member XX,"timestamp":"2025-09-30T04:20:54.630Z"}
{"added":["Katt","Katt - Aktiv","Kattförsäkring","Kund - Sveland","EmailPreferences"],"label":"mailchimp-sync-service.js","level":"info","message":"Updated tags for XX","removed":[],"timestamp":"2025-09-30T04:20:56.122Z"}
{"added":["Häst","Häst - Aktiv","Häst Begränsad","Kund - Sveland","EmailPreferences"],"label":"mailchimp-sync-service.js","level":"info","message":"Updated tags for XX","removed":[],"timestamp":"2025-09-30T04:20:56.139Z"}
{"added":["Häst","Häst - Aktiv","Hästförsäkring","Kund - Sveland","EmailPreferences"],"label":"mailchimp-sync-service.js","level":"info","message":"Updated tags for XX","removed":[],"timestamp":"2025-09-30T04:20:56.178Z"}
{"added":["Häst","Häst - Aktiv","Hästförsäkring","Kund - Sveland","EmailPreferences"],"label":"mailchimp-sync-service.js","level":"info","message":"Updated tags for XX","removed":[],"timestamp":"2025-09-30T04:20:56.291Z"}
{"added":["Häst","Häst - Aktiv","Häst Begränsad","Kund - Sveland","EmailPreferences"],"label":"mailchimp-sync-service.js","level":"info","message":"Updated tags for XX","removed":[],"timestamp":"2025-09-30T04:20:56.302Z"}
{"added":["Katt","Katt - Aktiv","Kattförsäkring","Kund - Sveland","EmailPreferences"],"label":"mailchimp-sync-service.js","level":"info","message":"Updated tags for XX","removed":[],"timestamp":"2025-09-30T04:20:56.346Z"}
{"added":["Hund","Hund - Aktiv","Hundförsäkring","Kund - Sveland","NoEmailPreferences"],"label":"mailchimp-sync-service.js","level":"info","message":"Updated tags for XX","removed":[],"timestamp":"2025-09-30T04:20:56.348Z"}
{"added":["Häst","Häst - Aktiv","Häst Begränsad","Kund - Sveland","EmailPreferences"],"label":"mailchimp-sync-service.js","level":"info","message":"Updated tags for Carro_XX","removed":[],"timestamp":"2025-09-30T04:20:56.362Z"}
{"added":["Hund","Hund - Aktiv","Hundförsäkring","Kund - Sveland","EmailPreferences"],"label":"mailchimp-sync-service.js","level":"info","message":"Updated tags for XX","removed":[],"timestamp":"2025-09-30T04:20:56.443Z"}
{"label":"mailchimp-sync-service.js","level":"info","message":"16 pages synced, status true","timestamp":"2025-09-30T04:20:56.456Z"}
{"label":"mailchimp-sync-service.js","level":"info","message":"Adding new member XX,"timestamp":"2025-09-30T04:20:56.514Z"}
{"label":"mailchimp-sync-service.js","level":"info","message":"Adding new member XX,"timestamp":"2025-09-30T04:20:56.515Z"}
{"label":"mailchimp-sync-service.js","level":"info","message":"Adding new member XX,"timestamp":"2025-09-30T04:20:56.515Z"}
{"label":"mailchimp-sync-service.js","level":"info","message":"Adding new member XX,"timestamp":"2025-09-30T04:20:56.516Z"}
{"label":"mailchimp-sync-service.js","level":"info","message":"Adding new member XX,"timestamp":"2025-09-30T04:20:56.516Z"}
{"label":"mailchimp-sync-service.js","level":"info","message":"Adding new member XX,"timestamp":"2025-09-30T04:20:56.517Z"}
{"label":"mailchimp-sync-service.js","level":"info","message":"Adding new member XX,"timestamp":"2025-09-30T04:20:56.518Z"}
{"label":"mailchimp-sync-service.js","level":"info","message":"Adding new member XX,"timestamp":"2025-09-30T04:20:56.518Z"}
{"label":"mailchimp-sync-service.js","level":"info","message":"Adding new member XX,"timestamp":"2025-09-30T04:20:56.519Z"}
{"added":["Katt","Katt - Aktiv","Kund - Partner","LärarKatt Mellan","EmailPreferences"],"label":"mailchimp-sync-service.js","level":"info","message":"Updated tags for XX","removed":[],"timestamp":"2025-09-30T04:20:57.863Z"}
{"added":["Katt","Katt - Aktiv","Kattförsäkring","Kund - Sveland","EmailPreferences"],"label":"mailchimp-sync-service.js","level":"info","message":"Updated tags for XX","removed":[],"timestamp":"2025-09-30T04:20:58.012Z"}
{"added":["Katt","Katt - Aktiv","Kattförsäkring","Kund - Sveland","EmailPreferences"],"label":"mailchimp-sync-service.js","level":"info","message":"Updated tags for XX","removed":[],"timestamp":"2025-09-30T04:20:58.022Z"}
{"added":["Kund - Partner","LärarSmådjur","Smådjur","Smådjurs - Aktiv","EmailPreferences"],"label":"mailchimp-sync-service.js","level":"info","message":"Updated tags for XX","removed":[],"timestamp":"2025-09-30T04:20:58.032Z"}
{"added":["Hund","Hund - Aktiv","Hundförsäkring","Kund - Sveland","EmailPreferences"],"label":"mailchimp-sync-service.js","level":"info","message":"Updated tags for XX","removed":[],"timestamp":"2025-09-30T04:20:58.066Z"}
{"added":["Katt","Katt - Aktiv","Kund - Partner","LärarKatt Mellan","EmailPreferences"],"label":"mailchimp-sync-service.js","level":"info","message":"Updated tags for XX","removed":[],"timestamp":"2025-09-30T04:20:58.067Z"}
{"added":["Hund","Hund - Aktiv","Hundförsäkring","Kund - Sveland","KuralinkArea","EmailPreferences"],"label":"mailchimp-sync-service.js","level":"info","message":"Updated tags for XX","removed":[],"timestamp":"2025-09-30T04:20:58.088Z"}
{"added":["Hund","Hund - Aktiv","Kund - Partner","KuralinkArea","Lärarhund Stor","EmailPreferences"],"label":"mailchimp-sync-service.js","level":"info","message":"Updated tags for XX","removed":[],"timestamp":"2025-09-30T04:20:58.089Z"}
{"added":["Hund","Hund - Aktiv","Kund - Partner","Lärarhund Mellan","EmailPreferences"],"label":"mailchimp-sync-service.js","level":"info","message":"Updated tags for XX","removed":[],"timestamp":"2025-09-30T04:20:58.303Z"}
{"label":"mailchimp-sync-service.js","level":"info","message":"17 pages synced, status true","timestamp":"2025-09-30T04:20:58.317Z"}
{"label":"mailchimp-sync-service.js","level":"info","message":"Adding new member XX,"timestamp":"2025-09-30T04:20:58.381Z"}
{"label":"mailchimp-sync-service.js","level":"info","message":"Adding new member XX,"timestamp":"2025-09-30T04:20:58.382Z"}
{"label":"mailchimp-sync-service.js","level":"info","message":"Adding new member XX,"timestamp":"2025-09-30T04:20:58.383Z"}
{"label":"mailchimp-sync-service.js","level":"info","message":"Adding new member XX,"timestamp":"2025-09-30T04:20:58.383Z"}
{"label":"mailchimp-sync-service.js","level":"info","message":"Adding new member XX,"timestamp":"2025-09-30T04:20:58.384Z"}
{"label":"mailchimp-sync-service.js","level":"info","message":"Adding new member XX,"timestamp":"2025-09-30T04:20:58.384Z"}
{"label":"mailchimp-sync-service.js","level":"info","message":"Adding new member XX,"timestamp":"2025-09-30T04:20:58.385Z"}
{"label":"mailchimp-sync-service.js","level":"info","message":"Adding new member XX,"timestamp":"2025-09-30T04:20:58.385Z"}
{"label":"mailchimp-sync-service.js","level":"info","message":"Adding new member XX,"timestamp":"2025-09-30T04:20:58.386Z"}
{"added":["Hund","Hund - Aktiv","Hundförsäkring","Kund - Sveland","EmailPreferences"],"label":"mailchimp-sync-service.js","level":"info","message":"Updated tags for XX","removed":[],"timestamp":"2025-09-30T04:20:59.691Z"}
{"added":["Hund","Hund - Aktiv","Hundförsäkring","Kund - Sveland","EmailPreferences"],"label":"mailchimp-sync-service.js","level":"info","message":"Updated tags for XX","removed":[],"timestamp":"2025-09-30T04:20:59.722Z"}
{"added":["Katt","Katt - Aktiv","Kattförsäkring","Kund - Sveland","EmailPreferences"],"label":"mailchimp-sync-service.js","level":"info","message":"Updated tags for XX","removed":[],"timestamp":"2025-09-30T04:20:59.862Z"}
{"added":["Katt","Katt - Aktiv","Kattförsäkring","Kund - Sveland","EmailPreferences"],"label":"mailchimp-sync-service.js","level":"info","message":"Updated tags for XX","removed":[],"timestamp":"2025-09-30T04:20:59.916Z"}
{"added":["Hund","Hund - Aktiv","Hundförsäkring","Kund - Sveland","EmailPreferences"],"label":"mailchimp-sync-service.js","level":"info","message":"Updated tags for XX","removed":[],"timestamp":"2025-09-30T04:20:59.929Z"}
{"added":["Hund","Hund - Aktiv","Hundförsäkring","Kund - Sveland","EmailPreferences"],"label":"mailchimp-sync-service.js","level":"info","message":"Updated tags for XX","removed":[],"timestamp":"2025-09-30T04:20:59.999Z"}
{"added":["Hund","Hund - Aktiv","Hundförsäkring","Kund - Sveland","KuralinkArea","EmailPreferences"],"label":"mailchimp-sync-service.js","level":"info","message":"Updated tags for XX","removed":[],"timestamp":"2025-09-30T04:21:00.002Z"}
{"added":["Katt","Katt - Aktiv","Kattförsäkring","Kund - Sveland","EmailPreferences"],"label":"mailchimp-sync-service.js","level":"info","message":"Updated tags for XX","removed":[],"timestamp":"2025-09-30T04:21:00.009Z"}
{"added":["Katt","Katt - Aktiv","Kattförsäkring","Kund - Sveland","EmailPreferences"],"label":"mailchimp-sync-service.js","level":"info","message":"Updated tags for XX","removed":[],"timestamp":"2025-09-30T04:21:00.015Z"}
{"label":"mailchimp-sync-service.js","level":"info","message":"18 pages synced, status true","timestamp":"2025-09-30T04:21:00.032Z"}
{"label":"mailchimp-sync-service.js","level":"info","message":"Adding new member XX,"timestamp":"2025-09-30T04:21:00.092Z"}
{"label":"mailchimp-sync-service.js","level":"info","message":"Adding new member XX,"timestamp":"2025-09-30T04:21:00.093Z"}
{"label":"mailchimp-sync-service.js","level":"info","message":"Adding new member XX,"timestamp":"2025-09-30T04:21:00.094Z"}
{"label":"mailchimp-sync-service.js","level":"info","message":"Adding new member XX,"timestamp":"2025-09-30T04:21:00.094Z"}
{"added":["Hund - Uppfödarförsäkring","Hunduppfödare","Hunduppfödare - Aktiv","Kund - Sveland","EmailPreferences"],"label":"mailchimp-sync-service.js","level":"info","message":"Updated tags for XX","removed":[],"timestamp":"2025-09-30T04:21:01.724Z"}
{"added":["Katt","Katt - Aktiv","Kund - Partner","LärarKatt Mellan","EmailPreferences"],"label":"mailchimp-sync-service.js","level":"info","message":"Updated tags for XX","removed":[],"timestamp":"2025-09-30T04:21:01.749Z"}
{"added":["Hund - Kullförsäkring","Hunduppfödare - Aktiv","EmailPreferences"],"label":"mailchimp-sync-service.js","level":"info","message":"Updated tags for XX","removed":[],"timestamp":"2025-09-30T04:21:01.768Z"}
{"added":["Kund - Partner","LärarSmådjur","Smådjur","Smådjurs - Aktiv","EmailPreferences"],"label":"mailchimp-sync-service.js","level":"info","message":"Updated tags for XX","removed":[],"timestamp":"2025-09-30T04:21:01.787Z"}
{"label":"mailchimp-sync-service.js","level":"info","message":"19 pages synced, status false","timestamp":"2025-09-30T04:21:01.800Z"}
{"label":"mailchimp-sync-service.js","level":"info","message":"Mailchimp sync completed","timestamp":"2025-09-30T04:21:01.800Z"}
{"label":"i2i-client.js","level":"info","message":"Fetching auth token STANDARD for api","timestamp":"2025-09-30T04:25:00.248Z"}
{"label":"i2i-client.js","level":"info","message":"Fetching auth token STANDARD for api","timestamp":"2025-09-30T04:25:00.248Z"}
{"label":"i2i-monitor-service.js","level":"info","message":"I2I Monitor GetClaim: 0.5871","timestamp":"2025-09-30T04:25:00.835Z"}
{"label":"i2i-client.js","level":"info","message":"Fetching auth token STANDARD for api","timestamp":"2025-09-30T04:25:00.835Z"}
{"label":"i2i-client.js","level":"info","message":"Fetching auth token STANDARD for api","timestamp":"2025-09-30T04:25:00.953Z"}
{"label":"i2i-monitor-service.js","level":"info","message":"I2I Monitor UpdateClaim: 1.4174","timestamp":"2025-09-30T04:25:02.253Z"}
{"label":"i2i-client.js","level":"info","message":"Fetching auth token STANDARD for api","timestamp":"2025-09-30T04:25:02.253Z"}
{"label":"i2i-client.js","level":"info","message":"Fetching auth token STANDARD for api","timestamp":"2025-09-30T04:25:02.334Z"}
{"label":"i2i-client.js","level":"info","message":"Fetching auth token STANDARD for api","timestamp":"2025-09-30T04:25:02.415Z"}
{"label":"i2i-monitor-service.js","level":"info","message":"I2I Monitor UpdatePolicy: 8.4620","timestamp":"2025-09-30T04:25:10.715Z"}
{"label":"i2i-client.js","level":"info","message":"Fetching auth token STANDARD for api","timestamp":"2025-09-30T04:25:10.715Z"}
{"label":"i2i-monitor-service.js","level":"info","message":"I2I Monitor GetParty: 0.0768","timestamp":"2025-09-30T04:25:10.792Z"}
{"label":"i2i-client.js","level":"info","message":"Fetching auth token STANDARD for api","timestamp":"2025-09-30T04:25:10.792Z"}
{"label":"i2i-client.js","level":"info","message":"Fetching auth token STANDARD for api","timestamp":"2025-09-30T04:25:10.866Z"}
{"label":"i2i-monitor-service.js","level":"info","message":"I2I Monitor UpdateParty: 0.1711","timestamp":"2025-09-30T04:25:10.963Z"}
{"label":"i2i-client.js","level":"info","message":"Fetching auth token STANDARD for api","timestamp":"2025-09-30T04:25:10.963Z"}
{"label":"i2i-monitor-service.js","level":"info","message":"I2I Monitor GetPolicy: 0.1911","timestamp":"2025-09-30T04:25:11.154Z"}
{"GetClaim":0.58714159,"GetParty":0.076823124,"GetPolicy":0.191105987,"UpdateClaim":1.417358949,"UpdateParty":0.17106352000000002,"UpdatePolicy":8.461950307999999,"label":"i2i-monitor-service.js","level":"info","message":"I2I Monitor Results","timestamp":"2025-09-30T04:25:11.155Z"}
{"label":"i2i-client.js","level":"info","message":"Fetching auth token STANDARD for api","timestamp":"2025-09-30T04:30:00.572Z"}
{"label":"i2i-client.js","level":"info","message":"Fetching auth token STANDARD for api","timestamp":"2025-09-30T04:30:00.572Z"}
{"label":"marketing-service.js","level":"info","message":"Start job sommarkampanj-2025-dogs:sommarkampanj-2025","timestamp":"2025-09-30T04:30:00.583Z"}
{"label":"marketing-service-job.js","level":"info","message":"Starting JOB sommarkampanj-2025-dogs:sommarkampanj-2025","timestamp":"2025-09-30T04:30:00.583Z"}
{"label":"marketing-service.js","level":"info","message":"Start job sommarkampanj-2025-dogs:sommarkampanj-2025","timestamp":"2025-09-30T04:30:00.585Z"}
{"label":"marketing-service-job.js","level":"info","message":"Starting JOB sommarkampanj-2025-dogs:sommarkampanj-2025","timestamp":"2025-09-30T04:30:00.585Z"}
{"label":"i2i-db-monitor-service.js","level":"info","message":"I2I DB Monitor ProfilerLastHour@Execution: 0.0258","timestamp":"2025-09-30T04:30:00.600Z"}
{"label":"i2i-db-monitor-service.js","level":"info","message":"I2I DB Monitor ProfilerLastHour@TotalCount: 0.0000","timestamp":"2025-09-30T04:30:00.600Z"}
{"label":"i2i-db-monitor-service.js","level":"info","message":"I2I DB Monitor ProfilerLastHour@Count: 0.0000","timestamp":"2025-09-30T04:30:00.600Z"}
{"label":"i2i-db-monitor-service.js","level":"info","message":"I2I DB Monitor ProfilerLastHour@ErrorCount: 0.0000","timestamp":"2025-09-30T04:30:00.600Z"}
{"label":"i2i-db-monitor-service.js","level":"info","message":"I2I DB Monitor ProfilerLastHour@CountTimeout: 0.0000","timestamp":"2025-09-30T04:30:00.600Z"}
{"label":"i2i-db-monitor-service.js","level":"info","message":"I2I DB Monitor ProfilerLastHour@AvgDuration: 0.0000","timestamp":"2025-09-30T04:30:00.600Z"}
{"label":"i2i-db-monitor-service.js","level":"info","message":"I2I DB Monitor ProfilerLastHour@TotalDuration: 0.0000","timestamp":"2025-09-30T04:30:00.600Z"}
{"label":"i2i-db-monitor-service.js","level":"info","message":"I2I DB Monitor ProfilerLastHour@AvgDurationTimeout: 0.0000","timestamp":"2025-09-30T04:30:00.600Z"}
{"label":"i2i-db-monitor-service.js","level":"info","message":"I2I DB Monitor ProfilerLastHour@TotalDurationTiemout: 0.0000","timestamp":"2025-09-30T04:30:00.600Z"}
{"label":"i2i-db-monitor-service.js","level":"info","message":"I2I DB Monitor ProfilerPrevHour@Execution: 0.0243","timestamp":"2025-09-30T04:30:00.624Z"}
{"label":"i2i-db-monitor-service.js","level":"info","message":"I2I DB Monitor ProfilerPrevHour@TotalCount: 4.0000","timestamp":"2025-09-30T04:30:00.624Z"}
{"label":"i2i-db-monitor-service.js","level":"info","message":"I2I DB Monitor ProfilerPrevHour@Count: 0.0000","timestamp":"2025-09-30T04:30:00.624Z"}
{"label":"i2i-db-monitor-service.js","level":"info","message":"I2I DB Monitor ProfilerPrevHour@ErrorCount: 0.0000","timestamp":"2025-09-30T04:30:00.624Z"}
{"label":"i2i-db-monitor-service.js","level":"info","message":"I2I DB Monitor ProfilerPrevHour@CountTimeout: 4.0000","timestamp":"2025-09-30T04:30:00.625Z"}
{"label":"i2i-db-monitor-service.js","level":"info","message":"I2I DB Monitor ProfilerPrevHour@AvgDuration: 0.0000","timestamp":"2025-09-30T04:30:00.625Z"}
{"label":"i2i-db-monitor-service.js","level":"info","message":"I2I DB Monitor ProfilerPrevHour@TotalDuration: 0.0000","timestamp":"2025-09-30T04:30:00.625Z"}
{"label":"i2i-db-monitor-service.js","level":"info","message":"I2I DB Monitor ProfilerPrevHour@AvgDurationTimeout: 30006931.5000","timestamp":"2025-09-30T04:30:00.625Z"}
{"label":"i2i-db-monitor-service.js","level":"info","message":"I2I DB Monitor ProfilerPrevHour@TotalDurationTiemout: 120027726.0000","timestamp":"2025-09-30T04:30:00.625Z"}
{"ProfilerLastHour_AvgDuration":0,"ProfilerLastHour_AvgDurationTimeout":0,"ProfilerLastHour_Count":0,"ProfilerLastHour_CountTimeout":0,"ProfilerLastHour_ErrorCount":0,"ProfilerLastHour_TotalCount":0,"ProfilerLastHour_TotalDuration":0,"ProfilerLastHour_TotalDurationTiemout":0,"ProfilerPrevHour_AvgDuration":0,"ProfilerPrevHour_AvgDurationTimeout":30006931.5,"ProfilerPrevHour_Count":0,"ProfilerPrevHour_CountTimeout":4,"ProfilerPrevHour_ErrorCount":0,"ProfilerPrevHour_TotalCount":4,"ProfilerPrevHour_TotalDuration":0,"ProfilerPrevHour_TotalDurationTiemout":120027726,"label":"i2i-db-monitor-service.js","level":"info","message":"I2I DB Monitor Results","timestamp":"2025-09-30T04:30:00.625Z"}
{"label":"i2i-monitor-service.js","level":"info","message":"I2I Monitor GetClaim: 0.2203","timestamp":"2025-09-30T04:30:00.792Z"}
{"label":"i2i-client.js","level":"info","message":"Fetching auth token STANDARD for api","timestamp":"2025-09-30T04:30:00.793Z"}
{"label":"marketing-service-job.js","level":"info","message":"Got 0 items to synk","timestamp":"2025-09-30T04:30:00.850Z"}
{"label":"marketing-service-job.js","level":"info","message":"Marketing log written","timestamp":"2025-09-30T04:30:00.850Z"}
{"label":"marketing-service-job.js","level":"info","message":"Post duplicate removal 0 items to synk","timestamp":"2025-09-30T04:30:00.850Z"}
{"label":"marketing-service-job.js","level":"info","message":"No data to sync","timestamp":"2025-09-30T04:30:00.850Z"}
{"label":"marketing-service-job.js","level":"info","message":"Got 0 items to synk","timestamp":"2025-09-30T04:30:00.878Z"}
{"label":"marketing-service-job.js","level":"info","message":"Marketing log written","timestamp":"2025-09-30T04:30:00.878Z"}
{"label":"marketing-service-job.js","level":"info","message":"Post duplicate removal 0 items to synk","timestamp":"2025-09-30T04:30:00.878Z"}
{"label":"marketing-service-job.js","level":"info","message":"No data to sync","timestamp":"2025-09-30T04:30:00.878Z"}
{"label":"i2i-client.js","level":"info","message":"Fetching auth token STANDARD for api","timestamp":"2025-09-30T04:30:00.908Z"}
{"label":"i2i-client.js","level":"info","message":"Fetching auth token STANDARD for api","timestamp":"2025-09-30T04:30:00.983Z"}
{"label":"i2i-monitor-service.js","level":"info","message":"I2I Monitor UpdatePolicy: 8.9390","timestamp":"2025-09-30T04:30:09.732Z"}
{"label":"i2i-client.js","level":"info","message":"Fetching auth token STANDARD for api","timestamp":"2025-09-30T04:30:09.732Z"}
{"label":"i2i-monitor-service.js","level":"info","message":"I2I Monitor GetParty: 0.0733","timestamp":"2025-09-30T04:30:09.805Z"}
{"label":"i2i-client.js","level":"info","message":"Fetching auth token STANDARD for api","timestamp":"2025-09-30T04:30:09.805Z"}
{"label":"i2i-client.js","level":"info","message":"Fetching auth token STANDARD for api","timestamp":"2025-09-30T04:30:09.878Z"}
{"label":"i2i-monitor-service.js","level":"info","message":"I2I Monitor UpdateParty: 0.1524","timestamp":"2025-09-30T04:30:09.958Z"}
{"label":"i2i-client.js","level":"info","message":"Fetching auth token STANDARD for api","timestamp":"2025-09-30T04:30:09.958Z"}
{"label":"i2i-monitor-service.js","level":"info","message":"I2I Monitor GetPolicy: 0.0880","timestamp":"2025-09-30T04:30:10.046Z"}
{"label":"i2i-client.js","level":"info","message":"Fetching auth token STANDARD for api","timestamp":"2025-09-30T04:30:10.046Z"}
{"label":"i2i-client.js","level":"info","message":"Fetching auth token STANDARD for api","timestamp":"2025-09-30T04:30:10.156Z"}
{"label":"i2i-monitor-service.js","level":"info","message":"I2I Monitor UpdateClaim: 1.3798","timestamp":"2025-09-30T04:30:11.426Z"}
{"GetClaim":0.220330453,"GetParty":0.073301508,"GetPolicy":0.087974369,"UpdateClaim":1.379830916,"UpdateParty":0.152406251,"UpdatePolicy":8.939020861000001,"label":"i2i-monitor-service.js","level":"info","message":"I2I Monitor Results","timestamp":"2025-09-30T04:30:11.426Z"}
{"label":"i2i-client.js","level":"info","message":"Fetching auth token STANDARD for api","timestamp":"2025-09-30T04:35:00.926Z"}
{"label":"i2i-client.js","level":"info","message":"Fetching auth token STANDARD for api","timestamp":"2025-09-30T04:35:00.926Z"}
{"label":"i2i-monitor-service.js","level":"info","message":"I2I Monitor GetPolicy: 0.0941","timestamp":"2025-09-30T04:35:01.020Z"}
{"label":"i2i-client.js","level":"info","message":"Fetching auth token STANDARD for api","timestamp":"2025-09-30T04:35:01.020Z"}
{"label":"i2i-client.js","level":"info","message":"Fetching auth token STANDARD for api","timestamp":"2025-09-30T04:35:01.096Z"}
{"label":"i2i-client.js","level":"info","message":"Fetching auth token STANDARD for api","timestamp":"2025-09-30T04:35:01.173Z"}
{"label":"i2i-monitor-service.js","level":"info","message":"I2I Monitor UpdatePolicy: 8.9140","timestamp":"2025-09-30T04:35:09.934Z"}
{"label":"i2i-client.js","level":"info","message":"Fetching auth token STANDARD for api","timestamp":"2025-09-30T04:35:09.935Z"}
{"label":"i2i-client.js","level":"info","message":"Fetching auth token STANDARD for api","timestamp":"2025-09-30T04:35:10.008Z"}
{"label":"i2i-monitor-service.js","level":"info","message":"I2I Monitor UpdateParty: 0.1538","timestamp":"2025-09-30T04:35:10.088Z"}
{"label":"i2i-client.js","level":"info","message":"Fetching auth token STANDARD for api","timestamp":"2025-09-30T04:35:10.088Z"}
{"label":"i2i-client.js","level":"info","message":"Fetching auth token STANDARD for api","timestamp":"2025-09-30T04:35:10.199Z"}
{"label":"i2i-monitor-service.js","level":"info","message":"I2I Monitor UpdateClaim: 1.3518","timestamp":"2025-09-30T04:35:11.440Z"}
{"label":"i2i-client.js","level":"info","message":"Fetching auth token STANDARD for api","timestamp":"2025-09-30T04:35:11.440Z"}
{"label":"i2i-monitor-service.js","level":"info","message":"I2I Monitor GetParty: 0.0684","timestamp":"2025-09-30T04:35:11.509Z"}
{"label":"i2i-client.js","level":"info","message":"Fetching auth token STANDARD for api","timestamp":"2025-09-30T04:35:11.509Z"}
{"label":"i2i-monitor-service.js","level":"info","message":"I2I Monitor GetClaim: 0.1065","timestamp":"2025-09-30T04:35:11.616Z"}
{"GetClaim":0.10648953500000001,"GetParty":0.068421831,"GetPolicy":0.094092836,"UpdateClaim":1.351776617,"UpdateParty":0.153770174,"UpdatePolicy":8.913990654,"label":"i2i-monitor-service.js","level":"info","message":"I2I Monitor Results","timestamp":"2025-09-30T04:35:11.616Z"}
{"label":"party-sync-service.js","level":"info","message":"Refreshing index of parties to sync","timestamp":"2025-09-30T04:40:00.262Z"}
{"label":"i2i-client.js","level":"info","message":"Fetching auth token STANDARD for api","timestamp":"2025-09-30T04:40:00.264Z"}
{"label":"i2i-client.js","level":"info","message":"Fetching auth token STANDARD for api","timestamp":"2025-09-30T04:40:00.264Z"}
{"label":"marketing-service.js","level":"info","message":"Start job sommarkampanj-2025-dogs:sommarkampanj-2025","timestamp":"2025-09-30T04:40:00.277Z"}
{"label":"marketing-service-job.js","level":"info","message":"Starting JOB sommarkampanj-2025-dogs:sommarkampanj-2025","timestamp":"2025-09-30T04:40:00.277Z"}
{"label":"marketing-service.js","level":"info","message":"Start job sommarkampanj-2025-dogs:sommarkampanj-2025","timestamp":"2025-09-30T04:40:00.278Z"}
{"label":"marketing-service-job.js","level":"info","message":"Starting JOB sommarkampanj-2025-dogs:sommarkampanj-2025","timestamp":"2025-09-30T04:40:00.278Z"}
{"label":"i2i-client.js","level":"info","message":"Fetching auth token STANDARD for api","timestamp":"2025-09-30T04:40:00.375Z"}
{"label":"i2i-client.js","level":"info","message":"Fetching auth token STANDARD for api","timestamp":"2025-09-30T04:40:00.542Z"}
{"label":"marketing-service-job.js","level":"info","message":"Got 0 items to synk","timestamp":"2025-09-30T04:40:00.817Z"}
{"label":"marketing-service-job.js","level":"info","message":"Marketing log written","timestamp":"2025-09-30T04:40:00.817Z"}
{"label":"marketing-service-job.js","level":"info","message":"Post duplicate removal 0 items to synk","timestamp":"2025-09-30T04:40:00.817Z"}
{"label":"marketing-service-job.js","level":"info","message":"No data to sync","timestamp":"2025-09-30T04:40:00.817Z"}
{"label":"marketing-service-job.js","level":"info","message":"Got 0 items to synk","timestamp":"2025-09-30T04:40:01.145Z"}
{"label":"marketing-service-job.js","level":"info","message":"Marketing log written","timestamp":"2025-09-30T04:40:01.146Z"}
{"label":"marketing-service-job.js","level":"info","message":"Post duplicate removal 0 items to synk","timestamp":"2025-09-30T04:40:01.146Z"}
{"label":"marketing-service-job.js","level":"info","message":"No data to sync","timestamp":"2025-09-30T04:40:01.146Z"}
{"label":"party-sync-db-client.js","level":"info","message":"Party sync table refreshed, 123 items updated","timestamp":"2025-09-30T04:40:01.456Z"}
{"label":"party-sync-service.js","level":"info","message":"STARTING: Syna monitoring","timestamp":"2025-09-30T04:40:01.456Z"}
{"label":"i2i-monitor-service.js","level":"info","message":"I2I Monitor UpdatePolicy: 13.2267","timestamp":"2025-09-30T04:40:13.491Z"}
{"label":"i2i-client.js","level":"info","message":"Fetching auth token STANDARD for api","timestamp":"2025-09-30T04:40:13.491Z"}
{"label":"i2i-monitor-service.js","level":"info","message":"I2I Monitor GetClaim: 0.1132","timestamp":"2025-09-30T04:40:13.604Z"}
{"label":"i2i-client.js","level":"info","message":"Fetching auth token STANDARD for api","timestamp":"2025-09-30T04:40:13.605Z"}
{"label":"i2i-client.js","level":"info","message":"Fetching auth token STANDARD for api","timestamp":"2025-09-30T04:40:13.709Z"}
{"label":"i2i-monitor-service.js","level":"info","message":"I2I Monitor UpdateClaim: 1.3687","timestamp":"2025-09-30T04:40:14.973Z"}
{"label":"i2i-client.js","level":"info","message":"Fetching auth token STANDARD for api","timestamp":"2025-09-30T04:40:14.973Z"}
{"label":"i2i-monitor-service.js","level":"info","message":"I2I Monitor GetPolicy: 0.0801","timestamp":"2025-09-30T04:40:15.053Z"}
{"label":"i2i-client.js","level":"info","message":"Fetching auth token STANDARD for api","timestamp":"2025-09-30T04:40:15.054Z"}
{"label":"i2i-monitor-service.js","level":"info","message":"I2I Monitor GetParty: 0.0713","timestamp":"2025-09-30T04:40:15.125Z"}
{"label":"i2i-client.js","level":"info","message":"Fetching auth token STANDARD for api","timestamp":"2025-09-30T04:40:15.125Z"}
{"label":"i2i-client.js","level":"info","message":"Fetching auth token STANDARD for api","timestamp":"2025-09-30T04:40:15.194Z"}
{"label":"i2i-monitor-service.js","level":"info","message":"I2I Monitor UpdateParty: 0.1510","timestamp":"2025-09-30T04:40:15.276Z"}
{"GetClaim":0.11318047099999999,"GetParty":0.07133241800000001,"GetPolicy":0.080055348,"UpdateClaim":1.368651749,"UpdateParty":0.150984968,"UpdatePolicy":13.226744522999999,"label":"i2i-monitor-service.js","level":"info","message":"I2I Monitor Results","timestamp":"2025-09-30T04:40:15.276Z"}
{"label":"i2i-client.js","level":"info","message":"Fetching auth token STANDARD for api","timestamp":"2025-09-30T04:45:00.721Z"}
{"label":"i2i-client.js","level":"info","message":"Fetching auth token STANDARD for api","timestamp":"2025-09-30T04:45:00.721Z"}
{"label":"i2i-client.js","level":"info","message":"Fetching auth token STANDARD for api","timestamp":"2025-09-30T04:45:00.801Z"}
{"label":"i2i-monitor-service.js","level":"info","message":"I2I Monitor UpdateParty: 0.1603","timestamp":"2025-09-30T04:45:00.882Z"}
{"label":"i2i-client.js","level":"info","message":"Fetching auth token STANDARD for api","timestamp":"2025-09-30T04:45:00.882Z"}
{"label":"i2i-monitor-service.js","level":"info","message":"I2I Monitor GetClaim: 0.1135","timestamp":"2025-09-30T04:45:00.995Z"}
{"label":"i2i-client.js","level":"info","message":"Fetching auth token STANDARD for api","timestamp":"2025-09-30T04:45:00.995Z"}
{"label":"i2i-client.js","level":"info","message":"Fetching auth token STANDARD for api","timestamp":"2025-09-30T04:45:01.105Z"}
{"label":"i2i-monitor-service.js","level":"info","message":"I2I Monitor UpdateClaim: 1.4245","timestamp":"2025-09-30T04:45:02.420Z"}
{"label":"i2i-client.js","level":"info","message":"Fetching auth token STANDARD for api","timestamp":"2025-09-30T04:45:02.420Z"}
{"label":"i2i-client.js","level":"info","message":"Fetching auth token STANDARD for api","timestamp":"2025-09-30T04:45:02.500Z"}
{"label":"i2i-client.js","level":"info","message":"Fetching auth token STANDARD for api","timestamp":"2025-09-30T04:45:02.585Z"}
{"label":"i2i-monitor-service.js","level":"info","message":"I2I Monitor UpdatePolicy: 8.1916","timestamp":"2025-09-30T04:45:10.612Z"}
{"label":"i2i-client.js","level":"info","message":"Fetching auth token STANDARD for api","timestamp":"2025-09-30T04:45:10.612Z"}
{"label":"i2i-monitor-service.js","level":"info","message":"I2I Monitor GetParty: 0.0731","timestamp":"2025-09-30T04:45:10.685Z"}
{"label":"i2i-client.js","level":"info","message":"Fetching auth token STANDARD for api","timestamp":"2025-09-30T04:45:10.685Z"}
{"label":"i2i-monitor-service.js","level":"info","message":"I2I Monitor GetPolicy: 0.0843","timestamp":"2025-09-30T04:45:10.769Z"}
{"GetClaim":0.11354418699999999,"GetParty":0.073054901,"GetPolicy":0.084342717,"UpdateClaim":1.4245437630000002,"UpdateParty":0.160314481,"UpdatePolicy":8.19159165,"label":"i2i-monitor-service.js","level":"info","message":"I2I Monitor Results","timestamp":"2025-09-30T04:45:10.770Z"}
{"label":"i2i-client.js","level":"info","message":"Fetching auth token STANDARD for api","timestamp":"2025-09-30T04:50:00.063Z"}
{"label":"i2i-client.js","level":"info","message":"Fetching auth token STANDARD for api","timestamp":"2025-09-30T04:50:00.063Z"}
{"label":"marketing-service.js","level":"info","message":"Start job sommarkampanj-2025-dogs:sommarkampanj-2025","timestamp":"2025-09-30T04:50:00.073Z"}
{"label":"marketing-service-job.js","level":"info","message":"Starting JOB sommarkampanj-2025-dogs:sommarkampanj-2025","timestamp":"2025-09-30T04:50:00.073Z"}
{"label":"marketing-service.js","level":"info","message":"Start job sommarkampanj-2025-dogs:sommarkampanj-2025","timestamp":"2025-09-30T04:50:00.073Z"}
{"label":"marketing-service-job.js","level":"info","message":"Starting JOB sommarkampanj-2025-dogs:sommarkampanj-2025","timestamp":"2025-09-30T04:50:00.074Z"}
{"label":"marketing-service-job.js","level":"info","message":"Got 0 items to synk","timestamp":"2025-09-30T04:50:00.308Z"}
{"label":"marketing-service-job.js","level":"info","message":"Marketing log written","timestamp":"2025-09-30T04:50:00.308Z"}
{"label":"marketing-service-job.js","level":"info","message":"Post duplicate removal 0 items to synk","timestamp":"2025-09-30T04:50:00.308Z"}
{"label":"marketing-service-job.js","level":"info","message":"No data to sync","timestamp":"2025-09-30T04:50:00.308Z"}
{"label":"i2i-client.js","level":"info","message":"Fetching auth token STANDARD for api","timestamp":"2025-09-30T04:50:00.326Z"}
{"label":"marketing-service-job.js","level":"info","message":"Got 0 items to synk","timestamp":"2025-09-30T04:50:00.381Z"}
{"label":"marketing-service-job.js","level":"info","message":"Marketing log written","timestamp":"2025-09-30T04:50:00.381Z"}
{"label":"marketing-service-job.js","level":"info","message":"Post duplicate removal 0 items to synk","timestamp":"2025-09-30T04:50:00.382Z"}
{"label":"marketing-service-job.js","level":"info","message":"No data to sync","timestamp":"2025-09-30T04:50:00.382Z"}
{"label":"i2i-monitor-service.js","level":"info","message":"I2I Monitor UpdateClaim: 1.5559","timestamp":"2025-09-30T04:50:01.619Z"}
{"label":"i2i-client.js","level":"info","message":"Fetching auth token STANDARD for api","timestamp":"2025-09-30T04:50:01.620Z"}
{"label":"i2i-monitor-service.js","level":"info","message":"I2I Monitor GetClaim: 0.1155","timestamp":"2025-09-30T04:50:01.735Z"}
{"label":"i2i-client.js","level":"info","message":"Fetching auth token STANDARD for api","timestamp":"2025-09-30T04:50:01.735Z"}
{"label":"i2i-monitor-service.js","level":"info","message":"I2I Monitor GetParty: 0.0755","timestamp":"2025-09-30T04:50:01.811Z"}
{"label":"i2i-client.js","level":"info","message":"Fetching auth token STANDARD for api","timestamp":"2025-09-30T04:50:01.811Z"}
{"label":"i2i-client.js","level":"info","message":"Fetching auth token STANDARD for api","timestamp":"2025-09-30T04:50:01.881Z"}
{"label":"i2i-monitor-service.js","level":"info","message":"I2I Monitor UpdateParty: 0.1528","timestamp":"2025-09-30T04:50:01.964Z"}
{"label":"i2i-client.js","level":"info","message":"Fetching auth token STANDARD for api","timestamp":"2025-09-30T04:50:01.964Z"}
{"label":"i2i-monitor-service.js","level":"info","message":"I2I Monitor GetPolicy: 0.0837","timestamp":"2025-09-30T04:50:02.048Z"}
{"label":"i2i-client.js","level":"info","message":"Fetching auth token STANDARD for api","timestamp":"2025-09-30T04:50:02.048Z"}
{"label":"i2i-client.js","level":"info","message":"Fetching auth token STANDARD for api","timestamp":"2025-09-30T04:50:02.354Z"}
{"label":"i2i-client.js","level":"info","message":"Fetching auth token STANDARD for api","timestamp":"2025-09-30T04:50:02.435Z"}
{"label":"i2i-monitor-service.js","level":"info","message":"I2I Monitor UpdatePolicy: 8.5242","timestamp":"2025-09-30T04:50:10.572Z"}
{"GetClaim":0.11551444200000001,"GetParty":0.075487661,"GetPolicy":0.083733437,"UpdateClaim":1.5559217650000001,"UpdateParty":0.152820814,"UpdatePolicy":8.524230474,"label":"i2i-monitor-service.js","level":"info","message":"I2I Monitor Results","timestamp":"2025-09-30T04:50:10.572Z"}
{"label":"i2i-client.js","level":"info","message":"Fetching auth token STANDARD for api","timestamp":"2025-09-30T04:55:00.394Z"}
{"label":"i2i-client.js","level":"info","message":"Fetching auth token STANDARD for api","timestamp":"2025-09-30T04:55:00.394Z"}
{"label":"i2i-client.js","level":"info","message":"Fetching auth token STANDARD for api","timestamp":"2025-09-30T04:55:00.525Z"}
{"label":"i2i-monitor-service.js","level":"info","message":"I2I Monitor UpdateClaim: 2.7804","timestamp":"2025-09-30T04:55:03.175Z"}
{"label":"i2i-client.js","level":"info","message":"Fetching auth token STANDARD for api","timestamp":"2025-09-30T04:55:03.175Z"}
{"label":"i2i-client.js","level":"info","message":"Fetching auth token STANDARD for api","timestamp":"2025-09-30T04:55:03.256Z"}
{"label":"i2i-client.js","level":"info","message":"Fetching auth token STANDARD for api","timestamp":"2025-09-30T04:55:03.363Z"}
{"label":"i2i-monitor-service.js","level":"info","message":"I2I Monitor UpdatePolicy: 8.5759","timestamp":"2025-09-30T04:55:11.751Z"}
{"label":"i2i-client.js","level":"info","message":"Fetching auth token STANDARD for api","timestamp":"2025-09-30T04:55:11.751Z"}
{"label":"i2i-client.js","level":"info","message":"Fetching auth token STANDARD for api","timestamp":"2025-09-30T04:55:11.828Z"}
{"label":"i2i-monitor-service.js","level":"info","message":"I2I Monitor UpdateParty: 0.1681","timestamp":"2025-09-30T04:55:11.919Z"}
{"label":"i2i-client.js","level":"info","message":"Fetching auth token STANDARD for api","timestamp":"2025-09-30T04:55:11.919Z"}
{"label":"i2i-monitor-service.js","level":"info","message":"I2I Monitor GetPolicy: 0.0859","timestamp":"2025-09-30T04:55:12.005Z"}
{"label":"i2i-client.js","level":"info","message":"Fetching auth token STANDARD for api","timestamp":"2025-09-30T04:55:12.005Z"}
{"label":"i2i-monitor-service.js","level":"info","message":"I2I Monitor GetParty: 0.0768","timestamp":"2025-09-30T04:55:12.082Z"}
{"label":"i2i-client.js","level":"info","message":"Fetching auth token STANDARD for api","timestamp":"2025-09-30T04:55:12.082Z"}
{"label":"i2i-monitor-service.js","level":"info","message":"I2I Monitor GetClaim: 0.1132","timestamp":"2025-09-30T04:55:12.195Z"}
{"GetClaim":0.113241467,"GetParty":0.076776756,"GetPolicy":0.08591512,"UpdateClaim":2.780358888,"UpdateParty":0.16811135100000002,"UpdatePolicy":8.57587778,"label":"i2i-monitor-service.js","level":"info","message":"I2I Monitor Results","timestamp":"2025-09-30T04:55:12.195Z"}
{"label":"i2i-client.js","level":"info","message":"Fetching auth token STANDARD for api","timestamp":"2025-09-30T05:00:00.775Z"}
{"label":"i2i-client.js","level":"info","message":"Fetching auth token STANDARD for api","timestamp":"2025-09-30T05:00:00.775Z"}
{"label":"marketing-service.js","level":"info","message":"Start job sommarkampanj-2025-dogs:sommarkampanj-2025","timestamp":"2025-09-30T05:00:00.786Z"}
{"label":"marketing-service-job.js","level":"info","message":"Starting JOB sommarkampanj-2025-dogs:sommarkampanj-2025","timestamp":"2025-09-30T05:00:00.787Z"}
{"label":"marketing-service.js","level":"info","message":"Start job sommarkampanj-2025-dogs:sommarkampanj-2025","timestamp":"2025-09-30T05:00:00.787Z"}
{"label":"marketing-service-job.js","level":"info","message":"Starting JOB sommarkampanj-2025-dogs:sommarkampanj-2025","timestamp":"2025-09-30T05:00:00.787Z"}
{"label":"i2i-db-monitor-service.js","level":"info","message":"I2I DB Monitor ProfilerLastHour@Execution: 0.0431","timestamp":"2025-09-30T05:00:00.821Z"}
{"label":"i2i-db-monitor-service.js","level":"info","message":"I2I DB Monitor ProfilerLastHour@TotalCount: 2.0000","timestamp":"2025-09-30T05:00:00.822Z"}
{"label":"i2i-db-monitor-service.js","level":"info","message":"I2I DB Monitor ProfilerLastHour@Count: 2.0000","timestamp":"2025-09-30T05:00:00.822Z"}
{"label":"i2i-db-monitor-service.js","level":"info","message":"I2I DB Monitor ProfilerLastHour@ErrorCount: 0.0000","timestamp":"2025-09-30T05:00:00.822Z"}
{"label":"i2i-db-monitor-service.js","level":"info","message":"I2I DB Monitor ProfilerLastHour@CountTimeout: 0.0000","timestamp":"2025-09-30T05:00:00.822Z"}
{"label":"i2i-db-monitor-service.js","level":"info","message":"I2I DB Monitor ProfilerLastHour@AvgDuration: 5480202.5000","timestamp":"2025-09-30T05:00:00.822Z"}
{"label":"i2i-db-monitor-service.js","level":"info","message":"I2I DB Monitor ProfilerLastHour@TotalDuration: 10960405.0000","timestamp":"2025-09-30T05:00:00.822Z"}
{"label":"i2i-db-monitor-service.js","level":"info","message":"I2I DB Monitor ProfilerLastHour@AvgDurationTimeout: 0.0000","timestamp":"2025-09-30T05:00:00.822Z"}
{"label":"i2i-db-monitor-service.js","level":"info","message":"I2I DB Monitor ProfilerLastHour@TotalDurationTiemout: 0.0000","timestamp":"2025-09-30T05:00:00.822Z"}
{"label":"i2i-db-monitor-service.js","level":"info","message":"I2I DB Monitor ProfilerPrevHour@Execution: 0.0156","timestamp":"2025-09-30T05:00:00.837Z"}
{"label":"i2i-db-monitor-service.js","level":"info","message":"I2I DB Monitor ProfilerPrevHour@TotalCount: 2.0000","timestamp":"2025-09-30T05:00:00.838Z"}
{"label":"i2i-db-monitor-service.js","level":"info","message":"I2I DB Monitor ProfilerPrevHour@Count: 0.0000","timestamp":"2025-09-30T05:00:00.838Z"}
{"label":"i2i-db-monitor-service.js","level":"info","message":"I2I DB Monitor ProfilerPrevHour@ErrorCount: 0.0000","timestamp":"2025-09-30T05:00:00.838Z"}
{"label":"i2i-db-monitor-service.js","level":"info","message":"I2I DB Monitor ProfilerPrevHour@CountTimeout: 2.0000","timestamp":"2025-09-30T05:00:00.838Z"}
{"label":"i2i-db-monitor-service.js","level":"info","message":"I2I DB Monitor ProfilerPrevHour@AvgDuration: 0.0000","timestamp":"2025-09-30T05:00:00.838Z"}
{"label":"i2i-db-monitor-service.js","level":"info","message":"I2I DB Monitor ProfilerPrevHour@TotalDuration: 0.0000","timestamp":"2025-09-30T05:00:00.838Z"}
{"label":"i2i-db-monitor-service.js","level":"info","message":"I2I DB Monitor ProfilerPrevHour@AvgDurationTimeout: 30001294.0000","timestamp":"2025-09-30T05:00:00.838Z"}
{"label":"i2i-db-monitor-service.js","level":"info","message":"I2I DB Monitor ProfilerPrevHour@TotalDurationTiemout: 60002588.0000","timestamp":"2025-09-30T05:00:00.838Z"}
{"ProfilerLastHour_AvgDuration":5480202.5,"ProfilerLastHour_AvgDurationTimeout":0,"ProfilerLastHour_Count":2,"ProfilerLastHour_CountTimeout":0,"ProfilerLastHour_ErrorCount":0,"ProfilerLastHour_TotalCount":2,"ProfilerLastHour_TotalDuration":10960405,"ProfilerLastHour_TotalDurationTiemout":0,"ProfilerPrevHour_AvgDuration":0,"ProfilerPrevHour_AvgDurationTimeout":30001294,"ProfilerPrevHour_Count":0,"ProfilerPrevHour_CountTimeout":2,"ProfilerPrevHour_ErrorCount":0,"ProfilerPrevHour_TotalCount":2,"ProfilerPrevHour_TotalDuration":0,"ProfilerPrevHour_TotalDurationTiemout":60002588,"label":"i2i-db-monitor-service.js","level":"info","message":"I2I DB Monitor Results","timestamp":"2025-09-30T05:00:00.838Z"}
{"label":"i2i-monitor-service.js","level":"info","message":"I2I Monitor GetPolicy: 0.1586","timestamp":"2025-09-30T05:00:00.934Z"}
{"label":"i2i-client.js","level":"info","message":"Fetching auth token STANDARD for api","timestamp":"2025-09-30T05:00:00.934Z"}
{"label":"marketing-service-job.js","level":"info","message":"Got 0 items to synk","timestamp":"2025-09-30T05:00:01.053Z"}
{"label":"marketing-service-job.js","level":"info","message":"Marketing log written","timestamp":"2025-09-30T05:00:01.054Z"}
{"label":"marketing-service-job.js","level":"info","message":"Post duplicate removal 0 items to synk","timestamp":"2025-09-30T05:00:01.054Z"}
{"label":"marketing-service-job.js","level":"info","message":"No data to sync","timestamp":"2025-09-30T05:00:01.054Z"}
{"label":"marketing-service-job.js","level":"info","message":"Got 0 items to synk","timestamp":"2025-09-30T05:00:01.086Z"}
{"label":"marketing-service-job.js","level":"info","message":"Marketing log written","timestamp":"2025-09-30T05:00:01.086Z"}
{"label":"marketing-service-job.js","level":"info","message":"Post duplicate removal 0 items to synk","timestamp":"2025-09-30T05:00:01.086Z"}
{"label":"marketing-service-job.js","level":"info","message":"No data to sync","timestamp":"2025-09-30T05:00:01.086Z"}
{"label":"i2i-monitor-service.js","level":"info","message":"I2I Monitor GetClaim: 0.1854","timestamp":"2025-09-30T05:00:01.119Z"}
{"label":"i2i-client.js","level":"info","message":"Fetching auth token STANDARD for api","timestamp":"2025-09-30T05:00:01.119Z"}
{"label":"i2i-monitor-service.js","level":"info","message":"I2I Monitor GetParty: 0.0774","timestamp":"2025-09-30T05:00:01.197Z"}
{"label":"i2i-client.js","level":"info","message":"Fetching auth token STANDARD for api","timestamp":"2025-09-30T05:00:01.197Z"}
{"label":"i2i-client.js","level":"info","message":"Fetching auth token STANDARD for api","timestamp":"2025-09-30T05:00:01.311Z"}
{"label":"i2i-monitor-service.js","level":"info","message":"I2I Monitor UpdateClaim: 1.5683","timestamp":"2025-09-30T05:00:02.765Z"}
{"label":"i2i-client.js","level":"info","message":"Fetching auth token STANDARD for api","timestamp":"2025-09-30T05:00:02.766Z"}
{"label":"i2i-client.js","level":"info","message":"Fetching auth token STANDARD for api","timestamp":"2025-09-30T05:00:02.852Z"}
{"label":"i2i-client.js","level":"info","message":"Fetching auth token STANDARD for api","timestamp":"2025-09-30T05:00:02.934Z"}
{"label":"i2i-monitor-service.js","level":"info","message":"I2I Monitor UpdatePolicy: 9.1627","timestamp":"2025-09-30T05:00:11.928Z"}
{"label":"i2i-client.js","level":"info","message":"Fetching auth token STANDARD for api","timestamp":"2025-09-30T05:00:11.928Z"}
{"label":"i2i-client.js","level":"info","message":"Fetching auth token STANDARD for api","timestamp":"2025-09-30T05:00:12.029Z"}
{"label":"i2i-monitor-service.js","level":"info","message":"I2I Monitor UpdateParty: 0.1970","timestamp":"2025-09-30T05:00:12.125Z"}
{"GetClaim":0.185378715,"GetParty":0.077404808,"GetPolicy":0.158615747,"UpdateClaim":1.56830409,"UpdateParty":0.19702921499999998,"UpdatePolicy":9.162664768,"label":"i2i-monitor-service.js","level":"info","message":"I2I Monitor Results","timestamp":"2025-09-30T05:00:12.125Z"}
{"label":"i2i-client.js","level":"info","message":"Fetching auth token STANDARD for api","timestamp":"2025-09-30T05:05:00.139Z"}
{"label":"i2i-client.js","level":"info","message":"Fetching auth token STANDARD for api","timestamp":"2025-09-30T05:05:00.140Z"}
{"label":"i2i-monitor-service.js","level":"info","message":"I2I Monitor GetPolicy: 0.0983","timestamp":"2025-09-30T05:05:00.238Z"}
{"label":"i2i-client.js","level":"info","message":"Fetching auth token STANDARD for api","timestamp":"2025-09-30T05:05:00.238Z"}
{"label":"i2i-client.js","level":"info","message":"Fetching auth token STANDARD for api","timestamp":"2025-09-30T05:05:00.406Z"}
{"label":"i2i-monitor-service.js","level":"info","message":"I2I Monitor UpdateClaim: 1.6902","timestamp":"2025-09-30T05:05:01.928Z"}
{"label":"i2i-client.js","level":"info","message":"Fetching auth token STANDARD for api","timestamp":"2025-09-30T05:05:01.928Z"}
{"label":"i2i-monitor-service.js","level":"info","message":"I2I Monitor GetClaim: 0.1490","timestamp":"2025-09-30T05:05:02.077Z"}
{"label":"i2i-client.js","level":"info","message":"Fetching auth token STANDARD for api","timestamp":"2025-09-30T05:05:02.078Z"}
{"label":"i2i-client.js","level":"info","message":"Fetching auth token STANDARD for api","timestamp":"2025-09-30T05:05:02.163Z"}
{"label":"i2i-monitor-service.js","level":"info","message":"I2I Monitor UpdateParty: 0.1711","timestamp":"2025-09-30T05:05:02.249Z"}
{"label":"i2i-client.js","level":"info","message":"Fetching auth token STANDARD for api","timestamp":"2025-09-30T05:05:02.249Z"}
{"label":"i2i-client.js","level":"info","message":"Fetching auth token STANDARD for api","timestamp":"2025-09-30T05:05:02.339Z"}
{"label":"i2i-client.js","level":"info","message":"Fetching auth token STANDARD for api","timestamp":"2025-09-30T05:05:02.426Z"}
{"label":"i2i-monitor-service.js","level":"info","message":"I2I Monitor UpdatePolicy: 8.7241","timestamp":"2025-09-30T05:05:10.973Z"}
{"label":"i2i-client.js","level":"info","message":"Fetching auth token STANDARD for api","timestamp":"2025-09-30T05:05:10.973Z"}
{"label":"i2i-monitor-service.js","level":"info","message":"I2I Monitor GetParty: 0.1015","timestamp":"2025-09-30T05:05:11.075Z"}
{"GetClaim":0.148952972,"GetParty":0.101503833,"GetPolicy":0.09830351899999999,"UpdateClaim":1.6902081869999999,"UpdateParty":0.171111398,"UpdatePolicy":8.724149613,"label":"i2i-monitor-service.js","level":"info","message":"I2I Monitor Results","timestamp":"2025-09-30T05:05:11.075Z"}
{"label":"i2i-client.js","level":"info","message":"Fetching auth token STANDARD for api","timestamp":"2025-09-30T05:10:00.502Z"}
{"label":"i2i-client.js","level":"info","message":"Fetching auth token STANDARD for api","timestamp":"2025-09-30T05:10:00.502Z"}
{"label":"marketing-service.js","level":"info","message":"Start job sommarkampanj-2025-dogs:sommarkampanj-2025","timestamp":"2025-09-30T05:10:00.519Z"}
{"label":"marketing-service-job.js","level":"info","message":"Starting JOB sommarkampanj-2025-dogs:sommarkampanj-2025","timestamp":"2025-09-30T05:10:00.519Z"}
{"label":"marketing-service.js","level":"info","message":"Start job sommarkampanj-2025-dogs:sommarkampanj-2025","timestamp":"2025-09-30T05:10:00.522Z"}
{"label":"marketing-service-job.js","level":"info","message":"Starting JOB sommarkampanj-2025-dogs:sommarkampanj-2025","timestamp":"2025-09-30T05:10:00.522Z"}
{"label":"i2i-monitor-service.js","level":"info","message":"I2I Monitor GetClaim: 0.2051","timestamp":"2025-09-30T05:10:00.707Z"}
{"label":"i2i-client.js","level":"info","message":"Fetching auth token STANDARD for api","timestamp":"2025-09-30T05:10:00.707Z"}
{"label":"marketing-service-job.js","level":"info","message":"Got 0 items to synk","timestamp":"2025-09-30T05:10:00.769Z"}
{"label":"marketing-service-job.js","level":"info","message":"Marketing log written","timestamp":"2025-09-30T05:10:00.769Z"}
{"label":"marketing-service-job.js","level":"info","message":"Post duplicate removal 0 items to synk","timestamp":"2025-09-30T05:10:00.769Z"}
{"label":"marketing-service-job.js","level":"info","message":"No data to sync","timestamp":"2025-09-30T05:10:00.769Z"}
{"label":"marketing-service-job.js","level":"info","message":"Got 0 items to synk","timestamp":"2025-09-30T05:10:00.802Z"}
{"label":"marketing-service-job.js","level":"info","message":"Marketing log written","timestamp":"2025-09-30T05:10:00.802Z"}
{"label":"marketing-service-job.js","level":"info","message":"Post duplicate removal 0 items to synk","timestamp":"2025-09-30T05:10:00.802Z"}
{"label":"marketing-service-job.js","level":"info","message":"No data to sync","timestamp":"2025-09-30T05:10:00.802Z"}
{"label":"i2i-client.js","level":"info","message":"Fetching auth token STANDARD for api","timestamp":"2025-09-30T05:10:00.817Z"}
{"label":"i2i-monitor-service.js","level":"info","message":"I2I Monitor UpdateParty: 0.2131","timestamp":"2025-09-30T05:10:00.920Z"}
{"label":"i2i-client.js","level":"info","message":"Fetching auth token STANDARD for api","timestamp":"2025-09-30T05:10:00.921Z"}
{"label":"i2i-monitor-service.js","level":"info","message":"I2I Monitor GetPolicy: 0.0935","timestamp":"2025-09-30T05:10:01.014Z"}
{"label":"i2i-client.js","level":"info","message":"Fetching auth token STANDARD for api","timestamp":"2025-09-30T05:10:01.014Z"}
{"label":"i2i-monitor-service.js","level":"info","message":"I2I Monitor GetParty: 0.0819","timestamp":"2025-09-30T05:10:01.096Z"}
{"label":"i2i-client.js","level":"info","message":"Fetching auth token STANDARD for api","timestamp":"2025-09-30T05:10:01.096Z"}
{"label":"i2i-client.js","level":"info","message":"Fetching auth token STANDARD for api","timestamp":"2025-09-30T05:10:01.178Z"}
{"label":"i2i-client.js","level":"info","message":"Fetching auth token STANDARD for api","timestamp":"2025-09-30T05:10:01.414Z"}
{"label":"i2i-monitor-service.js","level":"info","message":"I2I Monitor UpdatePolicy: 9.2879","timestamp":"2025-09-30T05:10:10.384Z"}
{"label":"i2i-client.js","level":"info","message":"Fetching auth token STANDARD for api","timestamp":"2025-09-30T05:10:10.384Z"}
{"label":"i2i-client.js","level":"info","message":"Fetching auth token STANDARD for api","timestamp":"2025-09-30T05:10:10.518Z"}
{"label":"i2i-monitor-service.js","level":"info","message":"I2I Monitor UpdateClaim: 1.7113","timestamp":"2025-09-30T05:10:12.096Z"}
{"GetClaim":0.205107813,"GetParty":0.08192898700000001,"GetPolicy":0.093473203,"UpdateClaim":1.711323392,"UpdateParty":0.21311584,"UpdatePolicy":9.287921055,"label":"i2i-monitor-service.js","level":"info","message":"I2I Monitor Results","timestamp":"2025-09-30T05:10:12.096Z"}
{"label":"i2i-client.js","level":"info","message":"Fetching auth token STANDARD for api","timestamp":"2025-09-30T05:15:00.849Z"}
{"label":"i2i-client.js","level":"info","message":"Fetching auth token STANDARD for api","timestamp":"2025-09-30T05:15:00.850Z"}
{"label":"i2i-client.js","level":"info","message":"Fetching auth token STANDARD for api","timestamp":"2025-09-30T05:15:00.930Z"}
{"label":"i2i-monitor-service.js","level":"info","message":"I2I Monitor UpdateParty: 0.1670","timestamp":"2025-09-30T05:15:01.017Z"}
{"label":"i2i-client.js","level":"info","message":"Fetching auth token STANDARD for api","timestamp":"2025-09-30T05:15:01.017Z"}
{"label":"i2i-client.js","level":"info","message":"Fetching auth token STANDARD for api","timestamp":"2025-09-30T05:15:01.108Z"}
{"label":"i2i-client.js","level":"info","message":"Fetching auth token STANDARD for api","timestamp":"2025-09-30T05:15:01.200Z"}
{"label":"i2i-monitor-service.js","level":"info","message":"I2I Monitor UpdatePolicy: 8.2594","timestamp":"2025-09-30T05:15:09.277Z"}
{"label":"i2i-client.js","level":"info","message":"Fetching auth token STANDARD for api","timestamp":"2025-09-30T05:15:09.277Z"}
{"label":"i2i-monitor-service.js","level":"info","message":"I2I Monitor GetParty: 0.0850","timestamp":"2025-09-30T05:15:09.362Z"}
{"label":"i2i-client.js","level":"info","message":"Fetching auth token STANDARD for api","timestamp":"2025-09-30T05:15:09.362Z"}
{"label":"i2i-monitor-service.js","level":"info","message":"I2I Monitor GetPolicy: 0.0902","timestamp":"2025-09-30T05:15:09.452Z"}
{"label":"i2i-client.js","level":"info","message":"Fetching auth token STANDARD for api","timestamp":"2025-09-30T05:15:09.452Z"}
{"label":"i2i-monitor-service.js","level":"info","message":"I2I Monitor GetClaim: 0.2132","timestamp":"2025-09-30T05:15:09.665Z"}
{"label":"i2i-client.js","level":"info","message":"Fetching auth token STANDARD for api","timestamp":"2025-09-30T05:15:09.665Z"}
{"label":"i2i-client.js","level":"info","message":"Fetching auth token STANDARD for api","timestamp":"2025-09-30T05:15:09.818Z"}
{"label":"i2i-monitor-service.js","level":"info","message":"I2I Monitor UpdateClaim: 1.5389","timestamp":"2025-09-30T05:15:11.204Z"}
{"GetClaim":0.213204183,"GetParty":0.085004062,"GetPolicy":0.090188248,"UpdateClaim":1.538919735,"UpdateParty":0.167039139,"UpdatePolicy":8.259374105000001,"label":"i2i-monitor-service.js","level":"info","message":"I2I Monitor Results","timestamp":"2025-09-30T05:15:11.205Z"}
{"label":"i2i-client.js","level":"info","message":"Fetching auth token STANDARD for api","timestamp":"2025-09-30T05:20:00.193Z"}
{"label":"i2i-client.js","level":"info","message":"Fetching auth token STANDARD for api","timestamp":"2025-09-30T05:20:00.193Z"}
{"label":"marketing-service.js","level":"info","message":"Start job sommarkampanj-2025-dogs:sommarkampanj-2025","timestamp":"2025-09-30T05:20:00.206Z"}
{"label":"marketing-service-job.js","level":"info","message":"Starting JOB sommarkampanj-2025-dogs:sommarkampanj-2025","timestamp":"2025-09-30T05:20:00.206Z"}
{"label":"marketing-service.js","level":"info","message":"Start job sommarkampanj-2025-dogs:sommarkampanj-2025","timestamp":"2025-09-30T05:20:00.207Z"}
{"label":"marketing-service-job.js","level":"info","message":"Starting JOB sommarkampanj-2025-dogs:sommarkampanj-2025","timestamp":"2025-09-30T05:20:00.207Z"}
{"label":"i2i-monitor-service.js","level":"info","message":"I2I Monitor GetClaim: 0.2231","timestamp":"2025-09-30T05:20:00.416Z"}
{"label":"i2i-client.js","level":"info","message":"Fetching auth token STANDARD for api","timestamp":"2025-09-30T05:20:00.416Z"}
{"label":"marketing-service-job.js","level":"info","message":"Got 0 items to synk","timestamp":"2025-09-30T05:20:00.493Z"}
{"label":"marketing-service-job.js","level":"info","message":"Marketing log written","timestamp":"2025-09-30T05:20:00.493Z"}
{"label":"marketing-service-job.js","level":"info","message":"Post duplicate removal 0 items to synk","timestamp":"2025-09-30T05:20:00.493Z"}
{"label":"marketing-service-job.js","level":"info","message":"No data to sync","timestamp":"2025-09-30T05:20:00.493Z"}
{"label":"marketing-service-job.js","level":"info","message":"Got 0 items to synk","timestamp":"2025-09-30T05:20:00.543Z"}
{"label":"marketing-service-job.js","level":"info","message":"Marketing log written","timestamp":"2025-09-30T05:20:00.543Z"}
{"label":"marketing-service-job.js","level":"info","message":"Post duplicate removal 0 items to synk","timestamp":"2025-09-30T05:20:00.543Z"}
{"label":"marketing-service-job.js","level":"info","message":"No data to sync","timestamp":"2025-09-30T05:20:00.543Z"}
{"label":"i2i-monitor-service.js","level":"info","message":"I2I Monitor GetPolicy: 0.1356","timestamp":"2025-09-30T05:20:00.552Z"}
{"label":"i2i-client.js","level":"info","message":"Fetching auth token STANDARD for api","timestamp":"2025-09-30T05:20:00.552Z"}
{"label":"i2i-client.js","level":"info","message":"Fetching auth token STANDARD for api","timestamp":"2025-09-30T05:20:00.670Z"}
{"label":"i2i-monitor-service.js","level":"info","message":"I2I Monitor UpdateClaim: 2.2783","timestamp":"2025-09-30T05:20:02.830Z"}
{"label":"i2i-client.js","level":"info","message":"Fetching auth token STANDARD for api","timestamp":"2025-09-30T05:20:02.830Z"}
{"label":"i2i-client.js","level":"info","message":"Fetching auth token STANDARD for api","timestamp":"2025-09-30T05:20:02.915Z"}
{"label":"i2i-client.js","level":"info","message":"Fetching auth token STANDARD for api","timestamp":"2025-09-30T05:20:02.997Z"}
{"label":"i2i-monitor-service.js","level":"info","message":"I2I Monitor UpdatePolicy: 9.4130","timestamp":"2025-09-30T05:20:12.243Z"}
{"label":"i2i-client.js","level":"info","message":"Fetching auth token STANDARD for api","timestamp":"2025-09-30T05:20:12.244Z"}
{"label":"i2i-client.js","level":"info","message":"Fetching auth token STANDARD for api","timestamp":"2025-09-30T05:20:12.322Z"}
{"label":"i2i-monitor-service.js","level":"info","message":"I2I Monitor UpdateParty: 0.1633","timestamp":"2025-09-30T05:20:12.407Z"}
{"label":"i2i-client.js","level":"info","message":"Fetching auth token STANDARD for api","timestamp":"2025-09-30T05:20:12.407Z"}
{"label":"i2i-monitor-service.js","level":"info","message":"I2I Monitor GetParty: 0.0780","timestamp":"2025-09-30T05:20:12.485Z"}
{"GetClaim":0.22311240100000002,"GetParty":0.07803434699999999,"GetPolicy":0.13558733899999997,"UpdateClaim":2.2782980299999998,"UpdateParty":0.163275565,"UpdatePolicy":9.413012135,"label":"i2i-monitor-service.js","level":"info","message":"I2I Monitor Results","timestamp":"2025-09-30T05:20:12.485Z"}
{"label":"i2i-client.js","level":"info","message":"Fetching auth token STANDARD for api","timestamp":"2025-09-30T05:25:00.609Z"}
{"label":"i2i-client.js","level":"info","message":"Fetching auth token STANDARD for api","timestamp":"2025-09-30T05:25:00.609Z"}
{"label":"i2i-client.js","level":"info","message":"Fetching auth token STANDARD for api","timestamp":"2025-09-30T05:25:00.696Z"}
{"label":"i2i-client.js","level":"info","message":"Fetching auth token STANDARD for api","timestamp":"2025-09-30T05:25:00.774Z"}
{"label":"i2i-monitor-service.js","level":"info","message":"I2I Monitor UpdatePolicy: 8.8731","timestamp":"2025-09-30T05:25:09.482Z"}
{"label":"i2i-client.js","level":"info","message":"Fetching auth token STANDARD for api","timestamp":"2025-09-30T05:25:09.482Z"}
{"label":"i2i-monitor-service.js","level":"info","message":"I2I Monitor GetClaim: 0.1195","timestamp":"2025-09-30T05:25:09.602Z"}
{"label":"i2i-client.js","level":"info","message":"Fetching auth token STANDARD for api","timestamp":"2025-09-30T05:25:09.602Z"}
{"label":"i2i-client.js","level":"info","message":"Fetching auth token STANDARD for api","timestamp":"2025-09-30T05:25:09.679Z"}
{"label":"i2i-monitor-service.js","level":"info","message":"I2I Monitor UpdateParty: 0.1635","timestamp":"2025-09-30T05:25:09.766Z"}
{"label":"i2i-client.js","level":"info","message":"Fetching auth token STANDARD for api","timestamp":"2025-09-30T05:25:09.766Z"}
{"label":"i2i-monitor-service.js","level":"info","message":"I2I Monitor GetPolicy: 0.0862","timestamp":"2025-09-30T05:25:09.852Z"}
{"label":"i2i-client.js","level":"info","message":"Fetching auth token STANDARD for api","timestamp":"2025-09-30T05:25:09.852Z"}
{"label":"i2i-monitor-service.js","level":"info","message":"I2I Monitor GetParty: 0.0759","timestamp":"2025-09-30T05:25:09.928Z"}
{"label":"i2i-client.js","level":"info","message":"Fetching auth token STANDARD for api","timestamp":"2025-09-30T05:25:09.928Z"}
{"label":"i2i-client.js","level":"info","message":"Fetching auth token STANDARD for api","timestamp":"2025-09-30T05:25:10.064Z"}
{"label":"i2i-monitor-service.js","level":"info","message":"I2I Monitor UpdateClaim: 1.4479","timestamp":"2025-09-30T05:25:11.376Z"}
{"GetClaim":0.119461083,"GetParty":0.07589691700000001,"GetPolicy":0.086211261,"UpdateClaim":1.447928791,"UpdateParty":0.163489661,"UpdatePolicy":8.873132202999999,"label":"i2i-monitor-service.js","level":"info","message":"I2I Monitor Results","timestamp":"2025-09-30T05:25:11.376Z"}
{"label":"i2i-client.js","level":"info","message":"Fetching auth token STANDARD for api","timestamp":"2025-09-30T05:30:00.919Z"}
{"label":"i2i-client.js","level":"info","message":"Fetching auth token STANDARD for api","timestamp":"2025-09-30T05:30:00.919Z"}
{"label":"marketing-service.js","level":"info","message":"Start job sommarkampanj-2025-dogs:sommarkampanj-2025","timestamp":"2025-09-30T05:30:00.930Z"}
{"label":"marketing-service-job.js","level":"info","message":"Starting JOB sommarkampanj-2025-dogs:sommarkampanj-2025","timestamp":"2025-09-30T05:30:00.930Z"}
{"label":"marketing-service.js","level":"info","message":"Start job sommarkampanj-2025-dogs:sommarkampanj-2025","timestamp":"2025-09-30T05:30:00.931Z"}
{"label":"marketing-service-job.js","level":"info","message":"Starting JOB sommarkampanj-2025-dogs:sommarkampanj-2025","timestamp":"2025-09-30T05:30:00.931Z"}
{"label":"i2i-db-monitor-service.js","level":"info","message":"I2I DB Monitor ProfilerLastHour@Execution: 0.0440","timestamp":"2025-09-30T05:30:00.965Z"}
{"label":"i2i-db-monitor-service.js","level":"info","message":"I2I DB Monitor ProfilerLastHour@TotalCount: 0.0000","timestamp":"2025-09-30T05:30:00.967Z"}
{"label":"i2i-db-monitor-service.js","level":"info","message":"I2I DB Monitor ProfilerLastHour@Count: 0.0000","timestamp":"2025-09-30T05:30:00.967Z"}
{"label":"i2i-db-monitor-service.js","level":"info","message":"I2I DB Monitor ProfilerLastHour@ErrorCount: 0.0000","timestamp":"2025-09-30T05:30:00.967Z"}
{"label":"i2i-db-monitor-service.js","level":"info","message":"I2I DB Monitor ProfilerLastHour@CountTimeout: 0.0000","timestamp":"2025-09-30T05:30:00.967Z"}
{"label":"i2i-db-monitor-service.js","level":"info","message":"I2I DB Monitor ProfilerLastHour@AvgDuration: 0.0000","timestamp":"2025-09-30T05:30:00.967Z"}
{"label":"i2i-db-monitor-service.js","level":"info","message":"I2I DB Monitor ProfilerLastHour@TotalDuration: 0.0000","timestamp":"2025-09-30T05:30:00.967Z"}
{"label":"i2i-db-monitor-service.js","level":"info","message":"I2I DB Monitor ProfilerLastHour@AvgDurationTimeout: 0.0000","timestamp":"2025-09-30T05:30:00.967Z"}
{"label":"i2i-db-monitor-service.js","level":"info","message":"I2I DB Monitor ProfilerLastHour@TotalDurationTiemout: 0.0000","timestamp":"2025-09-30T05:30:00.967Z"}
{"label":"i2i-db-monitor-service.js","level":"info","message":"I2I DB Monitor ProfilerPrevHour@Execution: 0.0302","timestamp":"2025-09-30T05:30:00.998Z"}
{"label":"i2i-db-monitor-service.js","level":"info","message":"I2I DB Monitor ProfilerPrevHour@TotalCount: 2.0000","timestamp":"2025-09-30T05:30:00.998Z"}
{"label":"i2i-db-monitor-service.js","level":"info","message":"I2I DB Monitor ProfilerPrevHour@Count: 2.0000","timestamp":"2025-09-30T05:30:00.998Z"}
{"label":"i2i-db-monitor-service.js","level":"info","message":"I2I DB Monitor ProfilerPrevHour@ErrorCount: 0.0000","timestamp":"2025-09-30T05:30:00.998Z"}
{"label":"i2i-db-monitor-service.js","level":"info","message":"I2I DB Monitor ProfilerPrevHour@CountTimeout: 0.0000","timestamp":"2025-09-30T05:30:00.998Z"}
{"label":"i2i-db-monitor-service.js","level":"info","message":"I2I DB Monitor ProfilerPrevHour@AvgDuration: 5480202.5000","timestamp":"2025-09-30T05:30:00.998Z"}
{"label":"i2i-db-monitor-service.js","level":"info","message":"I2I DB Monitor ProfilerPrevHour@TotalDuration: 10960405.0000","timestamp":"2025-09-30T05:30:00.998Z"}
{"label":"i2i-db-monitor-service.js","level":"info","message":"I2I DB Monitor ProfilerPrevHour@AvgDurationTimeout: 0.0000","timestamp":"2025-09-30T05:30:00.998Z"}
{"label":"i2i-db-monitor-service.js","level":"info","message":"I2I DB Monitor ProfilerPrevHour@TotalDurationTiemout: 0.0000","timestamp":"2025-09-30T05:30:00.998Z"}
{"ProfilerLastHour_AvgDuration":0,"ProfilerLastHour_AvgDurationTimeout":0,"ProfilerLastHour_Count":0,"ProfilerLastHour_CountTimeout":0,"ProfilerLastHour_ErrorCount":0,"ProfilerLastHour_TotalCount":0,"ProfilerLastHour_TotalDuration":0,"ProfilerLastHour_TotalDurationTiemout":0,"ProfilerPrevHour_AvgDuration":5480202.5,"ProfilerPrevHour_AvgDurationTimeout":0,"ProfilerPrevHour_Count":2,"ProfilerPrevHour_CountTimeout":0,"ProfilerPrevHour_ErrorCount":0,"ProfilerPrevHour_TotalCount":2,"ProfilerPrevHour_TotalDuration":10960405,"ProfilerPrevHour_TotalDurationTiemout":0,"label":"i2i-db-monitor-service.js","level":"info","message":"I2I DB Monitor Results","timestamp":"2025-09-30T05:30:00.998Z"}
{"label":"i2i-monitor-service.js","level":"info","message":"I2I Monitor GetClaim: 0.2690","timestamp":"2025-09-30T05:30:01.188Z"}
{"label":"i2i-client.js","level":"info","message":"Fetching auth token STANDARD for api","timestamp":"2025-09-30T05:30:01.188Z"}
{"label":"marketing-service-job.js","level":"info","message":"Got 0 items to synk","timestamp":"2025-09-30T05:30:01.261Z"}
{"label":"marketing-service-job.js","level":"info","message":"Marketing log written","timestamp":"2025-09-30T05:30:01.261Z"}
{"label":"marketing-service-job.js","level":"info","message":"Post duplicate removal 0 items to synk","timestamp":"2025-09-30T05:30:01.261Z"}
{"label":"marketing-service-job.js","level":"info","message":"No data to sync","timestamp":"2025-09-30T05:30:01.261Z"}
{"label":"i2i-monitor-service.js","level":"info","message":"I2I Monitor GetParty: 0.1086","timestamp":"2025-09-30T05:30:01.297Z"}
{"label":"i2i-client.js","level":"info","message":"Fetching auth token STANDARD for api","timestamp":"2025-09-30T05:30:01.297Z"}
{"label":"marketing-service-job.js","level":"info","message":"Got 0 items to synk","timestamp":"2025-09-30T05:30:01.309Z"}
{"label":"marketing-service-job.js","level":"info","message":"Marketing log written","timestamp":"2025-09-30T05:30:01.309Z"}
{"label":"marketing-service-job.js","level":"info","message":"Post duplicate removal 0 items to synk","timestamp":"2025-09-30T05:30:01.309Z"}
{"label":"marketing-service-job.js","level":"info","message":"No data to sync","timestamp":"2025-09-30T05:30:01.309Z"}
{"label":"i2i-monitor-service.js","level":"info","message":"I2I Monitor GetPolicy: 0.0872","timestamp":"2025-09-30T05:30:01.384Z"}
{"label":"i2i-client.js","level":"info","message":"Fetching auth token STANDARD for api","timestamp":"2025-09-30T05:30:01.384Z"}
{"label":"i2i-client.js","level":"info","message":"Fetching auth token STANDARD for api","timestamp":"2025-09-30T05:30:01.467Z"}
{"label":"i2i-client.js","level":"info","message":"Fetching auth token STANDARD for api","timestamp":"2025-09-30T05:30:01.553Z"}
{"label":"i2i-monitor-service.js","level":"info","message":"I2I Monitor UpdatePolicy: 12.8880","timestamp":"2025-09-30T05:30:14.272Z"}
{"label":"i2i-client.js","level":"info","message":"Fetching auth token STANDARD for api","timestamp":"2025-09-30T05:30:14.272Z"}
{"label":"i2i-client.js","level":"info","message":"Fetching auth token STANDARD for api","timestamp":"2025-09-30T05:30:14.398Z"}
{"label":"i2i-monitor-service.js","level":"info","message":"I2I Monitor UpdateClaim: 1.7936","timestamp":"2025-09-30T05:30:16.066Z"}
{"label":"i2i-client.js","level":"info","message":"Fetching auth token STANDARD for api","timestamp":"2025-09-30T05:30:16.066Z"}
{"label":"i2i-client.js","level":"info","message":"Fetching auth token STANDARD for api","timestamp":"2025-09-30T05:30:16.146Z"}
{"label":"i2i-monitor-service.js","level":"info","message":"I2I Monitor UpdateParty: 0.1723","timestamp":"2025-09-30T05:30:16.239Z"}
{"GetClaim":0.269027542,"GetParty":0.10855432899999999,"GetPolicy":0.087208584,"UpdateClaim":1.7936316849999998,"UpdateParty":0.172309143,"UpdatePolicy":12.887987626,"label":"i2i-monitor-service.js","level":"info","message":"I2I Monitor Results","timestamp":"2025-09-30T05:30:16.239Z"}
{"label":"i2i-client.js","level":"info","message":"Fetching auth token STANDARD for api","timestamp":"2025-09-30T05:35:00.258Z"}
{"label":"i2i-client.js","level":"info","message":"Fetching auth token STANDARD for api","timestamp":"2025-09-30T05:35:00.259Z"}
{"label":"i2i-monitor-service.js","level":"info","message":"I2I Monitor GetPolicy: 1.0882","timestamp":"2025-09-30T05:35:01.347Z"}
{"label":"i2i-client.js","level":"info","message":"Fetching auth token STANDARD for api","timestamp":"2025-09-30T05:35:01.347Z"}
{"label":"i2i-client.js","level":"info","message":"Fetching auth token STANDARD for api","timestamp":"2025-09-30T05:35:01.459Z"}
{"label":"i2i-client.js","level":"info","message":"Fetching auth token STANDARD for api","timestamp":"2025-09-30T05:35:01.585Z"}
{"label":"i2i-monitor-service.js","level":"info","message":"I2I Monitor UpdatePolicy: 11.2095","timestamp":"2025-09-30T05:35:12.556Z"}
{"label":"i2i-client.js","level":"info","message":"Fetching auth token STANDARD for api","timestamp":"2025-09-30T05:35:12.557Z"}
{"label":"i2i-monitor-service.js","level":"info","message":"I2I Monitor GetClaim: 0.1259","timestamp":"2025-09-30T05:35:12.683Z"}
{"label":"i2i-client.js","level":"info","message":"Fetching auth token STANDARD for api","timestamp":"2025-09-30T05:35:12.683Z"}
{"label":"i2i-monitor-service.js","level":"info","message":"I2I Monitor GetParty: 0.0854","timestamp":"2025-09-30T05:35:12.768Z"}
{"label":"i2i-client.js","level":"info","message":"Fetching auth token STANDARD for api","timestamp":"2025-09-30T05:35:12.768Z"}
{"label":"i2i-client.js","level":"info","message":"Fetching auth token STANDARD for api","timestamp":"2025-09-30T05:35:12.894Z"}
{"label":"i2i-monitor-service.js","level":"info","message":"I2I Monitor UpdateClaim: 1.7034","timestamp":"2025-09-30T05:35:14.472Z"}
{"label":"i2i-client.js","level":"info","message":"Fetching auth token STANDARD for api","timestamp":"2025-09-30T05:35:14.472Z"}
{"label":"i2i-client.js","level":"info","message":"Fetching auth token STANDARD for api","timestamp":"2025-09-30T05:35:14.557Z"}
{"label":"i2i-monitor-service.js","level":"info","message":"I2I Monitor UpdateParty: 0.1797","timestamp":"2025-09-30T05:35:14.652Z"}
{"GetClaim":0.125864555,"GetParty":0.085418679,"GetPolicy":1.088188177,"UpdateClaim":1.703365558,"UpdateParty":0.179705346,"UpdatePolicy":11.20948753,"label":"i2i-monitor-service.js","level":"info","message":"I2I Monitor Results","timestamp":"2025-09-30T05:35:14.652Z"}
{"label":"i2i-client.js","level":"info","message":"Fetching auth token STANDARD for api","timestamp":"2025-09-30T05:40:00.640Z"}
{"label":"i2i-client.js","level":"info","message":"Fetching auth token STANDARD for api","timestamp":"2025-09-30T05:40:00.640Z"}
{"label":"marketing-service.js","level":"info","message":"Start job sommarkampanj-2025-dogs:sommarkampanj-2025","timestamp":"2025-09-30T05:40:00.651Z"}
{"label":"marketing-service-job.js","level":"info","message":"Starting JOB sommarkampanj-2025-dogs:sommarkampanj-2025","timestamp":"2025-09-30T05:40:00.651Z"}
{"label":"marketing-service.js","level":"info","message":"Start job sommarkampanj-2025-dogs:sommarkampanj-2025","timestamp":"2025-09-30T05:40:00.651Z"}
{"label":"marketing-service-job.js","level":"info","message":"Starting JOB sommarkampanj-2025-dogs:sommarkampanj-2025","timestamp":"2025-09-30T05:40:00.651Z"}
{"label":"i2i-client.js","level":"info","message":"Fetching auth token STANDARD for api","timestamp":"2025-09-30T05:40:00.801Z"}
{"label":"i2i-client.js","level":"info","message":"Fetching auth token STANDARD for api","timestamp":"2025-09-30T05:40:00.888Z"}
{"label":"marketing-service-job.js","level":"info","message":"Got 0 items to synk","timestamp":"2025-09-30T05:40:00.928Z"}
{"label":"marketing-service-job.js","level":"info","message":"Marketing log written","timestamp":"2025-09-30T05:40:00.928Z"}
{"label":"marketing-service-job.js","level":"info","message":"Post duplicate removal 0 items to synk","timestamp":"2025-09-30T05:40:00.928Z"}
{"label":"marketing-service-job.js","level":"info","message":"No data to sync","timestamp":"2025-09-30T05:40:00.928Z"}
{"label":"marketing-service-job.js","level":"info","message":"Got 0 items to synk","timestamp":"2025-09-30T05:40:00.961Z"}
{"label":"marketing-service-job.js","level":"info","message":"Marketing log written","timestamp":"2025-09-30T05:40:00.961Z"}
{"label":"marketing-service-job.js","level":"info","message":"Post duplicate removal 0 items to synk","timestamp":"2025-09-30T05:40:00.961Z"}
{"label":"marketing-service-job.js","level":"info","message":"No data to sync","timestamp":"2025-09-30T05:40:00.961Z"}
{"label":"i2i-monitor-service.js","level":"info","message":"I2I Monitor UpdatePolicy: 17.4758","timestamp":"2025-09-30T05:40:18.116Z"}
{"label":"i2i-client.js","level":"info","message":"Fetching auth token STANDARD for api","timestamp":"2025-09-30T05:40:18.116Z"}
{"label":"i2i-client.js","level":"info","message":"Fetching auth token STANDARD for api","timestamp":"2025-09-30T05:40:18.219Z"}
{"label":"i2i-monitor-service.js","level":"info","message":"I2I Monitor UpdateParty: 0.2550","timestamp":"2025-09-30T05:40:18.371Z"}
{"label":"i2i-client.js","level":"info","message":"Fetching auth token STANDARD for api","timestamp":"2025-09-30T05:40:18.371Z"}
{"label":"i2i-monitor-service.js","level":"info","message":"I2I Monitor GetParty: 0.0838","timestamp":"2025-09-30T05:40:18.455Z"}
{"label":"i2i-client.js","level":"info","message":"Fetching auth token STANDARD for api","timestamp":"2025-09-30T05:40:18.455Z"}
{"label":"i2i-monitor-service.js","level":"info","message":"I2I Monitor GetClaim: 0.1348","timestamp":"2025-09-30T05:40:18.590Z"}
{"label":"i2i-client.js","level":"info","message":"Fetching auth token STANDARD for api","timestamp":"2025-09-30T05:40:18.590Z"}
{"label":"i2i-client.js","level":"info","message":"Fetching auth token STANDARD for api","timestamp":"2025-09-30T05:40:18.715Z"}
{"label":"i2i-monitor-service.js","level":"info","message":"I2I Monitor UpdateClaim: 1.6681","timestamp":"2025-09-30T05:40:20.258Z"}
{"label":"i2i-client.js","level":"info","message":"Fetching auth token STANDARD for api","timestamp":"2025-09-30T05:40:20.258Z"}
{"label":"i2i-monitor-service.js","level":"info","message":"I2I Monitor GetPolicy: 0.1524","timestamp":"2025-09-30T05:40:20.411Z"}
{"GetClaim":0.13484458900000001,"GetParty":0.083761127,"GetPolicy":0.152392163,"UpdateClaim":1.6680821959999999,"UpdateParty":0.255001789,"UpdatePolicy":17.475788036999997,"label":"i2i-monitor-service.js","level":"info","message":"I2I Monitor Results","timestamp":"2025-09-30T05:40:20.411Z"}
{"label":"i2i-client.js","level":"info","message":"Fetching auth token STANDARD for api","timestamp":"2025-09-30T05:45:00.965Z"}
{"label":"i2i-client.js","level":"info","message":"Fetching auth token STANDARD for api","timestamp":"2025-09-30T05:45:00.965Z"}
{"label":"i2i-client.js","level":"info","message":"Fetching auth token STANDARD for api","timestamp":"2025-09-30T05:45:01.057Z"}
{"label":"i2i-client.js","level":"info","message":"Fetching auth token STANDARD for api","timestamp":"2025-09-30T05:45:01.147Z"}
{"label":"i2i-monitor-service.js","level":"info","message":"I2I Monitor UpdatePolicy: 14.7123","timestamp":"2025-09-30T05:45:15.678Z"}
{"label":"i2i-client.js","level":"info","message":"Fetching auth token STANDARD for api","timestamp":"2025-09-30T05:45:15.678Z"}
{"label":"i2i-client.js","level":"info","message":"Fetching auth token STANDARD for api","timestamp":"2025-09-30T05:45:15.888Z"}
{"label":"i2i-monitor-service.js","level":"info","message":"I2I Monitor UpdateParty: 0.3278","timestamp":"2025-09-30T05:45:16.006Z"}
{"label":"i2i-client.js","level":"info","message":"Fetching auth token STANDARD for api","timestamp":"2025-09-30T05:45:16.006Z"}
{"label":"i2i-monitor-service.js","level":"info","message":"I2I Monitor GetPolicy: 0.1651","timestamp":"2025-09-30T05:45:16.171Z"}
{"label":"i2i-client.js","level":"info","message":"Fetching auth token STANDARD for api","timestamp":"2025-09-30T05:45:16.171Z"}
{"label":"i2i-monitor-service.js","level":"info","message":"I2I Monitor GetParty: 0.1005","timestamp":"2025-09-30T05:45:16.271Z"}
{"label":"i2i-client.js","level":"info","message":"Fetching auth token STANDARD for api","timestamp":"2025-09-30T05:45:16.272Z"}
{"label":"i2i-client.js","level":"info","message":"Fetching auth token STANDARD for api","timestamp":"2025-09-30T05:45:16.488Z"}
{"label":"i2i-monitor-service.js","level":"info","message":"I2I Monitor UpdateClaim: 1.8182","timestamp":"2025-09-30T05:45:18.090Z"}
{"label":"i2i-client.js","level":"info","message":"Fetching auth token STANDARD for api","timestamp":"2025-09-30T05:45:18.090Z"}
{"label":"i2i-monitor-service.js","level":"info","message":"I2I Monitor GetClaim: 0.1304","timestamp":"2025-09-30T05:45:18.220Z"}
{"GetClaim":0.130376114,"GetParty":0.10045775500000001,"GetPolicy":0.165125439,"UpdateClaim":1.818183755,"UpdateParty":0.32775924500000003,"UpdatePolicy":14.712288902000001,"label":"i2i-monitor-service.js","level":"info","message":"I2I Monitor Results","timestamp":"2025-09-30T05:45:18.220Z"}
{"label":"i2i-client.js","level":"info","message":"Fetching auth token STANDARD for api","timestamp":"2025-09-30T05:50:00.299Z"}
{"label":"i2i-client.js","level":"info","message":"Fetching auth token STANDARD for api","timestamp":"2025-09-30T05:50:00.299Z"}
{"label":"marketing-service.js","level":"info","message":"Start job sommarkampanj-2025-dogs:sommarkampanj-2025","timestamp":"2025-09-30T05:50:00.309Z"}
{"label":"marketing-service-job.js","level":"info","message":"Starting JOB sommarkampanj-2025-dogs:sommarkampanj-2025","timestamp":"2025-09-30T05:50:00.309Z"}
{"label":"marketing-service.js","level":"info","message":"Start job sommarkampanj-2025-dogs:sommarkampanj-2025","timestamp":"2025-09-30T05:50:00.310Z"}
{"label":"marketing-service-job.js","level":"info","message":"Starting JOB sommarkampanj-2025-dogs:sommarkampanj-2025","timestamp":"2025-09-30T05:50:00.310Z"}
{"label":"i2i-client.js","level":"info","message":"Fetching auth token STANDARD for api","timestamp":"2025-09-30T05:50:00.440Z"}
{"label":"i2i-monitor-service.js","level":"info","message":"I2I Monitor UpdateParty: 0.2697","timestamp":"2025-09-30T05:50:00.569Z"}
{"label":"i2i-client.js","level":"info","message":"Fetching auth token STANDARD for api","timestamp":"2025-09-30T05:50:00.569Z"}
{"label":"marketing-service-job.js","level":"info","message":"Got 0 items to synk","timestamp":"2025-09-30T05:50:00.642Z"}
{"label":"marketing-service-job.js","level":"info","message":"Marketing log written","timestamp":"2025-09-30T05:50:00.642Z"}
{"label":"marketing-service-job.js","level":"info","message":"Post duplicate removal 0 items to synk","timestamp":"2025-09-30T05:50:00.642Z"}
{"label":"marketing-service-job.js","level":"info","message":"No data to sync","timestamp":"2025-09-30T05:50:00.642Z"}
{"label":"marketing-service-job.js","level":"info","message":"Got 0 items to synk","timestamp":"2025-09-30T05:50:00.672Z"}
{"label":"marketing-service-job.js","level":"info","message":"Marketing log written","timestamp":"2025-09-30T05:50:00.672Z"}
{"label":"marketing-service-job.js","level":"info","message":"Post duplicate removal 0 items to synk","timestamp":"2025-09-30T05:50:00.672Z"}
{"label":"marketing-service-job.js","level":"info","message":"No data to sync","timestamp":"2025-09-30T05:50:00.677Z"}
{"label":"i2i-client.js","level":"info","message":"Fetching auth token STANDARD for api","timestamp":"2025-09-30T05:50:00.720Z"}
{"label":"i2i-monitor-service.js","level":"info","message":"I2I Monitor UpdateClaim: 1.7403","timestamp":"2025-09-30T05:50:02.310Z"}
{"label":"i2i-client.js","level":"info","message":"Fetching auth token STANDARD for api","timestamp":"2025-09-30T05:50:02.310Z"}
{"label":"i2i-monitor-service.js","level":"info","message":"I2I Monitor GetClaim: 0.1208","timestamp":"2025-09-30T05:50:02.430Z"}
{"label":"i2i-client.js","level":"info","message":"Fetching auth token STANDARD for api","timestamp":"2025-09-30T05:50:02.431Z"}
{"label":"i2i-monitor-service.js","level":"info","message":"I2I Monitor GetParty: 0.0716","timestamp":"2025-09-30T05:50:02.502Z"}
{"label":"i2i-client.js","level":"info","message":"Fetching auth token STANDARD for api","timestamp":"2025-09-30T05:50:02.502Z"}
{"label":"i2i-monitor-service.js","level":"info","message":"I2I Monitor GetPolicy: 0.0939","timestamp":"2025-09-30T05:50:02.596Z"}
{"label":"i2i-client.js","level":"info","message":"Fetching auth token STANDARD for api","timestamp":"2025-09-30T05:50:02.596Z"}
{"label":"i2i-client.js","level":"info","message":"Fetching auth token STANDARD for api","timestamp":"2025-09-30T05:50:02.683Z"}
{"label":"i2i-client.js","level":"info","message":"Fetching auth token STANDARD for api","timestamp":"2025-09-30T05:50:02.765Z"}
{"label":"i2i-monitor-service.js","level":"info","message":"I2I Monitor UpdatePolicy: 11.3136","timestamp":"2025-09-30T05:50:13.910Z"}
{"GetClaim":0.12077500299999999,"GetParty":0.071560545,"GetPolicy":0.093923408,"UpdateClaim":1.740345687,"UpdateParty":0.269729639,"UpdatePolicy":11.313586282000001,"label":"i2i-monitor-service.js","level":"info","message":"I2I Monitor Results","timestamp":"2025-09-30T05:50:13.910Z"}
{"label":"i2i-client.js","level":"info","message":"Fetching auth token STANDARD for api","timestamp":"2025-09-30T05:55:00.654Z"}
{"label":"i2i-client.js","level":"info","message":"Fetching auth token STANDARD for api","timestamp":"2025-09-30T05:55:00.655Z"}
{"label":"i2i-monitor-service.js","level":"info","message":"I2I Monitor GetPolicy: 0.0855","timestamp":"2025-09-30T05:55:00.740Z"}
{"label":"i2i-client.js","level":"info","message":"Fetching auth token STANDARD for api","timestamp":"2025-09-30T05:55:00.740Z"}
{"label":"i2i-monitor-service.js","level":"info","message":"I2I Monitor GetClaim: 0.1170","timestamp":"2025-09-30T05:55:00.857Z"}
{"label":"i2i-client.js","level":"info","message":"Fetching auth token STANDARD for api","timestamp":"2025-09-30T05:55:00.857Z"}
{"label":"i2i-client.js","level":"info","message":"Fetching auth token STANDARD for api","timestamp":"2025-09-30T05:55:00.935Z"}
{"label":"i2i-monitor-service.js","level":"info","message":"I2I Monitor UpdateParty: 0.1589","timestamp":"2025-09-30T05:55:01.016Z"}
{"label":"i2i-client.js","level":"info","message":"Fetching auth token STANDARD for api","timestamp":"2025-09-30T05:55:01.016Z"}
{"label":"i2i-client.js","level":"info","message":"Fetching auth token STANDARD for api","timestamp":"2025-09-30T05:55:01.128Z"}
{"label":"i2i-monitor-service.js","level":"info","message":"I2I Monitor UpdateClaim: 1.4603","timestamp":"2025-09-30T05:55:02.477Z"}
{"label":"i2i-client.js","level":"info","message":"Fetching auth token STANDARD for api","timestamp":"2025-09-30T05:55:02.477Z"}
{"label":"i2i-client.js","level":"info","message":"Fetching auth token STANDARD for api","timestamp":"2025-09-30T05:55:02.561Z"}
{"label":"i2i-client.js","level":"info","message":"Fetching auth token STANDARD for api","timestamp":"2025-09-30T05:55:02.648Z"}
{"label":"i2i-monitor-service.js","level":"info","message":"I2I Monitor UpdatePolicy: 11.4257","timestamp":"2025-09-30T05:55:13.903Z"}
{"label":"i2i-client.js","level":"info","message":"Fetching auth token STANDARD for api","timestamp":"2025-09-30T05:55:13.903Z"}
{"label":"i2i-monitor-service.js","level":"info","message":"I2I Monitor GetParty: 0.0701","timestamp":"2025-09-30T05:55:13.973Z"}
{"GetClaim":0.116999122,"GetParty":0.070119704,"GetPolicy":0.08551279599999999,"UpdateClaim":1.460297229,"UpdateParty":0.158932962,"UpdatePolicy":11.425664437,"label":"i2i-monitor-service.js","level":"info","message":"I2I Monitor Results","timestamp":"2025-09-30T05:55:13.973Z"}
{"label":"i2i-client.js","level":"info","message":"Fetching auth token STANDARD for api","timestamp":"2025-09-30T06:00:00.101Z"}
{"label":"i2i-client.js","level":"info","message":"Fetching auth token STANDARD for api","timestamp":"2025-09-30T06:00:00.101Z"}
{"label":"marketing-service.js","level":"info","message":"Start job sommarkampanj-2025-dogs:sommarkampanj-2025","timestamp":"2025-09-30T06:00:00.119Z"}
{"label":"marketing-service-job.js","level":"info","message":"Starting JOB sommarkampanj-2025-dogs:sommarkampanj-2025","timestamp":"2025-09-30T06:00:00.119Z"}
{"label":"marketing-service.js","level":"info","message":"Start job sommarkampanj-2025-dogs:sommarkampanj-2025","timestamp":"2025-09-30T06:00:00.123Z"}
{"label":"marketing-service-job.js","level":"info","message":"Starting JOB sommarkampanj-2025-dogs:sommarkampanj-2025","timestamp":"2025-09-30T06:00:00.123Z"}
{"label":"i2i-db-monitor-service.js","level":"info","message":"I2I DB Monitor ProfilerLastHour@Execution: 0.0271","timestamp":"2025-09-30T06:00:00.131Z"}
{"label":"i2i-db-monitor-service.js","level":"info","message":"I2I DB Monitor ProfilerLastHour@TotalCount: 0.0000","timestamp":"2025-09-30T06:00:00.131Z"}
{"label":"i2i-db-monitor-service.js","level":"info","message":"I2I DB Monitor ProfilerLastHour@Count: 0.0000","timestamp":"2025-09-30T06:00:00.131Z"}
{"label":"i2i-db-monitor-service.js","level":"info","message":"I2I DB Monitor ProfilerLastHour@ErrorCount: 0.0000","timestamp":"2025-09-30T06:00:00.131Z"}
{"label":"i2i-db-monitor-service.js","level":"info","message":"I2I DB Monitor ProfilerLastHour@CountTimeout: 0.0000","timestamp":"2025-09-30T06:00:00.131Z"}
{"label":"i2i-db-monitor-service.js","level":"info","message":"I2I DB Monitor ProfilerLastHour@AvgDuration: 0.0000","timestamp":"2025-09-30T06:00:00.131Z"}
{"label":"i2i-db-monitor-service.js","level":"info","message":"I2I DB Monitor ProfilerLastHour@TotalDuration: 0.0000","timestamp":"2025-09-30T06:00:00.131Z"}
{"label":"i2i-db-monitor-service.js","level":"info","message":"I2I DB Monitor ProfilerLastHour@AvgDurationTimeout: 0.0000","timestamp":"2025-09-30T06:00:00.131Z"}
{"label":"i2i-db-monitor-service.js","level":"info","message":"I2I DB Monitor ProfilerLastHour@TotalDurationTiemout: 0.0000","timestamp":"2025-09-30T06:00:00.131Z"}
{"label":"i2i-db-monitor-service.js","level":"info","message":"I2I DB Monitor ProfilerPrevHour@Execution: 0.0263","timestamp":"2025-09-30T06:00:00.157Z"}
{"label":"i2i-db-monitor-service.js","level":"info","message":"I2I DB Monitor ProfilerPrevHour@TotalCount: 2.0000","timestamp":"2025-09-30T06:00:00.157Z"}
{"label":"i2i-db-monitor-service.js","level":"info","message":"I2I DB Monitor ProfilerPrevHour@Count: 2.0000","timestamp":"2025-09-30T06:00:00.157Z"}
{"label":"i2i-db-monitor-service.js","level":"info","message":"I2I DB Monitor ProfilerPrevHour@ErrorCount: 0.0000","timestamp":"2025-09-30T06:00:00.157Z"}
{"label":"i2i-db-monitor-service.js","level":"info","message":"I2I DB Monitor ProfilerPrevHour@CountTimeout: 0.0000","timestamp":"2025-09-30T06:00:00.157Z"}
{"label":"i2i-db-monitor-service.js","level":"info","message":"I2I DB Monitor ProfilerPrevHour@AvgDuration: 5480202.5000","timestamp":"2025-09-30T06:00:00.158Z"}
{"label":"i2i-db-monitor-service.js","level":"info","message":"I2I DB Monitor ProfilerPrevHour@TotalDuration: 10960405.0000","timestamp":"2025-09-30T06:00:00.158Z"}
{"label":"i2i-db-monitor-service.js","level":"info","message":"I2I DB Monitor ProfilerPrevHour@AvgDurationTimeout: 0.0000","timestamp":"2025-09-30T06:00:00.158Z"}
{"label":"i2i-db-monitor-service.js","level":"info","message":"I2I DB Monitor ProfilerPrevHour@TotalDurationTiemout: 0.0000","timestamp":"2025-09-30T06:00:00.158Z"}
{"ProfilerLastHour_AvgDuration":0,"ProfilerLastHour_AvgDurationTimeout":0,"ProfilerLastHour_Count":0,"ProfilerLastHour_CountTimeout":0,"ProfilerLastHour_ErrorCount":0,"ProfilerLastHour_TotalCount":0,"ProfilerLastHour_TotalDuration":0,"ProfilerLastHour_TotalDurationTiemout":0,"ProfilerPrevHour_AvgDuration":5480202.5,"ProfilerPrevHour_AvgDurationTimeout":0,"ProfilerPrevHour_Count":2,"ProfilerPrevHour_CountTimeout":0,"ProfilerPrevHour_ErrorCount":0,"ProfilerPrevHour_TotalCount":2,"ProfilerPrevHour_TotalDuration":10960405,"ProfilerPrevHour_TotalDurationTiemout":0,"label":"i2i-db-monitor-service.js","level":"info","message":"I2I DB Monitor Results","timestamp":"2025-09-30T06:00:00.158Z"}
{"label":"i2i-client.js","level":"info","message":"Fetching auth token STANDARD for api","timestamp":"2025-09-30T06:00:00.259Z"}
{"label":"i2i-client.js","level":"info","message":"Fetching auth token STANDARD for api","timestamp":"2025-09-30T06:00:00.416Z"}
{"label":"marketing-service-job.js","level":"info","message":"Got 0 items to synk","timestamp":"2025-09-30T06:00:00.448Z"}
{"label":"marketing-service-job.js","level":"info","message":"Marketing log written","timestamp":"2025-09-30T06:00:00.448Z"}
{"label":"marketing-service-job.js","level":"info","message":"Post duplicate removal 0 items to synk","timestamp":"2025-09-30T06:00:00.448Z"}
{"label":"marketing-service-job.js","level":"info","message":"No data to sync","timestamp":"2025-09-30T06:00:00.448Z"}
{"label":"marketing-service-job.js","level":"info","message":"Got 0 items to synk","timestamp":"2025-09-30T06:00:00.525Z"}
{"label":"marketing-service-job.js","level":"info","message":"Marketing log written","timestamp":"2025-09-30T06:00:00.525Z"}
{"label":"marketing-service-job.js","level":"info","message":"Post duplicate removal 0 items to synk","timestamp":"2025-09-30T06:00:00.525Z"}
{"label":"marketing-service-job.js","level":"info","message":"No data to sync","timestamp":"2025-09-30T06:00:00.525Z"}
{"label":"i2i-monitor-service.js","level":"info","message":"I2I Monitor UpdatePolicy: 14.9055","timestamp":"2025-09-30T06:00:15.007Z"}
{"label":"i2i-client.js","level":"info","message":"Fetching auth token STANDARD for api","timestamp":"2025-09-30T06:00:15.007Z"}
{"label":"i2i-monitor-service.js","level":"info","message":"I2I Monitor GetParty: 0.0830","timestamp":"2025-09-30T06:00:15.090Z"}
{"label":"i2i-client.js","level":"info","message":"Fetching auth token STANDARD for api","timestamp":"2025-09-30T06:00:15.090Z"}
{"label":"i2i-monitor-service.js","level":"info","message":"I2I Monitor GetClaim: 0.1257","timestamp":"2025-09-30T06:00:15.216Z"}
{"label":"i2i-client.js","level":"info","message":"Fetching auth token STANDARD for api","timestamp":"2025-09-30T06:00:15.216Z"}
{"label":"i2i-client.js","level":"info","message":"Fetching auth token STANDARD for api","timestamp":"2025-09-30T06:00:15.330Z"}
{"label":"i2i-monitor-service.js","level":"info","message":"I2I Monitor UpdateClaim: 1.4430","timestamp":"2025-09-30T06:00:16.659Z"}
{"label":"i2i-client.js","level":"info","message":"Fetching auth token STANDARD for api","timestamp":"2025-09-30T06:00:16.659Z"}
{"label":"i2i-monitor-service.js","level":"info","message":"I2I Monitor GetPolicy: 0.0911","timestamp":"2025-09-30T06:00:16.750Z"}
{"label":"i2i-client.js","level":"info","message":"Fetching auth token STANDARD for api","timestamp":"2025-09-30T06:00:16.750Z"}
{"label":"i2i-client.js","level":"info","message":"Fetching auth token STANDARD for api","timestamp":"2025-09-30T06:00:16.829Z"}
{"label":"i2i-monitor-service.js","level":"info","message":"I2I Monitor UpdateParty: 0.1705","timestamp":"2025-09-30T06:00:16.921Z"}
{"GetClaim":0.12568663700000002,"GetParty":0.082977026,"GetPolicy":0.091073581,"UpdateClaim":1.4429623839999999,"UpdateParty":0.170517264,"UpdatePolicy":14.905548435,"label":"i2i-monitor-service.js","level":"info","message":"I2I Monitor Results","timestamp":"2025-09-30T06:00:16.921Z"}
{"label":"i2i-client.js","level":"info","message":"Fetching auth token STANDARD for api","timestamp":"2025-09-30T06:05:00.368Z"}
{"label":"i2i-client.js","level":"info","message":"Fetching auth token STANDARD for api","timestamp":"2025-09-30T06:05:00.368Z"}
{"label":"i2i-monitor-service.js","level":"info","message":"I2I Monitor GetClaim: 0.1225","timestamp":"2025-09-30T06:05:00.490Z"}
{"label":"i2i-client.js","level":"info","message":"Fetching auth token STANDARD for api","timestamp":"2025-09-30T06:05:00.490Z"}
{"label":"i2i-client.js","level":"info","message":"Fetching auth token STANDARD for api","timestamp":"2025-09-30T06:05:00.567Z"}
{"label":"i2i-monitor-service.js","level":"info","message":"I2I Monitor UpdateParty: 0.1692","timestamp":"2025-09-30T06:05:00.660Z"}
{"label":"i2i-client.js","level":"info","message":"Fetching auth token STANDARD for api","timestamp":"2025-09-30T06:05:00.660Z"}
{"label":"i2i-monitor-service.js","level":"info","message":"I2I Monitor GetPolicy: 0.0888","timestamp":"2025-09-30T06:05:00.749Z"}
{"label":"i2i-client.js","level":"info","message":"Fetching auth token STANDARD for api","timestamp":"2025-09-30T06:05:00.749Z"}
{"label":"i2i-client.js","level":"info","message":"Fetching auth token STANDARD for api","timestamp":"2025-09-30T06:05:00.838Z"}
{"label":"i2i-client.js","level":"info","message":"Fetching auth token STANDARD for api","timestamp":"2025-09-30T06:05:00.920Z"}
{"label":"i2i-monitor-service.js","level":"info","message":"I2I Monitor UpdatePolicy: 9.0244","timestamp":"2025-09-30T06:05:09.773Z"}
{"label":"i2i-client.js","level":"info","message":"Fetching auth token STANDARD for api","timestamp":"2025-09-30T06:05:09.773Z"}
{"label":"i2i-client.js","level":"info","message":"Fetching auth token STANDARD for api","timestamp":"2025-09-30T06:05:09.897Z"}
{"label":"i2i-monitor-service.js","level":"info","message":"I2I Monitor UpdateClaim: 1.4852","timestamp":"2025-09-30T06:05:11.259Z"}
{"label":"i2i-client.js","level":"info","message":"Fetching auth token STANDARD for api","timestamp":"2025-09-30T06:05:11.259Z"}
{"label":"i2i-monitor-service.js","level":"info","message":"I2I Monitor GetParty: 0.0836","timestamp":"2025-09-30T06:05:11.342Z"}
{"GetClaim":0.12250942999999999,"GetParty":0.08357640100000001,"GetPolicy":0.088801426,"UpdateClaim":1.485201415,"UpdateParty":0.169249284,"UpdatePolicy":9.024390048999999,"label":"i2i-monitor-service.js","level":"info","message":"I2I Monitor Results","timestamp":"2025-09-30T06:05:11.343Z"}
{"label":"i2i-client.js","level":"info","message":"Fetching auth token STANDARD for api","timestamp":"2025-09-30T06:10:00.749Z"}
{"label":"i2i-client.js","level":"info","message":"Fetching auth token STANDARD for api","timestamp":"2025-09-30T06:10:00.750Z"}
{"label":"marketing-service.js","level":"info","message":"Start job sommarkampanj-2025-dogs:sommarkampanj-2025","timestamp":"2025-09-30T06:10:00.765Z"}
{"label":"marketing-service-job.js","level":"info","message":"Starting JOB sommarkampanj-2025-dogs:sommarkampanj-2025","timestamp":"2025-09-30T06:10:00.765Z"}
{"label":"marketing-service.js","level":"info","message":"Start job sommarkampanj-2025-dogs:sommarkampanj-2025","timestamp":"2025-09-30T06:10:00.768Z"}
{"label":"marketing-service-job.js","level":"info","message":"Starting JOB sommarkampanj-2025-dogs:sommarkampanj-2025","timestamp":"2025-09-30T06:10:00.769Z"}
{"label":"i2i-client.js","level":"info","message":"Fetching auth token STANDARD for api","timestamp":"2025-09-30T06:10:00.926Z"}
{"label":"marketing-service-job.js","level":"info","message":"Got 0 items to synk","timestamp":"2025-09-30T06:10:01.055Z"}
{"label":"marketing-service-job.js","level":"info","message":"Marketing log written","timestamp":"2025-09-30T06:10:01.055Z"}
{"label":"marketing-service-job.js","level":"info","message":"Post duplicate removal 0 items to synk","timestamp":"2025-09-30T06:10:01.055Z"}
{"label":"marketing-service-job.js","level":"info","message":"No data to sync","timestamp":"2025-09-30T06:10:01.055Z"}
{"label":"i2i-client.js","level":"info","message":"Fetching auth token STANDARD for api","timestamp":"2025-09-30T06:10:01.077Z"}
{"label":"marketing-service-job.js","level":"info","message":"Got 0 items to synk","timestamp":"2025-09-30T06:10:01.090Z"}
{"label":"marketing-service-job.js","level":"info","message":"Marketing log written","timestamp":"2025-09-30T06:10:01.090Z"}
{"label":"marketing-service-job.js","level":"info","message":"Post duplicate removal 0 items to synk","timestamp":"2025-09-30T06:10:01.090Z"}
{"label":"marketing-service-job.js","level":"info","message":"No data to sync","timestamp":"2025-09-30T06:10:01.090Z"}
{"label":"i2i-monitor-service.js","level":"info","message":"I2I Monitor UpdatePolicy: 15.2865","timestamp":"2025-09-30T06:10:16.036Z"}
{"label":"i2i-client.js","level":"info","message":"Fetching auth token STANDARD for api","timestamp":"2025-09-30T06:10:16.036Z"}
{"label":"i2i-monitor-service.js","level":"info","message":"I2I Monitor GetParty: 0.0787","timestamp":"2025-09-30T06:10:16.115Z"}
{"label":"i2i-client.js","level":"info","message":"Fetching auth token STANDARD for api","timestamp":"2025-09-30T06:10:16.115Z"}
{"label":"i2i-monitor-service.js","level":"info","message":"I2I Monitor GetPolicy: 0.0808","timestamp":"2025-09-30T06:10:16.196Z"}
{"label":"i2i-client.js","level":"info","message":"Fetching auth token STANDARD for api","timestamp":"2025-09-30T06:10:16.196Z"}
{"label":"i2i-client.js","level":"info","message":"Fetching auth token STANDARD for api","timestamp":"2025-09-30T06:10:16.313Z"}
{"label":"i2i-monitor-service.js","level":"info","message":"I2I Monitor UpdateClaim: 1.4701","timestamp":"2025-09-30T06:10:17.666Z"}
{"label":"i2i-client.js","level":"info","message":"Fetching auth token STANDARD for api","timestamp":"2025-09-30T06:10:17.666Z"}
{"label":"i2i-monitor-service.js","level":"info","message":"I2I Monitor GetClaim: 0.1245","timestamp":"2025-09-30T06:10:17.791Z"}
{"label":"i2i-client.js","level":"info","message":"Fetching auth token STANDARD for api","timestamp":"2025-09-30T06:10:17.791Z"}
{"label":"i2i-client.js","level":"info","message":"Fetching auth token STANDARD for api","timestamp":"2025-09-30T06:10:17.865Z"}
{"label":"i2i-monitor-service.js","level":"info","message":"I2I Monitor UpdateParty: 0.1616","timestamp":"2025-09-30T06:10:17.953Z"}
{"GetClaim":0.124496244,"GetParty":0.07870693699999999,"GetPolicy":0.080767561,"UpdateClaim":1.470111461,"UpdateParty":0.161603671,"UpdatePolicy":15.286524076,"label":"i2i-monitor-service.js","level":"info","message":"I2I Monitor Results","timestamp":"2025-09-30T06:10:17.953Z"}
{"label":"i2i-client.js","level":"info","message":"Fetching auth token STANDARD for api","timestamp":"2025-09-30T06:15:00.096Z"}
{"label":"i2i-client.js","level":"info","message":"Fetching auth token STANDARD for api","timestamp":"2025-09-30T06:15:00.097Z"}
{"label":"i2i-client.js","level":"info","message":"Fetching auth token STANDARD for api","timestamp":"2025-09-30T06:15:00.227Z"}
{"label":"i2i-monitor-service.js","level":"info","message":"I2I Monitor UpdateClaim: 1.4865","timestamp":"2025-09-30T06:15:01.583Z"}
{"label":"i2i-client.js","level":"info","message":"Fetching auth token STANDARD for api","timestamp":"2025-09-30T06:15:01.583Z"}
{"label":"i2i-client.js","level":"info","message":"Fetching auth token STANDARD for api","timestamp":"2025-09-30T06:15:01.669Z"}
{"label":"i2i-client.js","level":"info","message":"Fetching auth token STANDARD for api","timestamp":"2025-09-30T06:15:01.762Z"}
{"label":"i2i-monitor-service.js","level":"info","message":"I2I Monitor UpdatePolicy: 11.6193","timestamp":"2025-09-30T06:15:13.203Z"}
{"label":"i2i-client.js","level":"info","message":"Fetching auth token STANDARD for api","timestamp":"2025-09-30T06:15:13.203Z"}
{"label":"i2i-client.js","level":"info","message":"Fetching auth token STANDARD for api","timestamp":"2025-09-30T06:15:13.323Z"}
{"label":"i2i-monitor-service.js","level":"info","message":"I2I Monitor UpdateParty: 0.2196","timestamp":"2025-09-30T06:15:13.423Z"}
{"label":"i2i-client.js","level":"info","message":"Fetching auth token STANDARD for api","timestamp":"2025-09-30T06:15:13.423Z"}
{"label":"i2i-monitor-service.js","level":"info","message":"I2I Monitor GetClaim: 0.1345","timestamp":"2025-09-30T06:15:13.557Z"}
{"label":"i2i-client.js","level":"info","message":"Fetching auth token STANDARD for api","timestamp":"2025-09-30T06:15:13.557Z"}
{"label":"i2i-monitor-service.js","level":"info","message":"I2I Monitor GetPolicy: 0.0936","timestamp":"2025-09-30T06:15:13.651Z"}
{"label":"i2i-client.js","level":"info","message":"Fetching auth token STANDARD for api","timestamp":"2025-09-30T06:15:13.651Z"}
{"label":"i2i-monitor-service.js","level":"info","message":"I2I Monitor GetParty: 0.0859","timestamp":"2025-09-30T06:15:13.737Z"}
{"GetClaim":0.13454792699999998,"GetParty":0.085889009,"GetPolicy":0.09362519799999999,"UpdateClaim":1.486510192,"UpdateParty":0.219618626,"UpdatePolicy":11.619323340000001,"label":"i2i-monitor-service.js","level":"info","message":"I2I Monitor Results","timestamp":"2025-09-30T06:15:13.737Z"}
{"label":"i2i-client.js","level":"info","message":"Fetching auth token STANDARD for api","timestamp":"2025-09-30T06:20:00.540Z"}
{"label":"i2i-client.js","level":"info","message":"Fetching auth token STANDARD for api","timestamp":"2025-09-30T06:20:00.540Z"}
{"label":"marketing-service.js","level":"info","message":"Start job sommarkampanj-2025-dogs:sommarkampanj-2025","timestamp":"2025-09-30T06:20:00.558Z"}
{"label":"marketing-service-job.js","level":"info","message":"Starting JOB sommarkampanj-2025-dogs:sommarkampanj-2025","timestamp":"2025-09-30T06:20:00.558Z"}
{"label":"marketing-service.js","level":"info","message":"Start job sommarkampanj-2025-dogs:sommarkampanj-2025","timestamp":"2025-09-30T06:20:00.558Z"}
{"label":"marketing-service-job.js","level":"info","message":"Starting JOB sommarkampanj-2025-dogs:sommarkampanj-2025","timestamp":"2025-09-30T06:20:00.559Z"}
{"label":"i2i-monitor-service.js","level":"info","message":"I2I Monitor GetPolicy: 0.1215","timestamp":"2025-09-30T06:20:00.661Z"}
{"label":"i2i-client.js","level":"info","message":"Fetching auth token STANDARD for api","timestamp":"2025-09-30T06:20:00.662Z"}
{"label":"i2i-client.js","level":"info","message":"Fetching auth token STANDARD for api","timestamp":"2025-09-30T06:20:00.969Z"}
{"label":"marketing-service-job.js","level":"info","message":"Got 0 items to synk","timestamp":"2025-09-30T06:20:01.209Z"}
{"label":"marketing-service-job.js","level":"info","message":"Marketing log written","timestamp":"2025-09-30T06:20:01.209Z"}
{"label":"marketing-service-job.js","level":"info","message":"Post duplicate removal 0 items to synk","timestamp":"2025-09-30T06:20:01.209Z"}
{"label":"marketing-service-job.js","level":"info","message":"No data to sync","timestamp":"2025-09-30T06:20:01.209Z"}
{"label":"marketing-service-job.js","level":"info","message":"Got 0 items to synk","timestamp":"2025-09-30T06:20:01.210Z"}
{"label":"marketing-service-job.js","level":"info","message":"Marketing log written","timestamp":"2025-09-30T06:20:01.210Z"}
{"label":"marketing-service-job.js","level":"info","message":"Post duplicate removal 0 items to synk","timestamp":"2025-09-30T06:20:01.210Z"}
{"label":"marketing-service-job.js","level":"info","message":"No data to sync","timestamp":"2025-09-30T06:20:01.210Z"}
{"label":"i2i-monitor-service.js","level":"info","message":"I2I Monitor UpdateClaim: 2.0230","timestamp":"2025-09-30T06:20:02.685Z"}
{"label":"i2i-client.js","level":"info","message":"Fetching auth token STANDARD for api","timestamp":"2025-09-30T06:20:02.685Z"}
{"label":"i2i-monitor-service.js","level":"info","message":"I2I Monitor GetClaim: 0.1250","timestamp":"2025-09-30T06:20:02.810Z"}
{"label":"i2i-client.js","level":"info","message":"Fetching auth token STANDARD for api","timestamp":"2025-09-30T06:20:02.810Z"}
{"label":"i2i-client.js","level":"info","message":"Fetching auth token STANDARD for api","timestamp":"2025-09-30T06:20:02.906Z"}
{"label":"i2i-client.js","level":"info","message":"Fetching auth token STANDARD for api","timestamp":"2025-09-30T06:20:02.995Z"}
{"label":"i2i-monitor-service.js","level":"info","message":"I2I Monitor UpdatePolicy: 16.4307","timestamp":"2025-09-30T06:20:19.241Z"}
{"label":"i2i-client.js","level":"info","message":"Fetching auth token STANDARD for api","timestamp":"2025-09-30T06:20:19.241Z"}
{"label":"i2i-client.js","level":"info","message":"Fetching auth token STANDARD for api","timestamp":"2025-09-30T06:20:19.333Z"}
{"label":"i2i-monitor-service.js","level":"info","message":"I2I Monitor UpdateParty: 0.1926","timestamp":"2025-09-30T06:20:19.433Z"}
{"label":"i2i-client.js","level":"info","message":"Fetching auth token STANDARD for api","timestamp":"2025-09-30T06:20:19.433Z"}
{"label":"i2i-monitor-service.js","level":"info","message":"I2I Monitor GetParty: 0.3171","timestamp":"2025-09-30T06:20:19.751Z"}
{"GetClaim":0.12496658499999999,"GetParty":0.317081188,"GetPolicy":0.121502211,"UpdateClaim":2.023008769,"UpdateParty":0.192610387,"UpdatePolicy":16.430667403,"label":"i2i-monitor-service.js","level":"info","message":"I2I Monitor Results","timestamp":"2025-09-30T06:20:19.751Z"}
{"label":"i2i-client.js","level":"info","message":"Fetching auth token STANDARD for api","timestamp":"2025-09-30T06:25:00.012Z"}
{"label":"i2i-client.js","level":"info","message":"Fetching auth token STANDARD for api","timestamp":"2025-09-30T06:25:00.013Z"}
{"label":"i2i-monitor-service.js","level":"info","message":"I2I Monitor GetClaim: 0.1367","timestamp":"2025-09-30T06:25:00.149Z"}
{"label":"i2i-client.js","level":"info","message":"Fetching auth token STANDARD for api","timestamp":"2025-09-30T06:25:00.149Z"}
{"label":"i2i-client.js","level":"info","message":"Fetching auth token STANDARD for api","timestamp":"2025-09-30T06:25:00.240Z"}
{"label":"i2i-client.js","level":"info","message":"Fetching auth token STANDARD for api","timestamp":"2025-09-30T06:25:00.329Z"}
{"label":"i2i-monitor-service.js","level":"info","message":"I2I Monitor UpdatePolicy: 13.9896","timestamp":"2025-09-30T06:25:14.139Z"}
{"label":"i2i-client.js","level":"info","message":"Fetching auth token STANDARD for api","timestamp":"2025-09-30T06:25:14.139Z"}
{"label":"i2i-monitor-service.js","level":"info","message":"I2I Monitor GetParty: 0.0811","timestamp":"2025-09-30T06:25:14.220Z"}
{"label":"i2i-client.js","level":"info","message":"Fetching auth token STANDARD for api","timestamp":"2025-09-30T06:25:14.220Z"}
{"label":"i2i-client.js","level":"info","message":"Fetching auth token STANDARD for api","timestamp":"2025-09-30T06:25:14.649Z"}
{"label":"i2i-monitor-service.js","level":"info","message":"I2I Monitor UpdateClaim: 1.9305","timestamp":"2025-09-30T06:25:16.151Z"}
{"label":"i2i-client.js","level":"info","message":"Fetching auth token STANDARD for api","timestamp":"2025-09-30T06:25:16.151Z"}
{"label":"i2i-client.js","level":"info","message":"Fetching auth token STANDARD for api","timestamp":"2025-09-30T06:25:16.231Z"}
{"label":"i2i-monitor-service.js","level":"info","message":"I2I Monitor UpdateParty: 0.1736","timestamp":"2025-09-30T06:25:16.325Z"}
{"label":"i2i-client.js","level":"info","message":"Fetching auth token STANDARD for api","timestamp":"2025-09-30T06:25:16.325Z"}
{"label":"i2i-monitor-service.js","level":"info","message":"I2I Monitor GetPolicy: 0.0926","timestamp":"2025-09-30T06:25:16.417Z"}
{"GetClaim":0.136661257,"GetParty":0.081066898,"GetPolicy":0.09261108500000001,"UpdateClaim":1.930507343,"UpdateParty":0.173568924,"UpdatePolicy":13.989627938,"label":"i2i-monitor-service.js","level":"info","message":"I2I Monitor Results","timestamp":"2025-09-30T06:25:16.418Z"}
{"label":"i2i-client.js","level":"info","message":"Fetching auth token STANDARD for api","timestamp":"2025-09-30T06:30:00.353Z"}
{"label":"i2i-client.js","level":"info","message":"Fetching auth token STANDARD for api","timestamp":"2025-09-30T06:30:00.353Z"}
{"label":"marketing-service.js","level":"info","message":"Start job sommarkampanj-2025-dogs:sommarkampanj-2025","timestamp":"2025-09-30T06:30:00.366Z"}
{"label":"marketing-service-job.js","level":"info","message":"Starting JOB sommarkampanj-2025-dogs:sommarkampanj-2025","timestamp":"2025-09-30T06:30:00.367Z"}
{"label":"marketing-service.js","level":"info","message":"Start job sommarkampanj-2025-dogs:sommarkampanj-2025","timestamp":"2025-09-30T06:30:00.368Z"}
{"label":"marketing-service-job.js","level":"info","message":"Starting JOB sommarkampanj-2025-dogs:sommarkampanj-2025","timestamp":"2025-09-30T06:30:00.368Z"}
{"label":"i2i-db-monitor-service.js","level":"info","message":"I2I DB Monitor ProfilerLastHour@Execution: 0.0337","timestamp":"2025-09-30T06:30:00.389Z"}
{"label":"i2i-db-monitor-service.js","level":"info","message":"I2I DB Monitor ProfilerLastHour@TotalCount: 0.0000","timestamp":"2025-09-30T06:30:00.390Z"}
{"label":"i2i-db-monitor-service.js","level":"info","message":"I2I DB Monitor ProfilerLastHour@Count: 0.0000","timestamp":"2025-09-30T06:30:00.390Z"}
{"label":"i2i-db-monitor-service.js","level":"info","message":"I2I DB Monitor ProfilerLastHour@ErrorCount: 0.0000","timestamp":"2025-09-30T06:30:00.390Z"}
{"label":"i2i-db-monitor-service.js","level":"info","message":"I2I DB Monitor ProfilerLastHour@CountTimeout: 0.0000","timestamp":"2025-09-30T06:30:00.390Z"}
{"label":"i2i-db-monitor-service.js","level":"info","message":"I2I DB Monitor ProfilerLastHour@AvgDuration: 0.0000","timestamp":"2025-09-30T06:30:00.390Z"}
{"label":"i2i-db-monitor-service.js","level":"info","message":"I2I DB Monitor ProfilerLastHour@TotalDuration: 0.0000","timestamp":"2025-09-30T06:30:00.390Z"}
{"label":"i2i-db-monitor-service.js","level":"info","message":"I2I DB Monitor ProfilerLastHour@AvgDurationTimeout: 0.0000","timestamp":"2025-09-30T06:30:00.390Z"}
{"label":"i2i-db-monitor-service.js","level":"info","message":"I2I DB Monitor ProfilerLastHour@TotalDurationTiemout: 0.0000","timestamp":"2025-09-30T06:30:00.390Z"}
{"label":"i2i-db-monitor-service.js","level":"info","message":"I2I DB Monitor ProfilerPrevHour@Execution: 0.0204","timestamp":"2025-09-30T06:30:00.410Z"}
{"label":"i2i-db-monitor-service.js","level":"info","message":"I2I DB Monitor ProfilerPrevHour@TotalCount: 0.0000","timestamp":"2025-09-30T06:30:00.411Z"}
{"label":"i2i-db-monitor-service.js","level":"info","message":"I2I DB Monitor ProfilerPrevHour@Count: 0.0000","timestamp":"2025-09-30T06:30:00.411Z"}
{"label":"i2i-db-monitor-service.js","level":"info","message":"I2I DB Monitor ProfilerPrevHour@ErrorCount: 0.0000","timestamp":"2025-09-30T06:30:00.411Z"}
{"label":"i2i-db-monitor-service.js","level":"info","message":"I2I DB Monitor ProfilerPrevHour@CountTimeout: 0.0000","timestamp":"2025-09-30T06:30:00.411Z"}
{"label":"i2i-db-monitor-service.js","level":"info","message":"I2I DB Monitor ProfilerPrevHour@AvgDuration: 0.0000","timestamp":"2025-09-30T06:30:00.411Z"}
{"label":"i2i-db-monitor-service.js","level":"info","message":"I2I DB Monitor ProfilerPrevHour@TotalDuration: 0.0000","timestamp":"2025-09-30T06:30:00.411Z"}
{"label":"i2i-db-monitor-service.js","level":"info","message":"I2I DB Monitor ProfilerPrevHour@AvgDurationTimeout: 0.0000","timestamp":"2025-09-30T06:30:00.411Z"}
{"label":"i2i-db-monitor-service.js","level":"info","message":"I2I DB Monitor ProfilerPrevHour@TotalDurationTiemout: 0.0000","timestamp":"2025-09-30T06:30:00.411Z"}
{"ProfilerLastHour_AvgDuration":0,"ProfilerLastHour_AvgDurationTimeout":0,"ProfilerLastHour_Count":0,"ProfilerLastHour_CountTimeout":0,"ProfilerLastHour_ErrorCount":0,"ProfilerLastHour_TotalCount":0,"ProfilerLastHour_TotalDuration":0,"ProfilerLastHour_TotalDurationTiemout":0,"ProfilerPrevHour_AvgDuration":0,"ProfilerPrevHour_AvgDurationTimeout":0,"ProfilerPrevHour_Count":0,"ProfilerPrevHour_CountTimeout":0,"ProfilerPrevHour_ErrorCount":0,"ProfilerPrevHour_TotalCount":0,"ProfilerPrevHour_TotalDuration":0,"ProfilerPrevHour_TotalDurationTiemout":0,"label":"i2i-db-monitor-service.js","level":"info","message":"I2I DB Monitor Results","timestamp":"2025-09-30T06:30:00.411Z"}
{"label":"i2i-client.js","level":"info","message":"Fetching auth token STANDARD for api","timestamp":"2025-09-30T06:30:00.566Z"}
{"label":"i2i-client.js","level":"info","message":"Fetching auth token STANDARD for api","timestamp":"2025-09-30T06:30:00.804Z"}
{"label":"marketing-service-job.js","level":"info","message":"Got 0 items to synk","timestamp":"2025-09-30T06:30:00.918Z"}
{"label":"marketing-service-job.js","level":"info","message":"Marketing log written","timestamp":"2025-09-30T06:30:00.918Z"}
{"label":"marketing-service-job.js","level":"info","message":"Post duplicate removal 0 items to synk","timestamp":"2025-09-30T06:30:00.918Z"}
{"label":"marketing-service-job.js","level":"info","message":"No data to sync","timestamp":"2025-09-30T06:30:00.918Z"}
{"label":"marketing-service-job.js","level":"info","message":"Got 0 items to synk","timestamp":"2025-09-30T06:30:01.017Z"}
{"label":"marketing-service-job.js","level":"info","message":"Marketing log written","timestamp":"2025-09-30T06:30:01.017Z"}
{"label":"marketing-service-job.js","level":"info","message":"Post duplicate removal 0 items to synk","timestamp":"2025-09-30T06:30:01.017Z"}
{"label":"marketing-service-job.js","level":"info","message":"No data to sync","timestamp":"2025-09-30T06:30:01.017Z"}
{"label":"i2i-monitor-service.js","level":"info","message":"I2I Monitor UpdatePolicy: 18.4411","timestamp":"2025-09-30T06:30:18.794Z"}
{"label":"i2i-client.js","level":"info","message":"Fetching auth token STANDARD for api","timestamp":"2025-09-30T06:30:18.794Z"}
{"label":"i2i-monitor-service.js","level":"info","message":"I2I Monitor GetClaim: 0.1429","timestamp":"2025-09-30T06:30:18.937Z"}
{"label":"i2i-client.js","level":"info","message":"Fetching auth token STANDARD for api","timestamp":"2025-09-30T06:30:18.937Z"}
{"label":"i2i-client.js","level":"info","message":"Fetching auth token STANDARD for api","timestamp":"2025-09-30T06:30:19.111Z"}
{"label":"i2i-monitor-service.js","level":"info","message":"I2I Monitor UpdateClaim: 2.5341","timestamp":"2025-09-30T06:30:21.472Z"}
{"label":"i2i-client.js","level":"info","message":"Fetching auth token STANDARD for api","timestamp":"2025-09-30T06:30:21.472Z"}
{"label":"i2i-monitor-service.js","level":"info","message":"I2I Monitor GetParty: 0.0929","timestamp":"2025-09-30T06:30:21.565Z"}
{"label":"i2i-client.js","level":"info","message":"Fetching auth token STANDARD for api","timestamp":"2025-09-30T06:30:21.565Z"}
{"label":"i2i-client.js","level":"info","message":"Fetching auth token STANDARD for api","timestamp":"2025-09-30T06:30:21.653Z"}
{"label":"i2i-monitor-service.js","level":"info","message":"I2I Monitor UpdateParty: 0.4922","timestamp":"2025-09-30T06:30:22.057Z"}
{"label":"i2i-client.js","level":"info","message":"Fetching auth token STANDARD for api","timestamp":"2025-09-30T06:30:22.057Z"}
{"label":"i2i-monitor-service.js","level":"info","message":"I2I Monitor GetPolicy: 0.1056","timestamp":"2025-09-30T06:30:22.163Z"}
{"GetClaim":0.142851172,"GetParty":0.092862567,"GetPolicy":0.105559613,"UpdateClaim":2.534084477,"UpdateParty":0.49220580999999997,"UpdatePolicy":18.441122479999997,"label":"i2i-monitor-service.js","level":"info","message":"I2I Monitor Results","timestamp":"2025-09-30T06:30:22.163Z"}
{"label":"i2i-client.js","level":"info","message":"Fetching auth token STANDARD for api","timestamp":"2025-09-30T06:35:00.810Z"}
{"label":"i2i-client.js","level":"info","message":"Fetching auth token STANDARD for api","timestamp":"2025-09-30T06:35:00.810Z"}
{"label":"i2i-monitor-service.js","level":"info","message":"I2I Monitor GetClaim: 0.1527","timestamp":"2025-09-30T06:35:00.963Z"}
{"label":"i2i-client.js","level":"info","message":"Fetching auth token STANDARD for api","timestamp":"2025-09-30T06:35:00.963Z"}
{"label":"i2i-client.js","level":"info","message":"Fetching auth token STANDARD for api","timestamp":"2025-09-30T06:35:01.039Z"}
{"label":"i2i-monitor-service.js","level":"info","message":"I2I Monitor UpdateParty: 0.1629","timestamp":"2025-09-30T06:35:01.126Z"}
{"label":"i2i-client.js","level":"info","message":"Fetching auth token STANDARD for api","timestamp":"2025-09-30T06:35:01.126Z"}
{"label":"i2i-client.js","level":"info","message":"Fetching auth token STANDARD for api","timestamp":"2025-09-30T06:35:01.225Z"}
{"label":"i2i-client.js","level":"info","message":"Fetching auth token STANDARD for api","timestamp":"2025-09-30T06:35:01.315Z"}
{"label":"i2i-monitor-service.js","level":"info","message":"I2I Monitor UpdatePolicy: 13.4696","timestamp":"2025-09-30T06:35:14.596Z"}
{"label":"i2i-client.js","level":"info","message":"Fetching auth token STANDARD for api","timestamp":"2025-09-30T06:35:14.596Z"}
{"label":"i2i-client.js","level":"info","message":"Fetching auth token STANDARD for api","timestamp":"2025-09-30T06:35:14.723Z"}
{"label":"i2i-monitor-service.js","level":"info","message":"I2I Monitor UpdateClaim: 1.7013","timestamp":"2025-09-30T06:35:16.297Z"}
{"label":"i2i-client.js","level":"info","message":"Fetching auth token STANDARD for api","timestamp":"2025-09-30T06:35:16.297Z"}
{"label":"i2i-monitor-service.js","level":"info","message":"I2I Monitor GetPolicy: 0.0856","timestamp":"2025-09-30T06:35:16.383Z"}
{"label":"i2i-client.js","level":"info","message":"Fetching auth token STANDARD for api","timestamp":"2025-09-30T06:35:16.384Z"}
{"label":"i2i-monitor-service.js","level":"info","message":"I2I Monitor GetParty: 0.0764","timestamp":"2025-09-30T06:35:16.461Z"}
{"GetClaim":0.152712074,"GetParty":0.076406223,"GetPolicy":0.085550276,"UpdateClaim":1.7013223440000003,"UpdateParty":0.162940178,"UpdatePolicy":13.469554604,"label":"i2i-monitor-service.js","level":"info","message":"I2I Monitor Results","timestamp":"2025-09-30T06:35:16.461Z"}
{"label":"i2i-client.js","level":"info","message":"Fetching auth token STANDARD for api","timestamp":"2025-09-30T06:40:00.148Z"}
{"label":"i2i-client.js","level":"info","message":"Fetching auth token STANDARD for api","timestamp":"2025-09-30T06:40:00.148Z"}
{"label":"marketing-service.js","level":"info","message":"Start job sommarkampanj-2025-dogs:sommarkampanj-2025","timestamp":"2025-09-30T06:40:00.161Z"}
{"label":"marketing-service-job.js","level":"info","message":"Starting JOB sommarkampanj-2025-dogs:sommarkampanj-2025","timestamp":"2025-09-30T06:40:00.161Z"}
{"label":"marketing-service.js","level":"info","message":"Start job sommarkampanj-2025-dogs:sommarkampanj-2025","timestamp":"2025-09-30T06:40:00.165Z"}
{"label":"marketing-service-job.js","level":"info","message":"Starting JOB sommarkampanj-2025-dogs:sommarkampanj-2025","timestamp":"2025-09-30T06:40:00.165Z"}
{"label":"i2i-client.js","level":"info","message":"Fetching auth token STANDARD for api","timestamp":"2025-09-30T06:40:00.313Z"}
{"label":"marketing-service-job.js","level":"info","message":"Got 0 items to synk","timestamp":"2025-09-30T06:40:00.527Z"}
{"label":"marketing-service-job.js","level":"info","message":"Marketing log written","timestamp":"2025-09-30T06:40:00.527Z"}
{"label":"marketing-service-job.js","level":"info","message":"Post duplicate removal 0 items to synk","timestamp":"2025-09-30T06:40:00.527Z"}
{"label":"marketing-service-job.js","level":"info","message":"No data to sync","timestamp":"2025-09-30T06:40:00.527Z"}
{"label":"i2i-monitor-service.js","level":"info","message":"I2I Monitor UpdateParty: 0.4064","timestamp":"2025-09-30T06:40:00.555Z"}
{"label":"i2i-client.js","level":"info","message":"Fetching auth token STANDARD for api","timestamp":"2025-09-30T06:40:00.555Z"}
{"label":"marketing-service-job.js","level":"info","message":"Got 0 items to synk","timestamp":"2025-09-30T06:40:00.660Z"}
{"label":"marketing-service-job.js","level":"info","message":"Marketing log written","timestamp":"2025-09-30T06:40:00.660Z"}
{"label":"marketing-service-job.js","level":"info","message":"Post duplicate removal 0 items to synk","timestamp":"2025-09-30T06:40:00.660Z"}
{"label":"marketing-service-job.js","level":"info","message":"No data to sync","timestamp":"2025-09-30T06:40:00.660Z"}
{"label":"i2i-client.js","level":"info","message":"Fetching auth token STANDARD for api","timestamp":"2025-09-30T06:40:00.817Z"}
{"label":"i2i-monitor-service.js","level":"info","message":"I2I Monitor UpdateClaim: 3.5185","timestamp":"2025-09-30T06:40:04.073Z"}
{"label":"i2i-client.js","level":"info","message":"Fetching auth token STANDARD for api","timestamp":"2025-09-30T06:40:04.073Z"}
{"label":"i2i-monitor-service.js","level":"info","message":"I2I Monitor GetParty: 0.1286","timestamp":"2025-09-30T06:40:04.202Z"}
{"label":"i2i-client.js","level":"info","message":"Fetching auth token STANDARD for api","timestamp":"2025-09-30T06:40:04.202Z"}
{"label":"i2i-client.js","level":"info","message":"Fetching auth token STANDARD for api","timestamp":"2025-09-30T06:40:04.340Z"}
{"label":"i2i-client.js","level":"info","message":"Fetching auth token STANDARD for api","timestamp":"2025-09-30T06:40:04.478Z"}
{"label":"i2i-monitor-service.js","level":"info","message":"I2I Monitor UpdatePolicy: 12.2357","timestamp":"2025-09-30T06:40:16.438Z"}
{"label":"i2i-client.js","level":"info","message":"Fetching auth token STANDARD for api","timestamp":"2025-09-30T06:40:16.438Z"}
{"label":"i2i-monitor-service.js","level":"info","message":"I2I Monitor GetClaim: 0.1265","timestamp":"2025-09-30T06:40:16.565Z"}
{"label":"i2i-client.js","level":"info","message":"Fetching auth token STANDARD for api","timestamp":"2025-09-30T06:40:16.565Z"}
{"label":"i2i-monitor-service.js","level":"info","message":"I2I Monitor GetPolicy: 0.0839","timestamp":"2025-09-30T06:40:16.649Z"}
{"GetClaim":0.126536219,"GetParty":0.12864968999999998,"GetPolicy":0.083897138,"UpdateClaim":3.5184752020000003,"UpdateParty":0.406388517,"UpdatePolicy":12.235749959000001,"label":"i2i-monitor-service.js","level":"info","message":"I2I Monitor Results","timestamp":"2025-09-30T06:40:16.649Z"}
{"label":"i2i-client.js","level":"info","message":"Fetching auth token STANDARD for api","timestamp":"2025-09-30T06:45:00.482Z"}
{"label":"i2i-client.js","level":"info","message":"Fetching auth token STANDARD for api","timestamp":"2025-09-30T06:45:00.482Z"}
{"label":"i2i-client.js","level":"info","message":"Fetching auth token STANDARD for api","timestamp":"2025-09-30T06:45:00.575Z"}
{"label":"i2i-monitor-service.js","level":"info","message":"I2I Monitor UpdateParty: 0.1927","timestamp":"2025-09-30T06:45:00.675Z"}
{"label":"i2i-client.js","level":"info","message":"Fetching auth token STANDARD for api","timestamp":"2025-09-30T06:45:00.675Z"}
{"label":"i2i-monitor-service.js","level":"info","message":"I2I Monitor GetPolicy: 0.1104","timestamp":"2025-09-30T06:45:00.785Z"}
{"label":"i2i-client.js","level":"info","message":"Fetching auth token STANDARD for api","timestamp":"2025-09-30T06:45:00.786Z"}
{"label":"i2i-client.js","level":"info","message":"Fetching auth token STANDARD for api","timestamp":"2025-09-30T06:45:00.871Z"}
{"label":"i2i-client.js","level":"info","message":"Fetching auth token STANDARD for api","timestamp":"2025-09-30T06:45:00.959Z"}
{"label":"i2i-monitor-service.js","level":"info","message":"I2I Monitor UpdatePolicy: 11.6593","timestamp":"2025-09-30T06:45:12.445Z"}
{"label":"i2i-client.js","level":"info","message":"Fetching auth token STANDARD for api","timestamp":"2025-09-30T06:45:12.445Z"}
{"label":"i2i-monitor-service.js","level":"info","message":"I2I Monitor GetClaim: 0.1348","timestamp":"2025-09-30T06:45:12.580Z"}
{"label":"i2i-client.js","level":"info","message":"Fetching auth token STANDARD for api","timestamp":"2025-09-30T06:45:12.580Z"}
{"label":"i2i-monitor-service.js","level":"info","message":"I2I Monitor GetParty: 0.0833","timestamp":"2025-09-30T06:45:12.663Z"}
{"label":"i2i-client.js","level":"info","message":"Fetching auth token STANDARD for api","timestamp":"2025-09-30T06:45:12.664Z"}
{"label":"i2i-client.js","level":"info","message":"Fetching auth token STANDARD for api","timestamp":"2025-09-30T06:45:12.809Z"}
{"label":"i2i-monitor-service.js","level":"info","message":"I2I Monitor UpdateClaim: 1.6120","timestamp":"2025-09-30T06:45:14.276Z"}
{"GetClaim":0.134796246,"GetParty":0.083345979,"GetPolicy":0.110369011,"UpdateClaim":1.612018754,"UpdateParty":0.192660719,"UpdatePolicy":11.659346953,"label":"i2i-monitor-service.js","level":"info","message":"I2I Monitor Results","timestamp":"2025-09-30T06:45:14.276Z"}
{"label":"i2i-client.js","level":"info","message":"Fetching auth token STANDARD for api","timestamp":"2025-09-30T06:50:00.891Z"}
{"label":"i2i-client.js","level":"info","message":"Fetching auth token STANDARD for api","timestamp":"2025-09-30T06:50:00.891Z"}
{"label":"marketing-service.js","level":"info","message":"Start job sommarkampanj-2025-dogs:sommarkampanj-2025","timestamp":"2025-09-30T06:50:00.901Z"}
{"label":"marketing-service-job.js","level":"info","message":"Starting JOB sommarkampanj-2025-dogs:sommarkampanj-2025","timestamp":"2025-09-30T06:50:00.901Z"}
{"label":"marketing-service.js","level":"info","message":"Start job sommarkampanj-2025-dogs:sommarkampanj-2025","timestamp":"2025-09-30T06:50:00.902Z"}
{"label":"marketing-service-job.js","level":"info","message":"Starting JOB sommarkampanj-2025-dogs:sommarkampanj-2025","timestamp":"2025-09-30T06:50:00.902Z"}
{"label":"i2i-monitor-service.js","level":"info","message":"I2I Monitor GetPolicy: 0.1337","timestamp":"2025-09-30T06:50:01.025Z"}
{"label":"i2i-client.js","level":"info","message":"Fetching auth token STANDARD for api","timestamp":"2025-09-30T06:50:01.025Z"}
{"label":"i2i-monitor-service.js","level":"info","message":"I2I Monitor GetParty: 0.1652","timestamp":"2025-09-30T06:50:01.190Z"}
{"label":"i2i-client.js","level":"info","message":"Fetching auth token STANDARD for api","timestamp":"2025-09-30T06:50:01.190Z"}
{"label":"marketing-service-job.js","level":"info","message":"Got 0 items to synk","timestamp":"2025-09-30T06:50:01.207Z"}
{"label":"marketing-service-job.js","level":"info","message":"Marketing log written","timestamp":"2025-09-30T06:50:01.207Z"}
{"label":"marketing-service-job.js","level":"info","message":"Post duplicate removal 0 items to synk","timestamp":"2025-09-30T06:50:01.207Z"}
{"label":"marketing-service-job.js","level":"info","message":"No data to sync","timestamp":"2025-09-30T06:50:01.207Z"}
{"label":"marketing-service-job.js","level":"info","message":"Got 0 items to synk","timestamp":"2025-09-30T06:50:01.262Z"}
{"label":"marketing-service-job.js","level":"info","message":"Marketing log written","timestamp":"2025-09-30T06:50:01.262Z"}
{"label":"marketing-service-job.js","level":"info","message":"Post duplicate removal 0 items to synk","timestamp":"2025-09-30T06:50:01.262Z"}
{"label":"marketing-service-job.js","level":"info","message":"No data to sync","timestamp":"2025-09-30T06:50:01.262Z"}
{"label":"i2i-client.js","level":"info","message":"Fetching auth token STANDARD for api","timestamp":"2025-09-30T06:50:01.301Z"}
{"label":"i2i-client.js","level":"info","message":"Fetching auth token STANDARD for api","timestamp":"2025-09-30T06:50:01.388Z"}
{"label":"i2i-monitor-service.js","level":"info","message":"I2I Monitor UpdatePolicy: 9.9930","timestamp":"2025-09-30T06:50:11.183Z"}
{"label":"i2i-client.js","level":"info","message":"Fetching auth token STANDARD for api","timestamp":"2025-09-30T06:50:11.184Z"}
{"label":"i2i-monitor-service.js","level":"info","message":"I2I Monitor GetClaim: 0.1364","timestamp":"2025-09-30T06:50:11.320Z"}
{"label":"i2i-client.js","level":"info","message":"Fetching auth token STANDARD for api","timestamp":"2025-09-30T06:50:11.320Z"}
{"label":"i2i-client.js","level":"info","message":"Fetching auth token STANDARD for api","timestamp":"2025-09-30T06:50:11.431Z"}
{"label":"i2i-monitor-service.js","level":"info","message":"I2I Monitor UpdateClaim: 1.5961","timestamp":"2025-09-30T06:50:12.916Z"}
{"label":"i2i-client.js","level":"info","message":"Fetching auth token STANDARD for api","timestamp":"2025-09-30T06:50:12.917Z"}
{"label":"i2i-client.js","level":"info","message":"Fetching auth token STANDARD for api","timestamp":"2025-09-30T06:50:13.020Z"}
{"label":"i2i-monitor-service.js","level":"info","message":"I2I Monitor UpdateParty: 0.2079","timestamp":"2025-09-30T06:50:13.125Z"}
{"GetClaim":0.136435383,"GetParty":0.16516582500000002,"GetPolicy":0.133689537,"UpdateClaim":1.5960887069999998,"UpdateParty":0.207907317,"UpdatePolicy":9.993036328,"label":"i2i-monitor-service.js","level":"info","message":"I2I Monitor Results","timestamp":"2025-09-30T06:50:13.125Z"}
{"label":"i2i-client.js","level":"info","message":"Fetching auth token STANDARD for api","timestamp":"2025-09-30T06:55:00.259Z"}
{"label":"i2i-client.js","level":"info","message":"Fetching auth token STANDARD for api","timestamp":"2025-09-30T06:55:00.259Z"}
{"label":"i2i-monitor-service.js","level":"info","message":"I2I Monitor GetParty: 0.0956","timestamp":"2025-09-30T06:55:00.355Z"}
{"label":"i2i-client.js","level":"info","message":"Fetching auth token STANDARD for api","timestamp":"2025-09-30T06:55:00.355Z"}
{"label":"i2i-monitor-service.js","level":"info","message":"I2I Monitor GetClaim: 0.1274","timestamp":"2025-09-30T06:55:00.482Z"}
{"label":"i2i-client.js","level":"info","message":"Fetching auth token STANDARD for api","timestamp":"2025-09-30T06:55:00.482Z"}
{"label":"i2i-monitor-service.js","level":"info","message":"I2I Monitor GetPolicy: 0.0958","timestamp":"2025-09-30T06:55:00.578Z"}
{"label":"i2i-client.js","level":"info","message":"Fetching auth token STANDARD for api","timestamp":"2025-09-30T06:55:00.579Z"}
{"label":"i2i-client.js","level":"info","message":"Fetching auth token STANDARD for api","timestamp":"2025-09-30T06:55:00.746Z"}
{"label":"i2i-monitor-service.js","level":"info","message":"I2I Monitor UpdateClaim: 1.6064","timestamp":"2025-09-30T06:55:02.185Z"}
{"label":"i2i-client.js","level":"info","message":"Fetching auth token STANDARD for api","timestamp":"2025-09-30T06:55:02.185Z"}
{"label":"i2i-client.js","level":"info","message":"Fetching auth token STANDARD for api","timestamp":"2025-09-30T06:55:02.276Z"}
{"label":"i2i-client.js","level":"info","message":"Fetching auth token STANDARD for api","timestamp":"2025-09-30T06:55:02.368Z"}
{"label":"i2i-monitor-service.js","level":"info","message":"I2I Monitor UpdatePolicy: 13.8222","timestamp":"2025-09-30T06:55:16.007Z"}
{"label":"i2i-client.js","level":"info","message":"Fetching auth token STANDARD for api","timestamp":"2025-09-30T06:55:16.008Z"}
{"label":"i2i-client.js","level":"info","message":"Fetching auth token STANDARD for api","timestamp":"2025-09-30T06:55:16.444Z"}
{"label":"i2i-monitor-service.js","level":"info","message":"I2I Monitor UpdateParty: 0.5405","timestamp":"2025-09-30T06:55:16.548Z"}
{"GetClaim":0.127373508,"GetParty":0.095614318,"GetPolicy":0.095838397,"UpdateClaim":1.606402361,"UpdateParty":0.5404665280000001,"UpdatePolicy":13.822198698,"label":"i2i-monitor-service.js","level":"info","message":"I2I Monitor Results","timestamp":"2025-09-30T06:55:16.548Z"}
{"label":"marketing-service.js","level":"info","message":"Start job new-cats-sms-new-ag:new-cats-sms","timestamp":"2025-09-30T07:00:00.689Z"}
{"label":"marketing-service-job.js","level":"info","message":"Starting JOB new-cats-sms-new-ag:new-cats-sms","timestamp":"2025-09-30T07:00:00.689Z"}
{"label":"marketing-service.js","level":"info","message":"Start job new-horse-sms-new-ag:new-horse-sms","timestamp":"2025-09-30T07:00:00.699Z"}
{"label":"marketing-service-job.js","level":"info","message":"Starting JOB new-horse-sms-new-ag:new-horse-sms","timestamp":"2025-09-30T07:00:00.699Z"}
{"label":"marketing-service.js","level":"info","message":"Start job new-pet-sms-new-ag:new-pet-sms","timestamp":"2025-09-30T07:00:00.702Z"}
{"label":"marketing-service-job.js","level":"info","message":"Starting JOB new-pet-sms-new-ag:new-pet-sms","timestamp":"2025-09-30T07:00:00.702Z"}
{"label":"i2i-client.js","level":"info","message":"Fetching auth token STANDARD for api","timestamp":"2025-09-30T07:00:00.720Z"}
{"label":"i2i-client.js","level":"info","message":"Fetching auth token STANDARD for api","timestamp":"2025-09-30T07:00:00.720Z"}
{"label":"marketing-service.js","level":"info","message":"Start job sommarkampanj-2025-dogs:sommarkampanj-2025","timestamp":"2025-09-30T07:00:00.745Z"}
{"label":"marketing-service-job.js","level":"info","message":"Starting JOB sommarkampanj-2025-dogs:sommarkampanj-2025","timestamp":"2025-09-30T07:00:00.745Z"}
{"label":"marketing-service.js","level":"info","message":"Start job sommarkampanj-2025-dogs:sommarkampanj-2025","timestamp":"2025-09-30T07:00:00.751Z"}
{"label":"marketing-service-job.js","level":"info","message":"Starting JOB sommarkampanj-2025-dogs:sommarkampanj-2025","timestamp":"2025-09-30T07:00:00.751Z"}
{"label":"marketing-service.js","level":"info","message":"Start job new-dogs-sms-new-ag:new-dogs-sms","timestamp":"2025-09-30T07:00:00.773Z"}
{"label":"marketing-service-job.js","level":"info","message":"Starting JOB new-dogs-sms-new-ag:new-dogs-sms","timestamp":"2025-09-30T07:00:00.773Z"}
{"label":"i2i-db-monitor-service.js","level":"info","message":"I2I DB Monitor ProfilerLastHour@Execution: 0.0831","timestamp":"2025-09-30T07:00:00.805Z"}
{"label":"i2i-db-monitor-service.js","level":"info","message":"I2I DB Monitor ProfilerLastHour@TotalCount: 13.0000","timestamp":"2025-09-30T07:00:00.805Z"}
{"label":"i2i-db-monitor-service.js","level":"info","message":"I2I DB Monitor ProfilerLastHour@Count: 9.0000","timestamp":"2025-09-30T07:00:00.805Z"}
{"label":"i2i-db-monitor-service.js","level":"info","message":"I2I DB Monitor ProfilerLastHour@ErrorCount: 0.0000","timestamp":"2025-09-30T07:00:00.805Z"}
{"label":"i2i-db-monitor-service.js","level":"info","message":"I2I DB Monitor ProfilerLastHour@CountTimeout: 4.0000","timestamp":"2025-09-30T07:00:00.805Z"}
{"label":"i2i-db-monitor-service.js","level":"info","message":"I2I DB Monitor ProfilerLastHour@AvgDuration: 8369852.8889","timestamp":"2025-09-30T07:00:00.805Z"}
{"label":"i2i-db-monitor-service.js","level":"info","message":"I2I DB Monitor ProfilerLastHour@TotalDuration: 75328676.0000","timestamp":"2025-09-30T07:00:00.805Z"}
{"label":"i2i-db-monitor-service.js","level":"info","message":"I2I DB Monitor ProfilerLastHour@AvgDurationTimeout: 30001216.5000","timestamp":"2025-09-30T07:00:00.805Z"}
{"label":"i2i-db-monitor-service.js","level":"info","message":"I2I DB Monitor ProfilerLastHour@TotalDurationTiemout: 120004866.0000","timestamp":"2025-09-30T07:00:00.805Z"}
{"label":"i2i-db-monitor-service.js","level":"info","message":"I2I DB Monitor ProfilerPrevHour@Execution: 0.0407","timestamp":"2025-09-30T07:00:00.846Z"}
{"label":"i2i-db-monitor-service.js","level":"info","message":"I2I DB Monitor ProfilerPrevHour@TotalCount: 2.0000","timestamp":"2025-09-30T07:00:00.846Z"}
{"label":"i2i-db-monitor-service.js","level":"info","message":"I2I DB Monitor ProfilerPrevHour@Count: 2.0000","timestamp":"2025-09-30T07:00:00.846Z"}
{"label":"i2i-db-monitor-service.js","level":"info","message":"I2I DB Monitor ProfilerPrevHour@ErrorCount: 0.0000","timestamp":"2025-09-30T07:00:00.846Z"}
{"label":"i2i-db-monitor-service.js","level":"info","message":"I2I DB Monitor ProfilerPrevHour@CountTimeout: 0.0000","timestamp":"2025-09-30T07:00:00.846Z"}
{"label":"i2i-db-monitor-service.js","level":"info","message":"I2I DB Monitor ProfilerPrevHour@AvgDuration: 13308229.0000","timestamp":"2025-09-30T07:00:00.846Z"}
{"label":"i2i-db-monitor-service.js","level":"info","message":"I2I DB Monitor ProfilerPrevHour@TotalDuration: 26616458.0000","timestamp":"2025-09-30T07:00:00.846Z"}
{"label":"i2i-db-monitor-service.js","level":"info","message":"I2I DB Monitor ProfilerPrevHour@AvgDurationTimeout: 0.0000","timestamp":"2025-09-30T07:00:00.846Z"}
{"label":"i2i-db-monitor-service.js","level":"info","message":"I2I DB Monitor ProfilerPrevHour@TotalDurationTiemout: 0.0000","timestamp":"2025-09-30T07:00:00.846Z"}
{"ProfilerLastHour_AvgDuration":8369852.888888889,"ProfilerLastHour_AvgDurationTimeout":30001216.5,"ProfilerLastHour_Count":9,"ProfilerLastHour_CountTimeout":4,"ProfilerLastHour_ErrorCount":0,"ProfilerLastHour_TotalCount":13,"ProfilerLastHour_TotalDuration":75328676,"ProfilerLastHour_TotalDurationTiemout":120004866,"ProfilerPrevHour_AvgDuration":13308229,"ProfilerPrevHour_AvgDurationTimeout":0,"ProfilerPrevHour_Count":2,"ProfilerPrevHour_CountTimeout":0,"ProfilerPrevHour_ErrorCount":0,"ProfilerPrevHour_TotalCount":2,"ProfilerPrevHour_TotalDuration":26616458,"ProfilerPrevHour_TotalDurationTiemout":0,"label":"i2i-db-monitor-service.js","level":"info","message":"I2I DB Monitor Results","timestamp":"2025-09-30T07:00:00.847Z"}
{"label":"i2i-monitor-service.js","level":"info","message":"I2I Monitor GetParty: 0.2901","timestamp":"2025-09-30T07:00:01.010Z"}
{"label":"i2i-client.js","level":"info","message":"Fetching auth token STANDARD for api","timestamp":"2025-09-30T07:00:01.010Z"}
{"label":"i2i-monitor-service.js","level":"info","message":"I2I Monitor GetPolicy: 0.2394","timestamp":"2025-09-30T07:00:01.250Z"}
{"label":"i2i-client.js","level":"info","message":"Fetching auth token STANDARD for api","timestamp":"2025-09-30T07:00:01.250Z"}
{"label":"i2i-client.js","level":"info","message":"Fetching auth token STANDARD for api","timestamp":"2025-09-30T07:00:01.412Z"}
{"label":"marketing-service-job.js","level":"info","message":"Got 0 items to synk","timestamp":"2025-09-30T07:00:01.563Z"}
{"label":"marketing-service-job.js","level":"info","message":"Marketing log written","timestamp":"2025-09-30T07:00:01.564Z"}
{"label":"marketing-service-job.js","level":"info","message":"Post duplicate removal 0 items to synk","timestamp":"2025-09-30T07:00:01.564Z"}
{"label":"marketing-service-job.js","level":"info","message":"No data to sync","timestamp":"2025-09-30T07:00:01.564Z"}
{"label":"i2i-client.js","level":"info","message":"Fetching auth token STANDARD for api","timestamp":"2025-09-30T07:00:01.603Z"}
{"label":"marketing-service-job.js","level":"info","message":"Got 0 items to synk","timestamp":"2025-09-30T07:00:02.454Z"}
{"label":"marketing-service-job.js","level":"info","message":"Marketing log written","timestamp":"2025-09-30T07:00:02.454Z"}
{"label":"marketing-service-job.js","level":"info","message":"Post duplicate removal 0 items to synk","timestamp":"2025-09-30T07:00:02.454Z"}
{"label":"marketing-service-job.js","level":"info","message":"No data to sync","timestamp":"2025-09-30T07:00:02.454Z"}
{"label":"marketing-service-job.js","level":"info","message":"Got 6 items to synk","timestamp":"2025-09-30T07:00:04.711Z"}
{"label":"marketing-service-job.js","level":"info","message":"Marketing log written","timestamp":"2025-09-30T07:00:04.744Z"}
{"label":"marketing-service-job.js","level":"info","message":"Post duplicate removal 6 items to synk","timestamp":"2025-09-30T07:00:04.744Z"}
{"label":"log-sink.js","level":"info","message":"Wrote generated/files/new-horse-sms-new-ag_20250930070004744Z.csv","timestamp":"2025-09-30T07:00:04.752Z"}
{"label":"marketing-service-job.js","level":"info","message":"Got 53 items to synk","timestamp":"2025-09-30T07:00:04.786Z"}
{"label":"excel-sink.js","level":"info","message":"Excel file written to generated/files/new-horse-sms-new-ag_20250930070004752Z.xlsx","timestamp":"2025-09-30T07:00:04.841Z"}
{"label":"marketing-service-job.js","level":"info","message":"Marketing log written","timestamp":"2025-09-30T07:00:04.854Z"}
{"label":"marketing-service-job.js","level":"info","message":"Post duplicate removal 53 items to synk","timestamp":"2025-09-30T07:00:04.854Z"}
{"label":"log-sink.js","level":"info","message":"Wrote generated/files/new-dogs-sms-new-ag_20250930070004854Z.csv","timestamp":"2025-09-30T07:00:04.856Z"}
{"label":"excel-sink.js","level":"info","message":"Excel file written to generated/files/new-dogs-sms-new-ag_20250930070004857Z.xlsx","timestamp":"2025-09-30T07:00:04.874Z"}
{"label":"sftp-sink.js","level":"info","message":"File (new-horse-sms-new-ag_20250930070004752Z.xlsx) uploaded successfully to ftp.wiraya.com","timestamp":"2025-09-30T07:00:05.959Z"}
{"label":"sftp-sink.js","level":"info","message":"File (new-dogs-sms-new-ag_20250930070004857Z.xlsx) uploaded successfully to ftp.wiraya.com","timestamp":"2025-09-30T07:00:05.962Z"}
{"label":"marketing-service-job.js","level":"info","message":"Got 7 items to synk","timestamp":"2025-09-30T07:00:07.926Z"}
{"label":"marketing-service-job.js","level":"info","message":"Marketing log written","timestamp":"2025-09-30T07:00:08.010Z"}
{"label":"marketing-service-job.js","level":"info","message":"Post duplicate removal 7 items to synk","timestamp":"2025-09-30T07:00:08.010Z"}
{"label":"log-sink.js","level":"info","message":"Wrote generated/files/new-pet-sms-new-ag_20250930070008011Z.csv","timestamp":"2025-09-30T07:00:08.012Z"}
{"label":"excel-sink.js","level":"info","message":"Excel file written to generated/files/new-pet-sms-new-ag_20250930070008012Z.xlsx","timestamp":"2025-09-30T07:00:08.032Z"}
{"label":"marketing-service-job.js","level":"info","message":"Got 24 items to synk","timestamp":"2025-09-30T07:00:08.183Z"}
{"label":"marketing-service-job.js","level":"info","message":"Marketing log written","timestamp":"2025-09-30T07:00:08.213Z"}
{"label":"marketing-service-job.js","level":"info","message":"Post duplicate removal 24 items to synk","timestamp":"2025-09-30T07:00:08.214Z"}
{"label":"log-sink.js","level":"info","message":"Wrote generated/files/new-cats-sms-new-ag_20250930070008214Z.csv","timestamp":"2025-09-30T07:00:08.216Z"}
{"label":"excel-sink.js","level":"info","message":"Excel file written to generated/files/new-cats-sms-new-ag_20250930070008217Z.xlsx","timestamp":"2025-09-30T07:00:08.226Z"}
{"label":"sftp-sink.js","level":"info","message":"File (new-pet-sms-new-ag_20250930070008012Z.xlsx) uploaded successfully to ftp.wiraya.com","timestamp":"2025-09-30T07:00:09.041Z"}
{"label":"sftp-sink.js","level":"info","message":"File (new-cats-sms-new-ag_20250930070008217Z.xlsx) uploaded successfully to ftp.wiraya.com","timestamp":"2025-09-30T07:00:09.225Z"}
{"label":"i2i-monitor-service.js","level":"info","message":"I2I Monitor UpdatePolicy: 18.6044","timestamp":"2025-09-30T07:00:19.854Z"}
{"label":"i2i-client.js","level":"info","message":"Fetching auth token STANDARD for api","timestamp":"2025-09-30T07:00:19.855Z"}
{"label":"i2i-client.js","level":"info","message":"Fetching auth token STANDARD for api","timestamp":"2025-09-30T07:00:19.936Z"}
{"label":"i2i-monitor-service.js","level":"info","message":"I2I Monitor UpdateParty: 0.1745","timestamp":"2025-09-30T07:00:20.029Z"}
{"label":"i2i-client.js","level":"info","message":"Fetching auth token STANDARD for api","timestamp":"2025-09-30T07:00:20.029Z"}
{"label":"i2i-monitor-service.js","level":"info","message":"I2I Monitor GetClaim: 0.1364","timestamp":"2025-09-30T07:00:20.166Z"}
{"label":"i2i-client.js","level":"info","message":"Fetching auth token STANDARD for api","timestamp":"2025-09-30T07:00:20.166Z"}
{"label":"i2i-client.js","level":"info","message":"Fetching auth token STANDARD for api","timestamp":"2025-09-30T07:00:20.312Z"}
{"label":"i2i-monitor-service.js","level":"info","message":"I2I Monitor UpdateClaim: 1.6879","timestamp":"2025-09-30T07:00:21.854Z"}
{"GetClaim":0.136421073,"GetParty":0.290082551,"GetPolicy":0.23937095,"UpdateClaim":1.68794316,"UpdateParty":0.174458752,"UpdatePolicy":18.60443123,"label":"i2i-monitor-service.js","level":"info","message":"I2I Monitor Results","timestamp":"2025-09-30T07:00:21.854Z"}
{"label":"i2i-client.js","level":"info","message":"Fetching auth token STANDARD for api","timestamp":"2025-09-30T07:05:00.087Z"}
{"label":"i2i-client.js","level":"info","message":"Fetching auth token STANDARD for api","timestamp":"2025-09-30T07:05:00.087Z"}
{"label":"i2i-monitor-service.js","level":"info","message":"I2I Monitor GetParty: 0.7589","timestamp":"2025-09-30T07:05:00.846Z"}
{"label":"i2i-client.js","level":"info","message":"Fetching auth token STANDARD for api","timestamp":"2025-09-30T07:05:00.846Z"}
{"label":"i2i-monitor-service.js","level":"info","message":"I2I Monitor GetPolicy: 0.1823","timestamp":"2025-09-30T07:05:01.029Z"}
{"label":"i2i-client.js","level":"info","message":"Fetching auth token STANDARD for api","timestamp":"2025-09-30T07:05:01.029Z"}
{"label":"i2i-client.js","level":"info","message":"Fetching auth token STANDARD for api","timestamp":"2025-09-30T07:05:01.157Z"}
{"label":"i2i-monitor-service.js","level":"info","message":"I2I Monitor UpdateParty: 0.2825","timestamp":"2025-09-30T07:05:01.311Z"}
{"label":"i2i-client.js","level":"info","message":"Fetching auth token STANDARD for api","timestamp":"2025-09-30T07:05:01.311Z"}
{"label":"i2i-monitor-service.js","level":"info","message":"I2I Monitor GetClaim: 0.3380","timestamp":"2025-09-30T07:05:01.649Z"}
{"label":"i2i-client.js","level":"info","message":"Fetching auth token STANDARD for api","timestamp":"2025-09-30T07:05:01.650Z"}
{"label":"i2i-client.js","level":"info","message":"Fetching auth token STANDARD for api","timestamp":"2025-09-30T07:05:01.824Z"}
{"label":"i2i-client.js","level":"info","message":"Fetching auth token STANDARD for api","timestamp":"2025-09-30T07:05:01.977Z"}
{"label":"i2i-monitor-service.js","level":"info","message":"I2I Monitor UpdatePolicy: 15.5339","timestamp":"2025-09-30T07:05:17.184Z"}
{"label":"i2i-client.js","level":"info","message":"Fetching auth token STANDARD for api","timestamp":"2025-09-30T07:05:17.184Z"}
{"label":"i2i-client.js","level":"info","message":"Fetching auth token STANDARD for api","timestamp":"2025-09-30T07:05:17.351Z"}
{"label":"i2i-monitor-service.js","level":"info","message":"I2I Monitor UpdateClaim: 2.0302","timestamp":"2025-09-30T07:05:19.214Z"}
{"GetClaim":0.337989482,"GetParty":0.758889912,"GetPolicy":0.182300338,"UpdateClaim":2.030230519,"UpdateParty":0.282450292,"UpdatePolicy":15.533856404,"label":"i2i-monitor-service.js","level":"info","message":"I2I Monitor Results","timestamp":"2025-09-30T07:05:19.214Z"}
{"label":"i2i-client.js","level":"info","message":"Fetching auth token STANDARD for api","timestamp":"2025-09-30T07:10:00.626Z"}
{"label":"i2i-client.js","level":"info","message":"Fetching auth token STANDARD for api","timestamp":"2025-09-30T07:10:00.627Z"}
{"label":"marketing-service.js","level":"info","message":"Start job sommarkampanj-2025-dogs:sommarkampanj-2025","timestamp":"2025-09-30T07:10:00.646Z"}
{"label":"marketing-service-job.js","level":"info","message":"Starting JOB sommarkampanj-2025-dogs:sommarkampanj-2025","timestamp":"2025-09-30T07:10:00.646Z"}
{"label":"marketing-service.js","level":"info","message":"Start job sommarkampanj-2025-dogs:sommarkampanj-2025","timestamp":"2025-09-30T07:10:00.647Z"}
{"label":"marketing-service-job.js","level":"info","message":"Starting JOB sommarkampanj-2025-dogs:sommarkampanj-2025","timestamp":"2025-09-30T07:10:00.647Z"}
{"label":"i2i-client.js","level":"info","message":"Fetching auth token STANDARD for api","timestamp":"2025-09-30T07:10:01.006Z"}
{"label":"marketing-service-job.js","level":"info","message":"Got 0 items to synk","timestamp":"2025-09-30T07:10:01.321Z"}
{"label":"marketing-service-job.js","level":"info","message":"Marketing log written","timestamp":"2025-09-30T07:10:01.321Z"}
{"label":"marketing-service-job.js","level":"info","message":"Post duplicate removal 0 items to synk","timestamp":"2025-09-30T07:10:01.322Z"}
{"label":"marketing-service-job.js","level":"info","message":"No data to sync","timestamp":"2025-09-30T07:10:01.322Z"}
{"label":"marketing-service-job.js","level":"info","message":"Got 0 items to synk","timestamp":"2025-09-30T07:10:02.023Z"}
{"label":"marketing-service-job.js","level":"info","message":"Marketing log written","timestamp":"2025-09-30T07:10:02.023Z"}
{"label":"marketing-service-job.js","level":"info","message":"Post duplicate removal 0 items to synk","timestamp":"2025-09-30T07:10:02.024Z"}
{"label":"marketing-service-job.js","level":"info","message":"No data to sync","timestamp":"2025-09-30T07:10:02.024Z"}
{"label":"i2i-monitor-service.js","level":"info","message":"I2I Monitor UpdateClaim: 3.8588","timestamp":"2025-09-30T07:10:04.486Z"}
{"label":"i2i-client.js","level":"info","message":"Fetching auth token STANDARD for api","timestamp":"2025-09-30T07:10:04.486Z"}
{"label":"i2i-monitor-service.js","level":"info","message":"I2I Monitor GetParty: 0.0954","timestamp":"2025-09-30T07:10:04.581Z"}
{"label":"i2i-client.js","level":"info","message":"Fetching auth token STANDARD for api","timestamp":"2025-09-30T07:10:04.581Z"}
{"label":"i2i-client.js","level":"info","message":"Fetching auth token STANDARD for api","timestamp":"2025-09-30T07:10:04.679Z"}
{"label":"i2i-client.js","level":"info","message":"Fetching auth token STANDARD for api","timestamp":"2025-09-30T07:10:04.770Z"}
{"label":"i2i-monitor-service.js","level":"info","message":"I2I Monitor UpdatePolicy: 18.5748","timestamp":"2025-09-30T07:10:23.156Z"}
{"label":"i2i-client.js","level":"info","message":"Fetching auth token STANDARD for api","timestamp":"2025-09-30T07:10:23.156Z"}
{"label":"i2i-monitor-service.js","level":"info","message":"I2I Monitor GetPolicy: 0.2392","timestamp":"2025-09-30T07:10:23.396Z"}
{"label":"i2i-client.js","level":"info","message":"Fetching auth token STANDARD for api","timestamp":"2025-09-30T07:10:23.396Z"}
{"label":"i2i-client.js","level":"info","message":"Fetching auth token STANDARD for api","timestamp":"2025-09-30T07:10:23.777Z"}
{"label":"i2i-monitor-service.js","level":"info","message":"I2I Monitor UpdateParty: 0.5135","timestamp":"2025-09-30T07:10:23.909Z"}
{"label":"i2i-client.js","level":"info","message":"Fetching auth token STANDARD for api","timestamp":"2025-09-30T07:10:23.910Z"}
{"label":"i2i-monitor-service.js","level":"info","message":"I2I Monitor GetClaim: 0.1937","timestamp":"2025-09-30T07:10:24.103Z"}
{"GetClaim":0.193674344,"GetParty":0.095425363,"GetPolicy":0.23917939000000002,"UpdateClaim":3.858841253,"UpdateParty":0.5135479289999999,"UpdatePolicy":18.574806743,"label":"i2i-monitor-service.js","level":"info","message":"I2I Monitor Results","timestamp":"2025-09-30T07:10:24.103Z"}
{"label":"i2i-client.js","level":"info","message":"Fetching auth token STANDARD for api","timestamp":"2025-09-30T07:15:00.989Z"}
{"label":"i2i-client.js","level":"info","message":"Fetching auth token STANDARD for api","timestamp":"2025-09-30T07:15:00.989Z"}
{"label":"i2i-monitor-service.js","level":"info","message":"I2I Monitor GetClaim: 0.1430","timestamp":"2025-09-30T07:15:01.132Z"}
{"label":"i2i-client.js","level":"info","message":"Fetching auth token STANDARD for api","timestamp":"2025-09-30T07:15:01.133Z"}
{"label":"i2i-monitor-service.js","level":"info","message":"I2I Monitor GetPolicy: 0.0942","timestamp":"2025-09-30T07:15:01.227Z"}
{"label":"i2i-client.js","level":"info","message":"Fetching auth token STANDARD for api","timestamp":"2025-09-30T07:15:01.229Z"}
{"label":"i2i-client.js","level":"info","message":"Fetching auth token STANDARD for api","timestamp":"2025-09-30T07:15:01.319Z"}
{"label":"i2i-client.js","level":"info","message":"Fetching auth token STANDARD for api","timestamp":"2025-09-30T07:15:01.413Z"}
{"label":"i2i-monitor-service.js","level":"info","message":"I2I Monitor UpdatePolicy: 21.5102","timestamp":"2025-09-30T07:15:22.737Z"}
{"label":"i2i-client.js","level":"info","message":"Fetching auth token STANDARD for api","timestamp":"2025-09-30T07:15:22.738Z"}
{"label":"i2i-monitor-service.js","level":"info","message":"I2I Monitor GetParty: 0.0866","timestamp":"2025-09-30T07:15:22.824Z"}
{"label":"i2i-client.js","level":"info","message":"Fetching auth token STANDARD for api","timestamp":"2025-09-30T07:15:22.824Z"}
{"label":"i2i-client.js","level":"info","message":"Fetching auth token STANDARD for api","timestamp":"2025-09-30T07:15:22.909Z"}
{"label":"i2i-monitor-service.js","level":"info","message":"I2I Monitor UpdateParty: 0.1845","timestamp":"2025-09-30T07:15:23.009Z"}
{"label":"i2i-client.js","level":"info","message":"Fetching auth token STANDARD for api","timestamp":"2025-09-30T07:15:23.009Z"}
{"label":"i2i-client.js","level":"info","message":"Fetching auth token STANDARD for api","timestamp":"2025-09-30T07:15:23.222Z"}
{"label":"i2i-monitor-service.js","level":"info","message":"I2I Monitor UpdateClaim: 2.5405","timestamp":"2025-09-30T07:15:25.550Z"}
{"GetClaim":0.142951045,"GetParty":0.086621966,"GetPolicy":0.09415064599999999,"UpdateClaim":2.540492779,"UpdateParty":0.18453365500000002,"UpdatePolicy":21.510245519,"label":"i2i-monitor-service.js","level":"info","message":"I2I Monitor Results","timestamp":"2025-09-30T07:15:25.550Z"}
{"label":"i2i-client.js","level":"info","message":"Fetching auth token STANDARD for api","timestamp":"2025-09-30T07:20:00.532Z"}
{"label":"i2i-client.js","level":"info","message":"Fetching auth token STANDARD for api","timestamp":"2025-09-30T07:20:00.532Z"}
{"label":"marketing-service.js","level":"info","message":"Start job sommarkampanj-2025-dogs:sommarkampanj-2025","timestamp":"2025-09-30T07:20:00.545Z"}
{"label":"marketing-service-job.js","level":"info","message":"Starting JOB sommarkampanj-2025-dogs:sommarkampanj-2025","timestamp":"2025-09-30T07:20:00.547Z"}
{"label":"marketing-service.js","level":"info","message":"Start job sommarkampanj-2025-dogs:sommarkampanj-2025","timestamp":"2025-09-30T07:20:00.550Z"}
{"label":"marketing-service-job.js","level":"info","message":"Starting JOB sommarkampanj-2025-dogs:sommarkampanj-2025","timestamp":"2025-09-30T07:20:00.550Z"}
{"label":"i2i-monitor-service.js","level":"info","message":"I2I Monitor GetPolicy: 0.1131","timestamp":"2025-09-30T07:20:00.645Z"}
{"label":"i2i-client.js","level":"info","message":"Fetching auth token STANDARD for api","timestamp":"2025-09-30T07:20:00.645Z"}
{"label":"marketing-service-job.js","level":"info","message":"Got 0 items to synk","timestamp":"2025-09-30T07:20:00.832Z"}
{"label":"marketing-service-job.js","level":"info","message":"Marketing log written","timestamp":"2025-09-30T07:20:00.832Z"}
{"label":"marketing-service-job.js","level":"info","message":"Post duplicate removal 0 items to synk","timestamp":"2025-09-30T07:20:00.832Z"}
{"label":"marketing-service-job.js","level":"info","message":"No data to sync","timestamp":"2025-09-30T07:20:00.833Z"}
{"label":"marketing-service-job.js","level":"info","message":"Got 0 items to synk","timestamp":"2025-09-30T07:20:00.872Z"}
{"label":"marketing-service-job.js","level":"info","message":"Marketing log written","timestamp":"2025-09-30T07:20:00.872Z"}
{"label":"marketing-service-job.js","level":"info","message":"Post duplicate removal 0 items to synk","timestamp":"2025-09-30T07:20:00.872Z"}
{"label":"marketing-service-job.js","level":"info","message":"No data to sync","timestamp":"2025-09-30T07:20:00.872Z"}
{"label":"i2i-monitor-service.js","level":"info","message":"I2I Monitor GetClaim: 0.2329","timestamp":"2025-09-30T07:20:00.878Z"}
{"label":"i2i-client.js","level":"info","message":"Fetching auth token STANDARD for api","timestamp":"2025-09-30T07:20:00.879Z"}
{"label":"i2i-client.js","level":"info","message":"Fetching auth token STANDARD for api","timestamp":"2025-09-30T07:20:01.005Z"}
{"label":"i2i-monitor-service.js","level":"info","message":"I2I Monitor UpdateClaim: 1.5838","timestamp":"2025-09-30T07:20:02.462Z"}
{"label":"i2i-client.js","level":"info","message":"Fetching auth token STANDARD for api","timestamp":"2025-09-30T07:20:02.463Z"}
{"label":"i2i-monitor-service.js","level":"info","message":"I2I Monitor GetParty: 0.0856","timestamp":"2025-09-30T07:20:02.548Z"}
{"label":"i2i-client.js","level":"info","message":"Fetching auth token STANDARD for api","timestamp":"2025-09-30T07:20:02.548Z"}
{"label":"i2i-client.js","level":"info","message":"Fetching auth token STANDARD for api","timestamp":"2025-09-30T07:20:02.639Z"}
{"label":"i2i-client.js","level":"info","message":"Fetching auth token STANDARD for api","timestamp":"2025-09-30T07:20:02.728Z"}
{"label":"i2i-monitor-service.js","level":"info","message":"I2I Monitor UpdatePolicy: 10.9923","timestamp":"2025-09-30T07:20:13.541Z"}
{"label":"i2i-client.js","level":"info","message":"Fetching auth token STANDARD for api","timestamp":"2025-09-30T07:20:13.541Z"}
{"label":"i2i-client.js","level":"info","message":"Fetching auth token STANDARD for api","timestamp":"2025-09-30T07:20:13.621Z"}
{"label":"i2i-monitor-service.js","level":"info","message":"I2I Monitor UpdateParty: 0.1666","timestamp":"2025-09-30T07:20:13.707Z"}
{"GetClaim":0.232933063,"GetParty":0.085617703,"GetPolicy":0.113118059,"UpdateClaim":1.583789763,"UpdateParty":0.166600903,"UpdatePolicy":10.992327257000001,"label":"i2i-monitor-service.js","level":"info","message":"I2I Monitor Results","timestamp":"2025-09-30T07:20:13.708Z"}
{"label":"i2i-client.js","level":"info","message":"Fetching auth token STANDARD for api","timestamp":"2025-09-30T07:25:00.914Z"}
{"label":"i2i-client.js","level":"info","message":"Fetching auth token STANDARD for api","timestamp":"2025-09-30T07:25:00.914Z"}
{"label":"i2i-monitor-service.js","level":"info","message":"I2I Monitor GetPolicy: 0.1119","timestamp":"2025-09-30T07:25:01.026Z"}
{"label":"i2i-client.js","level":"info","message":"Fetching auth token STANDARD for api","timestamp":"2025-09-30T07:25:01.026Z"}
{"label":"i2i-client.js","level":"info","message":"Fetching auth token STANDARD for api","timestamp":"2025-09-30T07:25:01.119Z"}
{"label":"i2i-client.js","level":"info","message":"Fetching auth token STANDARD for api","timestamp":"2025-09-30T07:25:01.223Z"}
{"label":"i2i-monitor-service.js","level":"info","message":"I2I Monitor UpdatePolicy: 23.5298","timestamp":"2025-09-30T07:25:24.556Z"}
{"label":"i2i-client.js","level":"info","message":"Fetching auth token STANDARD for api","timestamp":"2025-09-30T07:25:24.556Z"}
{"label":"i2i-monitor-service.js","level":"info","message":"I2I Monitor GetParty: 0.0895","timestamp":"2025-09-30T07:25:24.646Z"}
{"label":"i2i-client.js","level":"info","message":"Fetching auth token STANDARD for api","timestamp":"2025-09-30T07:25:24.646Z"}
{"label":"i2i-client.js","level":"info","message":"Fetching auth token STANDARD for api","timestamp":"2025-09-30T07:25:24.776Z"}
{"label":"i2i-monitor-service.js","level":"info","message":"I2I Monitor UpdateParty: 0.2729","timestamp":"2025-09-30T07:25:24.919Z"}
{"label":"i2i-client.js","level":"info","message":"Fetching auth token STANDARD for api","timestamp":"2025-09-30T07:25:24.919Z"}
{"label":"i2i-client.js","level":"info","message":"Fetching auth token STANDARD for api","timestamp":"2025-09-30T07:25:25.146Z"}
{"label":"i2i-monitor-service.js","level":"info","message":"I2I Monitor UpdateClaim: 2.6721","timestamp":"2025-09-30T07:25:27.591Z"}
{"label":"i2i-client.js","level":"info","message":"Fetching auth token STANDARD for api","timestamp":"2025-09-30T07:25:27.592Z"}
{"label":"i2i-monitor-service.js","level":"info","message":"I2I Monitor GetClaim: 0.1906","timestamp":"2025-09-30T07:25:27.782Z"}
{"GetClaim":0.190605951,"GetParty":0.089484111,"GetPolicy":0.111872795,"UpdateClaim":2.6721163310000002,"UpdateParty":0.27286330400000003,"UpdatePolicy":23.529780785,"label":"i2i-monitor-service.js","level":"info","message":"I2I Monitor Results","timestamp":"2025-09-30T07:25:27.782Z"}
{"label":"i2i-client.js","level":"info","message":"Fetching auth token STANDARD for api","timestamp":"2025-09-30T07:30:00.297Z"}
{"label":"file-import-sync-service.js","level":"info","message":"Start cron sync","timestamp":"2025-09-30T07:30:00.301Z"}
{"label":"i2i-client.js","level":"info","message":"Fetching auth token STANDARD for api","timestamp":"2025-09-30T07:30:00.297Z"}
{"label":"file-import-sync-service.js","level":"info","message":"Starting sensor","timestamp":"2025-09-30T07:30:00.301Z"}
{"label":"file-import-service.js","level":"info","message":"Start process output_20250930T050024142.xlsx","timestamp":"2025-09-30T07:30:00.302Z"}
{"label":"marketing-service.js","level":"info","message":"Start job sommarkampanj-2025-dogs:sommarkampanj-2025","timestamp":"2025-09-30T07:30:00.318Z"}
{"label":"marketing-service-job.js","level":"info","message":"Starting JOB sommarkampanj-2025-dogs:sommarkampanj-2025","timestamp":"2025-09-30T07:30:00.318Z"}
{"label":"marketing-service.js","level":"info","message":"Start job sommarkampanj-2025-dogs:sommarkampanj-2025","timestamp":"2025-09-30T07:30:00.322Z"}
{"label":"marketing-service-job.js","level":"info","message":"Starting JOB sommarkampanj-2025-dogs:sommarkampanj-2025","timestamp":"2025-09-30T07:30:00.322Z"}
{"label":"i2i-db-monitor-service.js","level":"info","message":"I2I DB Monitor ProfilerLastHour@Execution: 0.0464","timestamp":"2025-09-30T07:30:00.347Z"}
{"label":"i2i-db-monitor-service.js","level":"info","message":"I2I DB Monitor ProfilerLastHour@TotalCount: 5.0000","timestamp":"2025-09-30T07:30:00.347Z"}
{"label":"i2i-db-monitor-service.js","level":"info","message":"I2I DB Monitor ProfilerLastHour@Count: 5.0000","timestamp":"2025-09-30T07:30:00.348Z"}
{"label":"i2i-db-monitor-service.js","level":"info","message":"I2I DB Monitor ProfilerLastHour@ErrorCount: 0.0000","timestamp":"2025-09-30T07:30:00.348Z"}
{"label":"i2i-db-monitor-service.js","level":"info","message":"I2I DB Monitor ProfilerLastHour@CountTimeout: 0.0000","timestamp":"2025-09-30T07:30:00.348Z"}
{"label":"i2i-db-monitor-service.js","level":"info","message":"I2I DB Monitor ProfilerLastHour@AvgDuration: 7537396.0000","timestamp":"2025-09-30T07:30:00.348Z"}
{"label":"i2i-db-monitor-service.js","level":"info","message":"I2I DB Monitor ProfilerLastHour@TotalDuration: 37686980.0000","timestamp":"2025-09-30T07:30:00.348Z"}
{"label":"i2i-db-monitor-service.js","level":"info","message":"I2I DB Monitor ProfilerLastHour@AvgDurationTimeout: 0.0000","timestamp":"2025-09-30T07:30:00.348Z"}
{"label":"i2i-db-monitor-service.js","level":"info","message":"I2I DB Monitor ProfilerLastHour@TotalDurationTiemout: 0.0000","timestamp":"2025-09-30T07:30:00.348Z"}
{"label":"i2i-db-monitor-service.js","level":"info","message":"I2I DB Monitor ProfilerPrevHour@Execution: 0.2165","timestamp":"2025-09-30T07:30:00.564Z"}
{"label":"i2i-db-monitor-service.js","level":"info","message":"I2I DB Monitor ProfilerPrevHour@TotalCount: 8.0000","timestamp":"2025-09-30T07:30:00.565Z"}
{"label":"i2i-db-monitor-service.js","level":"info","message":"I2I DB Monitor ProfilerPrevHour@Count: 4.0000","timestamp":"2025-09-30T07:30:00.565Z"}
{"label":"i2i-db-monitor-service.js","level":"info","message":"I2I DB Monitor ProfilerPrevHour@ErrorCount: 0.0000","timestamp":"2025-09-30T07:30:00.565Z"}
{"label":"i2i-db-monitor-service.js","level":"info","message":"I2I DB Monitor ProfilerPrevHour@CountTimeout: 4.0000","timestamp":"2025-09-30T07:30:00.565Z"}
{"label":"i2i-db-monitor-service.js","level":"info","message":"I2I DB Monitor ProfilerPrevHour@AvgDuration: 9410424.0000","timestamp":"2025-09-30T07:30:00.565Z"}
{"label":"i2i-db-monitor-service.js","level":"info","message":"I2I DB Monitor ProfilerPrevHour@TotalDuration: 37641696.0000","timestamp":"2025-09-30T07:30:00.565Z"}
{"label":"i2i-db-monitor-service.js","level":"info","message":"I2I DB Monitor ProfilerPrevHour@AvgDurationTimeout: 30001216.5000","timestamp":"2025-09-30T07:30:00.565Z"}
{"label":"i2i-db-monitor-service.js","level":"info","message":"I2I DB Monitor ProfilerPrevHour@TotalDurationTiemout: 120004866.0000","timestamp":"2025-09-30T07:30:00.565Z"}
{"ProfilerLastHour_AvgDuration":7537396,"ProfilerLastHour_AvgDurationTimeout":0,"ProfilerLastHour_Count":5,"ProfilerLastHour_CountTimeout":0,"ProfilerLastHour_ErrorCount":0,"ProfilerLastHour_TotalCount":5,"ProfilerLastHour_TotalDuration":37686980,"ProfilerLastHour_TotalDurationTiemout":0,"ProfilerPrevHour_AvgDuration":9410424,"ProfilerPrevHour_AvgDurationTimeout":30001216.5,"ProfilerPrevHour_Count":4,"ProfilerPrevHour_CountTimeout":4,"ProfilerPrevHour_ErrorCount":0,"ProfilerPrevHour_TotalCount":8,"ProfilerPrevHour_TotalDuration":37641696,"ProfilerPrevHour_TotalDurationTiemout":120004866,"label":"i2i-db-monitor-service.js","level":"info","message":"I2I DB Monitor Results","timestamp":"2025-09-30T07:30:00.565Z"}
{"label":"i2i-client.js","level":"info","message":"Fetching auth token STANDARD for api","timestamp":"2025-09-30T07:30:00.579Z"}
{"label":"db-client-impl.js","level":"info","message":"Inserting 20 sensor rows","timestamp":"2025-09-30T07:30:00.896Z"}
{"label":"marketing-service-job.js","level":"info","message":"Got 0 items to synk","timestamp":"2025-09-30T07:30:00.984Z"}
{"label":"marketing-service-job.js","level":"info","message":"Marketing log written","timestamp":"2025-09-30T07:30:00.984Z"}
{"label":"marketing-service-job.js","level":"info","message":"Post duplicate removal 0 items to synk","timestamp":"2025-09-30T07:30:00.984Z"}
{"label":"marketing-service-job.js","level":"info","message":"No data to sync","timestamp":"2025-09-30T07:30:00.984Z"}
{"label":"db-client-impl.js","level":"info","message":"Inserting 20 sensor rows","timestamp":"2025-09-30T07:30:01.024Z"}
{"label":"db-client-impl.js","level":"info","message":"Inserting 20 sensor rows","timestamp":"2025-09-30T07:30:01.118Z"}
{"label":"marketing-service-job.js","level":"info","message":"Got 0 items to synk","timestamp":"2025-09-30T07:30:01.183Z"}
{"label":"marketing-service-job.js","level":"info","message":"Marketing log written","timestamp":"2025-09-30T07:30:01.183Z"}
{"label":"marketing-service-job.js","level":"info","message":"Post duplicate removal 0 items to synk","timestamp":"2025-09-30T07:30:01.183Z"}
{"label":"marketing-service-job.js","level":"info","message":"No data to sync","timestamp":"2025-09-30T07:30:01.183Z"}
{"label":"db-client-impl.js","level":"info","message":"Inserting 20 sensor rows","timestamp":"2025-09-30T07:30:01.223Z"}
{"label":"db-client-impl.js","level":"info","message":"Inserting 20 sensor rows","timestamp":"2025-09-30T07:30:01.312Z"}
{"label":"db-client-impl.js","level":"info","message":"Inserting 20 sensor rows","timestamp":"2025-09-30T07:30:01.398Z"}
{"label":"db-client-impl.js","level":"info","message":"Inserting 20 sensor rows","timestamp":"2025-09-30T07:30:01.482Z"}
{"label":"db-client-impl.js","level":"info","message":"Inserting 20 sensor rows","timestamp":"2025-09-30T07:30:01.609Z"}
{"label":"db-client-impl.js","level":"info","message":"Inserting 20 sensor rows","timestamp":"2025-09-30T07:30:01.669Z"}
{"label":"db-client-impl.js","level":"info","message":"Inserting 20 sensor rows","timestamp":"2025-09-30T07:30:01.735Z"}
{"label":"db-client-impl.js","level":"info","message":"Inserting 20 sensor rows","timestamp":"2025-09-30T07:30:01.796Z"}
{"label":"db-client-impl.js","level":"info","message":"Inserting 20 sensor rows","timestamp":"2025-09-30T07:30:01.880Z"}
{"label":"db-client-impl.js","level":"info","message":"Inserting 20 sensor rows","timestamp":"2025-09-30T07:30:01.957Z"}
{"label":"db-client-impl.js","level":"info","message":"Inserting 20 sensor rows","timestamp":"2025-09-30T07:30:02.036Z"}
{"label":"db-client-impl.js","level":"info","message":"Inserting 20 sensor rows","timestamp":"2025-09-30T07:30:02.093Z"}
{"label":"db-client-impl.js","level":"info","message":"Inserting 20 sensor rows","timestamp":"2025-09-30T07:30:02.184Z"}
{"label":"db-client-impl.js","level":"info","message":"Inserting 20 sensor rows","timestamp":"2025-09-30T07:30:02.264Z"}
{"label":"db-client-impl.js","level":"info","message":"Inserting 20 sensor rows","timestamp":"2025-09-30T07:30:02.339Z"}
{"label":"db-client-impl.js","level":"info","message":"Inserting 20 sensor rows","timestamp":"2025-09-30T07:30:02.421Z"}
{"label":"db-client-impl.js","level":"info","message":"Inserting 7 sensor rows","timestamp":"2025-09-30T07:30:02.488Z"}
{"label":"db-client-impl.js","level":"info","message":"Inserting 20 sensor object rows","timestamp":"2025-09-30T07:30:02.815Z"}
{"label":"db-client-impl.js","level":"info","message":"Inserting 20 sensor object rows","timestamp":"2025-09-30T07:30:02.918Z"}
{"label":"db-client-impl.js","level":"info","message":"Inserting 20 sensor object rows","timestamp":"2025-09-30T07:30:03.038Z"}
{"label":"db-client-impl.js","level":"info","message":"Inserting 20 sensor object rows","timestamp":"2025-09-30T07:30:03.082Z"}
{"label":"db-client-impl.js","level":"info","message":"Inserting 20 sensor object rows","timestamp":"2025-09-30T07:30:03.137Z"}
{"label":"db-client-impl.js","level":"info","message":"Inserting 20 sensor object rows","timestamp":"2025-09-30T07:30:03.201Z"}
{"label":"db-client-impl.js","level":"info","message":"Inserting 20 sensor object rows","timestamp":"2025-09-30T07:30:03.275Z"}
{"label":"db-client-impl.js","level":"info","message":"Inserting 20 sensor object rows","timestamp":"2025-09-30T07:30:03.356Z"}
{"label":"db-client-impl.js","level":"info","message":"Inserting 20 sensor object rows","timestamp":"2025-09-30T07:30:03.417Z"}
{"label":"db-client-impl.js","level":"info","message":"Inserting 20 sensor object rows","timestamp":"2025-09-30T07:30:03.460Z"}
{"label":"db-client-impl.js","level":"info","message":"Inserting 20 sensor object rows","timestamp":"2025-09-30T07:30:03.504Z"}
{"label":"i2i-monitor-service.js","level":"info","message":"I2I Monitor UpdateClaim: 3.2547","timestamp":"2025-09-30T07:30:03.552Z"}
{"label":"i2i-client.js","level":"info","message":"Fetching auth token STANDARD for api","timestamp":"2025-09-30T07:30:03.552Z"}
{"label":"db-client-impl.js","level":"info","message":"Inserting 20 sensor object rows","timestamp":"2025-09-30T07:30:03.568Z"}
{"label":"db-client-impl.js","level":"info","message":"Inserting 20 sensor object rows","timestamp":"2025-09-30T07:30:03.634Z"}
{"label":"i2i-client.js","level":"info","message":"Fetching auth token STANDARD for api","timestamp":"2025-09-30T07:30:03.650Z"}
{"label":"db-client-impl.js","level":"info","message":"Inserting 20 sensor object rows","timestamp":"2025-09-30T07:30:03.698Z"}
{"label":"i2i-client.js","level":"info","message":"Fetching auth token STANDARD for api","timestamp":"2025-09-30T07:30:03.742Z"}
{"label":"db-client-impl.js","level":"info","message":"Inserting 20 sensor object rows","timestamp":"2025-09-30T07:30:03.768Z"}
{"label":"db-client-impl.js","level":"info","message":"Inserting 20 sensor object rows","timestamp":"2025-09-30T07:30:03.825Z"}
{"label":"db-client-impl.js","level":"info","message":"Inserting 20 sensor object rows","timestamp":"2025-09-30T07:30:03.890Z"}
{"label":"db-client-impl.js","level":"info","message":"Inserting 20 sensor object rows","timestamp":"2025-09-30T07:30:03.958Z"}
{"label":"db-client-impl.js","level":"info","message":"Inserting 20 sensor object rows","timestamp":"2025-09-30T07:30:04.025Z"}
{"label":"db-client-impl.js","level":"info","message":"Inserting 6 sensor object rows","timestamp":"2025-09-30T07:30:04.088Z"}
{"label":"db-client-impl.js","level":"info","message":"Inserting 20 sensor health rows","timestamp":"2025-09-30T07:30:04.323Z"}
{"label":"db-client-impl.js","level":"info","message":"Inserting 20 sensor health rows","timestamp":"2025-09-30T07:30:04.341Z"}
{"label":"db-client-impl.js","level":"info","message":"Inserting 20 sensor health rows","timestamp":"2025-09-30T07:30:04.359Z"}
{"label":"db-client-impl.js","level":"info","message":"Inserting 20 sensor health rows","timestamp":"2025-09-30T07:30:04.378Z"}
{"label":"db-client-impl.js","level":"info","message":"Inserting 20 sensor health rows","timestamp":"2025-09-30T07:30:04.395Z"}
{"label":"db-client-impl.js","level":"info","message":"Inserting 20 sensor health rows","timestamp":"2025-09-30T07:30:04.416Z"}
{"label":"db-client-impl.js","level":"info","message":"Inserting 20 sensor health rows","timestamp":"2025-09-30T07:30:04.433Z"}
{"label":"db-client-impl.js","level":"info","message":"Inserting 20 sensor health rows","timestamp":"2025-09-30T07:30:04.448Z"}
{"label":"db-client-impl.js","level":"info","message":"Inserting 20 sensor health rows","timestamp":"2025-09-30T07:30:04.464Z"}
{"label":"db-client-impl.js","level":"info","message":"Inserting 20 sensor health rows","timestamp":"2025-09-30T07:30:04.483Z"}
{"label":"db-client-impl.js","level":"info","message":"Inserting 20 sensor health rows","timestamp":"2025-09-30T07:30:04.499Z"}
{"label":"db-client-impl.js","level":"info","message":"Inserting 20 sensor health rows","timestamp":"2025-09-30T07:30:04.516Z"}
{"label":"db-client-impl.js","level":"info","message":"Inserting 20 sensor health rows","timestamp":"2025-09-30T07:30:04.535Z"}
{"label":"db-client-impl.js","level":"info","message":"Inserting 20 sensor health rows","timestamp":"2025-09-30T07:30:04.560Z"}
{"label":"db-client-impl.js","level":"info","message":"Inserting 2 sensor health rows","timestamp":"2025-09-30T07:30:04.577Z"}
{"label":"file-import-service.js","level":"info","message":"File moved successfully!","timestamp":"2025-09-30T07:30:04.585Z"}
{"label":"file-import-service.js","level":"info","message":"Done processing output_20250930T050024142.xlsx","timestamp":"2025-09-30T07:30:04.585Z"}
{"label":"sensor-file-import-service.js","level":"info","message":"Got 42 policies to update","timestamp":"2025-09-30T07:30:04.913Z"}
{"label":"i2i-client.js","level":"info","message":"Fetching auth token STANDARD for api","timestamp":"2025-09-30T07:30:04.913Z"}
{"label":"sensor-file-import-service.js","level":"info","message":"Handle changes for 1507336301/15073363","timestamp":"2025-09-30T07:30:04.913Z"}
{"label":"i2i-client.js","level":"info","message":"Fetching auth token STANDARD for api","timestamp":"2025-09-30T07:30:05.018Z"}
{"label":"sensor-file-import-service.js","level":"info","message":"No changes detected for 293066","timestamp":"2025-09-30T07:30:05.110Z"}
{"label":"i2i-client.js","level":"info","message":"Fetching auth token STANDARD for api","timestamp":"2025-09-30T07:30:05.111Z"}
{"label":"sensor-file-import-service.js","level":"info","message":"Handle changes for 1655163201/16551632","timestamp":"2025-09-30T07:30:05.111Z"}
{"label":"i2i-client.js","level":"info","message":"Fetching auth token STANDARD for api","timestamp":"2025-09-30T07:30:05.317Z"}
{"label":"sensor-file-import-service.js","level":"info","message":"No changes detected for 301726","timestamp":"2025-09-30T07:30:05.576Z"}
{"label":"i2i-client.js","level":"info","message":"Fetching auth token STANDARD for api","timestamp":"2025-09-30T07:30:05.576Z"}
{"label":"sensor-file-import-service.js","level":"info","message":"Handle changes for 1724765601/17247656","timestamp":"2025-09-30T07:30:05.576Z"}
{"label":"i2i-client.js","level":"info","message":"Fetching auth token STANDARD for api","timestamp":"2025-09-30T07:30:05.759Z"}
{"label":"sensor-file-import-service.js","level":"info","message":"No changes detected for 301737","timestamp":"2025-09-30T07:30:05.840Z"}
{"label":"i2i-client.js","level":"info","message":"Fetching auth token STANDARD for api","timestamp":"2025-09-30T07:30:05.840Z"}
{"label":"sensor-file-import-service.js","level":"info","message":"Handle changes for 1752329101/17523291","timestamp":"2025-09-30T07:30:05.840Z"}
{"label":"i2i-client.js","level":"info","message":"Fetching auth token STANDARD for api","timestamp":"2025-09-30T07:30:05.932Z"}
{"label":"i2i-client.js","level":"info","message":"Fetching auth token STANDARD for api","timestamp":"2025-09-30T07:30:06.026Z"}
{"label":"sensor-file-import-service.js","level":"info","message":"No changes detected for 301745","timestamp":"2025-09-30T07:30:07.268Z"}
{"label":"i2i-client.js","level":"info","message":"Fetching auth token STANDARD for api","timestamp":"2025-09-30T07:30:07.268Z"}
{"label":"sensor-file-import-service.js","level":"info","message":"Handle changes for 2084303901/20843039","timestamp":"2025-09-30T07:30:07.268Z"}
{"label":"i2i-client.js","level":"info","message":"Fetching auth token STANDARD for api","timestamp":"2025-09-30T07:30:07.513Z"}
{"label":"sensor-file-import-service.js","level":"info","message":"No changes detected for 316149","timestamp":"2025-09-30T07:30:07.681Z"}
{"label":"i2i-client.js","level":"info","message":"Fetching auth token STANDARD for api","timestamp":"2025-09-30T07:30:07.681Z"}
{"label":"sensor-file-import-service.js","level":"info","message":"Handle changes for 2087572901/20875729","timestamp":"2025-09-30T07:30:07.681Z"}
{"label":"i2i-client.js","level":"info","message":"Fetching auth token STANDARD for api","timestamp":"2025-09-30T07:30:07.830Z"}
{"label":"sensor-file-import-service.js","level":"info","message":"Update registration number to nan","timestamp":"2025-09-30T07:30:07.945Z"}
{"label":"i2i-client.js","level":"info","message":"Fetching auth token STANDARD for api","timestamp":"2025-09-30T07:30:07.945Z"}
{"label":"sensor-file-import-service.js","level":"error","name":"I2IException","timestamp":"2025-09-30T07:30:09.237Z","type":"I2IException","validationItems":[{"Code":70002,"IsConfirmableRetryIgnoreClose":false,"IsConfirmableYesNo":false,"Message":"Kan inte ändra en försäkring 316164-1 utanför försäkringsperioden"}]}
{"label":"i2i-client.js","level":"info","message":"Fetching auth token STANDARD for api","timestamp":"2025-09-30T07:30:09.247Z"}
{"label":"sensor-file-import-service.js","level":"error","message":"2087572901: Kan inte ändra en försäkring 316164-1 utanför försäkringsperioden\r\n","timestamp":"2025-09-30T07:30:09.237Z"}
{"label":"sensor-file-import-service.js","level":"info","message":"Handle changes for 2094490801/12330916","timestamp":"2025-09-30T07:30:09.247Z"}
{"label":"i2i-client.js","level":"info","message":"Fetching auth token STANDARD for api","timestamp":"2025-09-30T07:30:09.573Z"}
{"label":"sensor-file-import-service.js","level":"info","message":"Update chip number to nan","timestamp":"2025-09-30T07:30:09.678Z"}
{"label":"i2i-client.js","level":"info","message":"Fetching auth token STANDARD for api","timestamp":"2025-09-30T07:30:09.678Z"}
{"label":"sensor-file-import-service.js","level":"info","message":"Update registration number to nan","timestamp":"2025-09-30T07:30:09.678Z"}
{"label":"sensor-file-import-service.js","level":"error","name":"I2IException","timestamp":"2025-09-30T07:30:09.840Z","type":"I2IException","validationItems":[{"Code":70002,"IsConfirmableRetryIgnoreClose":false,"IsConfirmableYesNo":false,"Message":"Kan inte ändra en försäkring 286254-2 utanför försäkringsperioden"}]}
{"label":"i2i-client.js","level":"info","message":"Fetching auth token STANDARD for api","timestamp":"2025-09-30T07:30:09.842Z"}
{"label":"sensor-file-import-service.js","level":"error","message":"2094490801: Kan inte ändra en försäkring 286254-2 utanför försäkringsperioden\r\n","timestamp":"2025-09-30T07:30:09.840Z"}
{"label":"sensor-file-import-service.js","level":"info","message":"Handle changes for 2113512901/10171563","timestamp":"2025-09-30T07:30:09.842Z"}
{"label":"i2i-client.js","level":"info","message":"Fetching auth token STANDARD for api","timestamp":"2025-09-30T07:30:09.963Z"}
{"label":"sensor-file-import-service.js","level":"info","message":"No changes detected for 278184","timestamp":"2025-09-30T07:30:10.054Z"}
{"label":"i2i-client.js","level":"info","message":"Fetching auth token STANDARD for api","timestamp":"2025-09-30T07:30:10.054Z"}
{"label":"sensor-file-import-service.js","level":"info","message":"Handle changes for 2113516601/10621906","timestamp":"2025-09-30T07:30:10.054Z"}
{"label":"i2i-client.js","level":"info","message":"Fetching auth token STANDARD for api","timestamp":"2025-09-30T07:30:10.155Z"}
{"label":"sensor-file-import-service.js","level":"info","message":"No changes detected for 284090","timestamp":"2025-09-30T07:30:10.255Z"}
{"label":"i2i-client.js","level":"info","message":"Fetching auth token STANDARD for api","timestamp":"2025-09-30T07:30:10.255Z"}
{"label":"sensor-file-import-service.js","level":"info","message":"Handle changes for 2113518001/10156342","timestamp":"2025-09-30T07:30:10.255Z"}
{"label":"i2i-client.js","level":"info","message":"Fetching auth token STANDARD for api","timestamp":"2025-09-30T07:30:11.465Z"}
{"label":"sensor-file-import-service.js","level":"info","message":"Update chip number to nan","timestamp":"2025-09-30T07:30:11.729Z"}
{"label":"i2i-client.js","level":"info","message":"Fetching auth token STANDARD for api","timestamp":"2025-09-30T07:30:11.729Z"}
{"label":"sensor-file-import-service.js","level":"info","message":"Update registration number to nan","timestamp":"2025-09-30T07:30:11.729Z"}
{"label":"sensor-file-import-service.js","level":"error","name":"I2IException","timestamp":"2025-09-30T07:30:12.065Z","type":"I2IException","validationItems":[{"Code":70002,"IsConfirmableRetryIgnoreClose":false,"IsConfirmableYesNo":false,"Message":"Kan inte ändra en försäkring 278174-2 utanför försäkringsperioden"}]}
{"label":"i2i-client.js","level":"info","message":"Fetching auth token STANDARD for api","timestamp":"2025-09-30T07:30:12.066Z"}
{"label":"sensor-file-import-service.js","level":"error","message":"2113518001: Kan inte ändra en försäkring 278174-2 utanför försäkringsperioden\r\n","timestamp":"2025-09-30T07:30:12.065Z"}
{"label":"sensor-file-import-service.js","level":"info","message":"Handle changes for 2113519401/11339018","timestamp":"2025-09-30T07:30:12.066Z"}
{"label":"i2i-client.js","level":"info","message":"Fetching auth token STANDARD for api","timestamp":"2025-09-30T07:30:12.181Z"}
{"label":"sensor-file-import-service.js","level":"info","message":"No changes detected for 284074","timestamp":"2025-09-30T07:30:12.319Z"}
{"label":"i2i-client.js","level":"info","message":"Fetching auth token STANDARD for api","timestamp":"2025-09-30T07:30:12.320Z"}
{"label":"sensor-file-import-service.js","level":"info","message":"Handle changes for 2113521901/12096113","timestamp":"2025-09-30T07:30:12.320Z"}
{"label":"i2i-client.js","level":"info","message":"Fetching auth token STANDARD for api","timestamp":"2025-09-30T07:30:12.443Z"}
{"label":"sensor-file-import-service.js","level":"info","message":"No changes detected for 285468","timestamp":"2025-09-30T07:30:12.540Z"}
{"label":"i2i-client.js","level":"info","message":"Fetching auth token STANDARD for api","timestamp":"2025-09-30T07:30:12.541Z"}
{"label":"sensor-file-import-service.js","level":"info","message":"Handle changes for 2113527701/12649461","timestamp":"2025-09-30T07:30:12.540Z"}
{"label":"i2i-client.js","level":"info","message":"Fetching auth token STANDARD for api","timestamp":"2025-09-30T07:30:12.647Z"}
{"label":"sensor-file-import-service.js","level":"info","message":"No changes detected for 287000","timestamp":"2025-09-30T07:30:12.740Z"}
{"label":"i2i-client.js","level":"info","message":"Fetching auth token STANDARD for api","timestamp":"2025-09-30T07:30:12.740Z"}
{"label":"sensor-file-import-service.js","level":"info","message":"Handle changes for 2113529601/11238380","timestamp":"2025-09-30T07:30:12.740Z"}
{"label":"i2i-client.js","level":"info","message":"Fetching auth token STANDARD for api","timestamp":"2025-09-30T07:30:12.831Z"}
{"label":"sensor-file-import-service.js","level":"info","message":"No changes detected for 284069","timestamp":"2025-09-30T07:30:12.926Z"}
{"label":"i2i-client.js","level":"info","message":"Fetching auth token STANDARD for api","timestamp":"2025-09-30T07:30:12.926Z"}
{"label":"sensor-file-import-service.js","level":"info","message":"Handle changes for 2113534601/12324753","timestamp":"2025-09-30T07:30:12.926Z"}
{"label":"i2i-client.js","level":"info","message":"Fetching auth token STANDARD for api","timestamp":"2025-09-30T07:30:13.031Z"}
{"label":"sensor-file-import-service.js","level":"info","message":"No changes detected for 286021","timestamp":"2025-09-30T07:30:13.125Z"}
{"label":"i2i-client.js","level":"info","message":"Fetching auth token STANDARD for api","timestamp":"2025-09-30T07:30:13.125Z"}
{"label":"sensor-file-import-service.js","level":"info","message":"Handle changes for 2113538701/11948206","timestamp":"2025-09-30T07:30:13.125Z"}
{"label":"i2i-client.js","level":"info","message":"Fetching auth token STANDARD for api","timestamp":"2025-09-30T07:30:13.499Z"}
{"label":"sensor-file-import-service.js","level":"info","message":"No changes detected for 284809","timestamp":"2025-09-30T07:30:13.591Z"}
{"label":"i2i-client.js","level":"info","message":"Fetching auth token STANDARD for api","timestamp":"2025-09-30T07:30:13.591Z"}
{"label":"sensor-file-import-service.js","level":"info","message":"Handle changes for 2125540601/20784860","timestamp":"2025-09-30T07:30:13.591Z"}
{"label":"i2i-client.js","level":"info","message":"Fetching auth token STANDARD for api","timestamp":"2025-09-30T07:30:13.684Z"}
{"label":"sensor-file-import-service.js","level":"info","message":"No changes detected for 316163","timestamp":"2025-09-30T07:30:13.777Z"}
{"label":"i2i-client.js","level":"info","message":"Fetching auth token STANDARD for api","timestamp":"2025-09-30T07:30:13.778Z"}
{"label":"sensor-file-import-service.js","level":"info","message":"Handle changes for 2133679201/21257393","timestamp":"2025-09-30T07:30:13.778Z"}
{"label":"i2i-client.js","level":"info","message":"Fetching auth token STANDARD for api","timestamp":"2025-09-30T07:30:13.875Z"}
{"label":"sensor-file-import-service.js","level":"info","message":"No changes detected for 316162","timestamp":"2025-09-30T07:30:13.964Z"}
{"label":"i2i-client.js","level":"info","message":"Fetching auth token STANDARD for api","timestamp":"2025-09-30T07:30:13.964Z"}
{"label":"sensor-file-import-service.js","level":"info","message":"Handle changes for 2141605101/12709593","timestamp":"2025-09-30T07:30:13.964Z"}
{"label":"i2i-client.js","level":"info","message":"Fetching auth token STANDARD for api","timestamp":"2025-09-30T07:30:14.057Z"}
{"label":"sensor-file-import-service.js","level":"info","message":"No changes detected for 287802","timestamp":"2025-09-30T07:30:14.149Z"}
{"label":"i2i-client.js","level":"info","message":"Fetching auth token STANDARD for api","timestamp":"2025-09-30T07:30:14.149Z"}
{"label":"sensor-file-import-service.js","level":"info","message":"Handle changes for 2187141601/10445770","timestamp":"2025-09-30T07:30:14.149Z"}
{"label":"i2i-client.js","level":"info","message":"Fetching auth token STANDARD for api","timestamp":"2025-09-30T07:30:14.259Z"}
{"label":"sensor-file-import-service.js","level":"info","message":"No changes detected for 278499","timestamp":"2025-09-30T07:30:14.359Z"}
{"label":"i2i-client.js","level":"info","message":"Fetching auth token STANDARD for api","timestamp":"2025-09-30T07:30:14.359Z"}
{"label":"sensor-file-import-service.js","level":"info","message":"Handle changes for 2187160001/10171701","timestamp":"2025-09-30T07:30:14.359Z"}
{"label":"i2i-client.js","level":"info","message":"Fetching auth token STANDARD for api","timestamp":"2025-09-30T07:30:14.467Z"}
{"label":"sensor-file-import-service.js","level":"info","message":"No changes detected for 278185","timestamp":"2025-09-30T07:30:14.561Z"}
{"label":"i2i-client.js","level":"info","message":"Fetching auth token STANDARD for api","timestamp":"2025-09-30T07:30:14.561Z"}
{"label":"sensor-file-import-service.js","level":"info","message":"Handle changes for 2187180801/11910144","timestamp":"2025-09-30T07:30:14.561Z"}
{"label":"i2i-client.js","level":"info","message":"Fetching auth token STANDARD for api","timestamp":"2025-09-30T07:30:14.669Z"}
{"label":"sensor-file-import-service.js","level":"info","message":"No changes detected for 284677","timestamp":"2025-09-30T07:30:14.772Z"}
{"label":"i2i-client.js","level":"info","message":"Fetching auth token STANDARD for api","timestamp":"2025-09-30T07:30:14.772Z"}
{"label":"sensor-file-import-service.js","level":"info","message":"Handle changes for 2187190701/11404305","timestamp":"2025-09-30T07:30:14.772Z"}
{"label":"i2i-client.js","level":"info","message":"Fetching auth token STANDARD for api","timestamp":"2025-09-30T07:30:14.885Z"}
{"label":"sensor-file-import-service.js","level":"info","message":"No changes detected for 283780","timestamp":"2025-09-30T07:30:14.971Z"}
{"label":"i2i-client.js","level":"info","message":"Fetching auth token STANDARD for api","timestamp":"2025-09-30T07:30:14.971Z"}
{"label":"sensor-file-import-service.js","level":"info","message":"Handle changes for 2187190801/11404381","timestamp":"2025-09-30T07:30:14.971Z"}
{"label":"i2i-client.js","level":"info","message":"Fetching auth token STANDARD for api","timestamp":"2025-09-30T07:30:15.061Z"}
{"label":"sensor-file-import-service.js","level":"error","timestamp":"2025-09-30T07:30:15.167Z"}
{"label":"i2i-client.js","level":"info","message":"Fetching auth token STANDARD for api","timestamp":"2025-09-30T07:30:15.168Z"}
{"label":"sensor-file-import-service.js","level":"error","message":"2187190801: Reactivation - Not implemented; Can it really happen?","timestamp":"2025-09-30T07:30:15.168Z"}
{"label":"sensor-file-import-service.js","level":"info","message":"Handle changes for 2187474101/12152144","timestamp":"2025-09-30T07:30:15.168Z"}
{"label":"i2i-client.js","level":"info","message":"Fetching auth token STANDARD for api","timestamp":"2025-09-30T07:30:15.298Z"}
{"label":"sensor-file-import-service.js","level":"info","message":"No changes detected for 285487","timestamp":"2025-09-30T07:30:15.397Z"}
{"label":"i2i-client.js","level":"info","message":"Fetching auth token STANDARD for api","timestamp":"2025-09-30T07:30:15.397Z"}
{"label":"sensor-file-import-service.js","level":"info","message":"Handle changes for 2187503901/13028966","timestamp":"2025-09-30T07:30:15.397Z"}
{"label":"i2i-client.js","level":"info","message":"Fetching auth token STANDARD for api","timestamp":"2025-09-30T07:30:15.520Z"}
{"label":"sensor-file-import-service.js","level":"info","message":"No changes detected for 288217","timestamp":"2025-09-30T07:30:15.625Z"}
{"label":"i2i-client.js","level":"info","message":"Fetching auth token STANDARD for api","timestamp":"2025-09-30T07:30:15.625Z"}
{"label":"sensor-file-import-service.js","level":"info","message":"Handle changes for 2187540201/13140545","timestamp":"2025-09-30T07:30:15.625Z"}
{"label":"i2i-client.js","level":"info","message":"Fetching auth token STANDARD for api","timestamp":"2025-09-30T07:30:15.751Z"}
{"label":"sensor-file-import-service.js","level":"info","message":"No changes detected for 288511","timestamp":"2025-09-30T07:30:15.852Z"}
{"label":"i2i-client.js","level":"info","message":"Fetching auth token STANDARD for api","timestamp":"2025-09-30T07:30:15.853Z"}
{"label":"sensor-file-import-service.js","level":"info","message":"Handle changes for 2187784001/12170779","timestamp":"2025-09-30T07:30:15.853Z"}
{"label":"i2i-client.js","level":"info","message":"Fetching auth token STANDARD for api","timestamp":"2025-09-30T07:30:15.955Z"}
{"label":"sensor-file-import-service.js","level":"info","message":"No changes detected for 285523","timestamp":"2025-09-30T07:30:16.049Z"}
{"label":"i2i-client.js","level":"info","message":"Fetching auth token STANDARD for api","timestamp":"2025-09-30T07:30:16.049Z"}
{"label":"sensor-file-import-service.js","level":"info","message":"Handle changes for 2187976701/12332111","timestamp":"2025-09-30T07:30:16.049Z"}
{"label":"i2i-client.js","level":"info","message":"Fetching auth token STANDARD for api","timestamp":"2025-09-30T07:30:16.165Z"}
{"label":"sensor-file-import-service.js","level":"info","message":"No changes detected for 286031","timestamp":"2025-09-30T07:30:16.261Z"}
{"label":"i2i-client.js","level":"info","message":"Fetching auth token STANDARD for api","timestamp":"2025-09-30T07:30:16.263Z"}
{"label":"sensor-file-import-service.js","level":"info","message":"Handle changes for 2187994701/12853467","timestamp":"2025-09-30T07:30:16.261Z"}
{"label":"i2i-client.js","level":"info","message":"Fetching auth token STANDARD for api","timestamp":"2025-09-30T07:30:16.379Z"}
{"label":"sensor-file-import-service.js","level":"info","message":"No changes detected for 287800","timestamp":"2025-09-30T07:30:16.488Z"}
{"label":"i2i-client.js","level":"info","message":"Fetching auth token STANDARD for api","timestamp":"2025-09-30T07:30:16.488Z"}
{"label":"sensor-file-import-service.js","level":"info","message":"Handle changes for 2220278601/10149805","timestamp":"2025-09-30T07:30:16.488Z"}
{"label":"i2i-client.js","level":"info","message":"Fetching auth token STANDARD for api","timestamp":"2025-09-30T07:30:17.261Z"}
{"label":"sensor-file-import-service.js","level":"info","message":"No changes detected for 278172","timestamp":"2025-09-30T07:30:17.376Z"}
{"label":"i2i-client.js","level":"info","message":"Fetching auth token STANDARD for api","timestamp":"2025-09-30T07:30:17.377Z"}
{"label":"sensor-file-import-service.js","level":"info","message":"Handle changes for 2220330801/13549539","timestamp":"2025-09-30T07:30:17.377Z"}
{"label":"i2i-monitor-service.js","level":"info","message":"I2I Monitor UpdatePolicy: 13.8285","timestamp":"2025-09-30T07:30:17.380Z"}
{"label":"i2i-client.js","level":"info","message":"Fetching auth token STANDARD for api","timestamp":"2025-09-30T07:30:17.380Z"}
{"label":"i2i-client.js","level":"info","message":"Fetching auth token STANDARD for api","timestamp":"2025-09-30T07:30:17.510Z"}
{"label":"i2i-monitor-service.js","level":"info","message":"I2I Monitor GetClaim: 0.1320","timestamp":"2025-09-30T07:30:17.512Z"}
{"label":"i2i-client.js","level":"info","message":"Fetching auth token STANDARD for api","timestamp":"2025-09-30T07:30:17.513Z"}
{"label":"i2i-client.js","level":"info","message":"Fetching auth token STANDARD for api","timestamp":"2025-09-30T07:30:17.599Z"}
{"label":"sensor-file-import-service.js","level":"info","message":"No changes detected for 289682","timestamp":"2025-09-30T07:30:17.605Z"}
{"label":"i2i-client.js","level":"info","message":"Fetching auth token STANDARD for api","timestamp":"2025-09-30T07:30:17.605Z"}
{"label":"sensor-file-import-service.js","level":"info","message":"Handle changes for 2220356701/13549488","timestamp":"2025-09-30T07:30:17.605Z"}
{"label":"i2i-client.js","level":"info","message":"Fetching auth token STANDARD for api","timestamp":"2025-09-30T07:30:17.690Z"}
{"label":"i2i-monitor-service.js","level":"info","message":"I2I Monitor UpdateParty: 0.1797","timestamp":"2025-09-30T07:30:17.692Z"}
{"label":"i2i-client.js","level":"info","message":"Fetching auth token STANDARD for api","timestamp":"2025-09-30T07:30:17.692Z"}
{"label":"i2i-monitor-service.js","level":"info","message":"I2I Monitor GetPolicy: 0.0938","timestamp":"2025-09-30T07:30:17.786Z"}
{"label":"i2i-client.js","level":"info","message":"Fetching auth token STANDARD for api","timestamp":"2025-09-30T07:30:17.786Z"}
{"label":"sensor-file-import-service.js","level":"info","message":"No changes detected for 289681","timestamp":"2025-09-30T07:30:17.791Z"}
{"label":"i2i-client.js","level":"info","message":"Fetching auth token STANDARD for api","timestamp":"2025-09-30T07:30:17.792Z"}
{"label":"sensor-file-import-service.js","level":"info","message":"Handle changes for 2220397201/13460620","timestamp":"2025-09-30T07:30:17.792Z"}
{"label":"i2i-monitor-service.js","level":"info","message":"I2I Monitor GetParty: 0.0964","timestamp":"2025-09-30T07:30:17.883Z"}
{"GetClaim":0.13202666400000002,"GetParty":0.09636296400000001,"GetPolicy":0.093777163,"UpdateClaim":3.2547420590000002,"UpdateParty":0.179665797,"UpdatePolicy":13.828464935,"label":"i2i-monitor-service.js","level":"info","message":"I2I Monitor Results","timestamp":"2025-09-30T07:30:17.883Z"}
{"label":"i2i-client.js","level":"info","message":"Fetching auth token STANDARD for api","timestamp":"2025-09-30T07:30:17.890Z"}
{"label":"sensor-file-import-service.js","level":"info","message":"No changes detected for 289447","timestamp":"2025-09-30T07:30:17.986Z"}
{"label":"i2i-client.js","level":"info","message":"Fetching auth token STANDARD for api","timestamp":"2025-09-30T07:30:17.986Z"}
{"label":"sensor-file-import-service.js","level":"info","message":"Handle changes for 2220400801/13538361","timestamp":"2025-09-30T07:30:17.986Z"}
{"label":"i2i-client.js","level":"info","message":"Fetching auth token STANDARD for api","timestamp":"2025-09-30T07:30:18.086Z"}
{"label":"sensor-file-import-service.js","level":"info","message":"No changes detected for 289569","timestamp":"2025-09-30T07:30:18.173Z"}
{"label":"i2i-client.js","level":"info","message":"Fetching auth token STANDARD for api","timestamp":"2025-09-30T07:30:18.174Z"}
{"label":"sensor-file-import-service.js","level":"info","message":"Handle changes for 2220428401/13727267","timestamp":"2025-09-30T07:30:18.174Z"}
{"label":"i2i-client.js","level":"info","message":"Fetching auth token STANDARD for api","timestamp":"2025-09-30T07:30:18.283Z"}
{"label":"sensor-file-import-service.js","level":"info","message":"Update registration number to nan","timestamp":"2025-09-30T07:30:18.395Z"}
{"label":"i2i-client.js","level":"info","message":"Fetching auth token STANDARD for api","timestamp":"2025-09-30T07:30:18.397Z"}
{"label":"sensor-file-import-service.js","level":"error","name":"I2IException","timestamp":"2025-09-30T07:30:18.513Z","type":"I2IException","validationItems":[{"Code":70002,"IsConfirmableRetryIgnoreClose":false,"IsConfirmableYesNo":false,"Message":"Kan inte ändra en försäkring 314132-4 utanför försäkringsperioden"}]}
{"label":"i2i-client.js","level":"info","message":"Fetching auth token STANDARD for api","timestamp":"2025-09-30T07:30:18.514Z"}
{"label":"sensor-file-import-service.js","level":"error","message":"2220428401: Kan inte ändra en försäkring 314132-4 utanför försäkringsperioden\r\n","timestamp":"2025-09-30T07:30:18.513Z"}
{"label":"sensor-file-import-service.js","level":"info","message":"Handle changes for 2220488001/13538283","timestamp":"2025-09-30T07:30:18.514Z"}
{"label":"i2i-client.js","level":"info","message":"Fetching auth token STANDARD for api","timestamp":"2025-09-30T07:30:18.611Z"}
{"label":"sensor-file-import-service.js","level":"info","message":"No changes detected for 289680","timestamp":"2025-09-30T07:30:18.698Z"}
{"label":"i2i-client.js","level":"info","message":"Fetching auth token STANDARD for api","timestamp":"2025-09-30T07:30:18.698Z"}
{"label":"sensor-file-import-service.js","level":"info","message":"Handle changes for 2220558301/12932272","timestamp":"2025-09-30T07:30:18.698Z"}
{"label":"i2i-client.js","level":"info","message":"Fetching auth token STANDARD for api","timestamp":"2025-09-30T07:30:18.859Z"}
{"label":"sensor-file-import-service.js","level":"info","message":"Update chip number to nan","timestamp":"2025-09-30T07:30:18.947Z"}
{"label":"i2i-client.js","level":"info","message":"Fetching auth token STANDARD for api","timestamp":"2025-09-30T07:30:18.947Z"}
{"label":"sensor-file-import-service.js","level":"info","message":"Update registration number to nan","timestamp":"2025-09-30T07:30:18.947Z"}
{"label":"sensor-file-import-service.js","level":"error","name":"I2IException","timestamp":"2025-09-30T07:30:19.337Z","type":"I2IException","validationItems":[{"Code":70002,"IsConfirmableRetryIgnoreClose":false,"IsConfirmableYesNo":false,"Message":"Kan inte ändra en försäkring 287969-2 utanför försäkringsperioden"}]}
{"label":"i2i-client.js","level":"info","message":"Fetching auth token STANDARD for api","timestamp":"2025-09-30T07:30:19.339Z"}
{"label":"sensor-file-import-service.js","level":"error","message":"2220558301: Kan inte ändra en försäkring 287969-2 utanför försäkringsperioden\r\n","timestamp":"2025-09-30T07:30:19.337Z"}
{"label":"sensor-file-import-service.js","level":"info","message":"Handle changes for 2220614401/13464437","timestamp":"2025-09-30T07:30:19.338Z"}
{"label":"i2i-client.js","level":"info","message":"Fetching auth token STANDARD for api","timestamp":"2025-09-30T07:30:19.468Z"}
{"label":"sensor-file-import-service.js","level":"info","message":"No changes detected for 289448","timestamp":"2025-09-30T07:30:19.590Z"}
{"label":"i2i-client.js","level":"info","message":"Fetching auth token STANDARD for api","timestamp":"2025-09-30T07:30:19.591Z"}
{"label":"sensor-file-import-service.js","level":"info","message":"Handle changes for 2220655601/13470003","timestamp":"2025-09-30T07:30:19.590Z"}
{"label":"i2i-client.js","level":"info","message":"Fetching auth token STANDARD for api","timestamp":"2025-09-30T07:30:19.694Z"}
{"label":"sensor-file-import-service.js","level":"info","message":"No changes detected for 289449","timestamp":"2025-09-30T07:30:19.801Z"}
{"label":"i2i-client.js","level":"info","message":"Fetching auth token STANDARD for api","timestamp":"2025-09-30T07:30:19.802Z"}
{"label":"sensor-file-import-service.js","level":"info","message":"Handle changes for 2220655901/13470006","timestamp":"2025-09-30T07:30:19.802Z"}
{"label":"i2i-client.js","level":"info","message":"Fetching auth token STANDARD for api","timestamp":"2025-09-30T07:30:20.028Z"}
{"label":"sensor-file-import-service.js","level":"info","message":"No changes detected for 289450","timestamp":"2025-09-30T07:30:20.127Z"}
{"label":"i2i-client.js","level":"info","message":"Fetching auth token STANDARD for api","timestamp":"2025-09-30T07:30:20.127Z"}
{"label":"sensor-file-import-service.js","level":"info","message":"Handle changes for 2254663801/20886698","timestamp":"2025-09-30T07:30:20.127Z"}
{"label":"i2i-client.js","level":"info","message":"Fetching auth token STANDARD for api","timestamp":"2025-09-30T07:30:20.217Z"}
{"label":"sensor-file-import-service.js","level":"info","message":"No changes detected for 316150","timestamp":"2025-09-30T07:30:20.298Z"}
{"label":"file-import-sync-service.js","level":"info","message":"Done Syncing sensor: D(0), P1","timestamp":"2025-09-30T07:30:20.298Z"}
{"label":"import-cleanup-invoices.js","level":"info","message":"Start writing of invoices","timestamp":"2025-09-30T07:30:20.298Z"}
{"label":"db-client-impl.js","level":"info","message":[],"timestamp":"2025-09-30T07:30:20.367Z"}
{"label":"import-cleanup-invoices.js","level":"info","message":[],"timestamp":"2025-09-30T07:30:20.367Z"}
{"label":"file-import-sync-service.js","level":"info","message":"Cron sync completed","timestamp":"2025-09-30T07:30:20.367Z"}
{"label":"import-cleanup-invoices.js","level":"info","message":"Done writing of invoices","timestamp":"2025-09-30T07:30:20.367Z"}
{"label":"i2i-client.js","level":"info","message":"Fetching auth token STANDARD for api","timestamp":"2025-09-30T07:35:00.905Z"}
{"label":"i2i-client.js","level":"info","message":"Fetching auth token STANDARD for api","timestamp":"2025-09-30T07:35:00.906Z"}
{"label":"i2i-client.js","level":"info","message":"Fetching auth token STANDARD for api","timestamp":"2025-09-30T07:35:01.045Z"}
{"label":"i2i-monitor-service.js","level":"info","message":"I2I Monitor UpdateClaim: 1.5479","timestamp":"2025-09-30T07:35:02.454Z"}
{"label":"i2i-client.js","level":"info","message":"Fetching auth token STANDARD for api","timestamp":"2025-09-30T07:35:02.454Z"}
{"label":"i2i-client.js","level":"info","message":"Fetching auth token STANDARD for api","timestamp":"2025-09-30T07:35:02.569Z"}
{"label":"i2i-client.js","level":"info","message":"Fetching auth token STANDARD for api","timestamp":"2025-09-30T07:35:02.851Z"}
{"label":"i2i-monitor-service.js","level":"info","message":"I2I Monitor UpdatePolicy: 12.3279","timestamp":"2025-09-30T07:35:14.782Z"}
{"label":"i2i-client.js","level":"info","message":"Fetching auth token STANDARD for api","timestamp":"2025-09-30T07:35:14.782Z"}
{"label":"i2i-monitor-service.js","level":"info","message":"I2I Monitor GetPolicy: 0.1185","timestamp":"2025-09-30T07:35:14.901Z"}
{"label":"i2i-client.js","level":"info","message":"Fetching auth token STANDARD for api","timestamp":"2025-09-30T07:35:14.901Z"}
{"label":"i2i-client.js","level":"info","message":"Fetching auth token STANDARD for api","timestamp":"2025-09-30T07:35:14.992Z"}
{"label":"i2i-monitor-service.js","level":"info","message":"I2I Monitor UpdateParty: 0.1936","timestamp":"2025-09-30T07:35:15.095Z"}
{"label":"i2i-client.js","level":"info","message":"Fetching auth token STANDARD for api","timestamp":"2025-09-30T07:35:15.095Z"}
{"label":"i2i-monitor-service.js","level":"info","message":"I2I Monitor GetParty: 0.1040","timestamp":"2025-09-30T07:35:15.199Z"}
{"label":"i2i-client.js","level":"info","message":"Fetching auth token STANDARD for api","timestamp":"2025-09-30T07:35:15.199Z"}
{"label":"i2i-monitor-service.js","level":"info","message":"I2I Monitor GetClaim: 0.1351","timestamp":"2025-09-30T07:35:15.334Z"}
{"GetClaim":0.13508865,"GetParty":0.10396091800000001,"GetPolicy":0.118467916,"UpdateClaim":1.547880893,"UpdateParty":0.193645831,"UpdatePolicy":12.327947351999999,"label":"i2i-monitor-service.js","level":"info","message":"I2I Monitor Results","timestamp":"2025-09-30T07:35:15.334Z"}
{"label":"i2i-client.js","level":"info","message":"Fetching auth token STANDARD for api","timestamp":"2025-09-30T07:40:00.278Z"}
{"label":"i2i-client.js","level":"info","message":"Fetching auth token STANDARD for api","timestamp":"2025-09-30T07:40:00.278Z"}
{"label":"marketing-service.js","level":"info","message":"Start job sommarkampanj-2025-dogs:sommarkampanj-2025","timestamp":"2025-09-30T07:40:00.322Z"}
{"label":"marketing-service-job.js","level":"info","message":"Starting JOB sommarkampanj-2025-dogs:sommarkampanj-2025","timestamp":"2025-09-30T07:40:00.322Z"}
{"label":"marketing-service.js","level":"info","message":"Start job sommarkampanj-2025-dogs:sommarkampanj-2025","timestamp":"2025-09-30T07:40:00.325Z"}
{"label":"marketing-service-job.js","level":"info","message":"Starting JOB sommarkampanj-2025-dogs:sommarkampanj-2025","timestamp":"2025-09-30T07:40:00.325Z"}
{"label":"i2i-monitor-service.js","level":"info","message":"I2I Monitor GetParty: 0.0885","timestamp":"2025-09-30T07:40:00.367Z"}
{"label":"i2i-client.js","level":"info","message":"Fetching auth token STANDARD for api","timestamp":"2025-09-30T07:40:00.367Z"}
{"label":"marketing-service-job.js","level":"info","message":"Got 0 items to synk","timestamp":"2025-09-30T07:40:00.552Z"}
{"label":"marketing-service-job.js","level":"info","message":"Marketing log written","timestamp":"2025-09-30T07:40:00.552Z"}
{"label":"marketing-service-job.js","level":"info","message":"Post duplicate removal 0 items to synk","timestamp":"2025-09-30T07:40:00.552Z"}
{"label":"marketing-service-job.js","level":"info","message":"No data to sync","timestamp":"2025-09-30T07:40:00.552Z"}
{"label":"marketing-service-job.js","level":"info","message":"Got 0 items to synk","timestamp":"2025-09-30T07:40:00.617Z"}
{"label":"marketing-service-job.js","level":"info","message":"Marketing log written","timestamp":"2025-09-30T07:40:00.617Z"}
{"label":"marketing-service-job.js","level":"info","message":"Post duplicate removal 0 items to synk","timestamp":"2025-09-30T07:40:00.617Z"}
{"label":"marketing-service-job.js","level":"info","message":"No data to sync","timestamp":"2025-09-30T07:40:00.617Z"}
{"label":"i2i-monitor-service.js","level":"info","message":"I2I Monitor GetClaim: 0.2701","timestamp":"2025-09-30T07:40:00.637Z"}
{"label":"i2i-client.js","level":"info","message":"Fetching auth token STANDARD for api","timestamp":"2025-09-30T07:40:00.637Z"}
{"label":"i2i-monitor-service.js","level":"info","message":"I2I Monitor GetPolicy: 0.0909","timestamp":"2025-09-30T07:40:00.728Z"}
{"label":"i2i-client.js","level":"info","message":"Fetching auth token STANDARD for api","timestamp":"2025-09-30T07:40:00.728Z"}
{"label":"i2i-client.js","level":"info","message":"Fetching auth token STANDARD for api","timestamp":"2025-09-30T07:40:00.817Z"}
{"label":"i2i-client.js","level":"info","message":"Fetching auth token STANDARD for api","timestamp":"2025-09-30T07:40:00.904Z"}
{"label":"i2i-monitor-service.js","level":"info","message":"I2I Monitor UpdatePolicy: 27.8832","timestamp":"2025-09-30T07:40:28.612Z"}
{"label":"i2i-client.js","level":"info","message":"Fetching auth token STANDARD for api","timestamp":"2025-09-30T07:40:28.612Z"}
{"label":"i2i-client.js","level":"info","message":"Fetching auth token STANDARD for api","timestamp":"2025-09-30T07:40:28.735Z"}
{"label":"i2i-monitor-service.js","level":"info","message":"I2I Monitor UpdateClaim: 1.7314","timestamp":"2025-09-30T07:40:30.343Z"}
{"label":"i2i-client.js","level":"info","message":"Fetching auth token STANDARD for api","timestamp":"2025-09-30T07:40:30.343Z"}
{"label":"i2i-client.js","level":"info","message":"Fetching auth token STANDARD for api","timestamp":"2025-09-30T07:40:30.430Z"}
{"label":"i2i-monitor-service.js","level":"info","message":"I2I Monitor UpdateParty: 0.4388","timestamp":"2025-09-30T07:40:30.782Z"}
{"GetClaim":0.270051713,"GetParty":0.088485885,"GetPolicy":0.090881109,"UpdateClaim":1.7313732279999998,"UpdateParty":0.438811106,"UpdatePolicy":27.883235009,"label":"i2i-monitor-service.js","level":"info","message":"I2I Monitor Results","timestamp":"2025-09-30T07:40:30.782Z"}
{"label":"i2i-client.js","level":"info","message":"Fetching auth token STANDARD for api","timestamp":"2025-09-30T07:45:00.542Z"}
{"label":"i2i-client.js","level":"info","message":"Fetching auth token STANDARD for api","timestamp":"2025-09-30T07:45:00.542Z"}
{"label":"i2i-monitor-service.js","level":"info","message":"I2I Monitor GetClaim: 0.1466","timestamp":"2025-09-30T07:45:00.689Z"}
{"label":"i2i-client.js","level":"info","message":"Fetching auth token STANDARD for api","timestamp":"2025-09-30T07:45:00.689Z"}
{"label":"i2i-monitor-service.js","level":"info","message":"I2I Monitor GetParty: 0.0774","timestamp":"2025-09-30T07:45:00.766Z"}
{"label":"i2i-client.js","level":"info","message":"Fetching auth token STANDARD for api","timestamp":"2025-09-30T07:45:00.766Z"}
{"label":"i2i-client.js","level":"info","message":"Fetching auth token STANDARD for api","timestamp":"2025-09-30T07:45:00.873Z"}
{"label":"i2i-monitor-service.js","level":"info","message":"I2I Monitor UpdateParty: 0.2060","timestamp":"2025-09-30T07:45:00.972Z"}
{"label":"i2i-client.js","level":"info","message":"Fetching auth token STANDARD for api","timestamp":"2025-09-30T07:45:00.973Z"}
{"label":"i2i-monitor-service.js","level":"info","message":"I2I Monitor GetPolicy: 0.0919","timestamp":"2025-09-30T07:45:01.065Z"}
{"label":"i2i-client.js","level":"info","message":"Fetching auth token STANDARD for api","timestamp":"2025-09-30T07:45:01.065Z"}
{"label":"i2i-client.js","level":"info","message":"Fetching auth token STANDARD for api","timestamp":"2025-09-30T07:45:01.155Z"}
{"label":"i2i-client.js","level":"info","message":"Fetching auth token STANDARD for api","timestamp":"2025-09-30T07:45:01.245Z"}
{"label":"i2i-monitor-service.js","level":"info","message":"I2I Monitor UpdatePolicy: 16.0334","timestamp":"2025-09-30T07:45:17.098Z"}
{"label":"i2i-client.js","level":"info","message":"Fetching auth token STANDARD for api","timestamp":"2025-09-30T07:45:17.098Z"}
{"label":"i2i-client.js","level":"info","message":"Fetching auth token STANDARD for api","timestamp":"2025-09-30T07:45:18.538Z"}
{"label":"i2i-monitor-service.js","level":"info","message":"I2I Monitor UpdateClaim: 3.6203","timestamp":"2025-09-30T07:45:20.719Z"}
{"GetClaim":0.146574229,"GetParty":0.077403189,"GetPolicy":0.091919072,"UpdateClaim":3.62029804,"UpdateParty":0.205968561,"UpdatePolicy":16.033368707,"label":"i2i-monitor-service.js","level":"info","message":"I2I Monitor Results","timestamp":"2025-09-30T07:45:20.719Z"}
{"label":"i2i-client.js","level":"info","message":"Fetching auth token STANDARD for api","timestamp":"2025-09-30T07:50:00.940Z"}
{"label":"i2i-client.js","level":"info","message":"Fetching auth token STANDARD for api","timestamp":"2025-09-30T07:50:00.941Z"}
{"label":"marketing-service.js","level":"info","message":"Start job sommarkampanj-2025-dogs:sommarkampanj-2025","timestamp":"2025-09-30T07:50:00.955Z"}
{"label":"marketing-service-job.js","level":"info","message":"Starting JOB sommarkampanj-2025-dogs:sommarkampanj-2025","timestamp":"2025-09-30T07:50:00.955Z"}
{"label":"marketing-service.js","level":"info","message":"Start job sommarkampanj-2025-dogs:sommarkampanj-2025","timestamp":"2025-09-30T07:50:00.960Z"}
{"label":"marketing-service-job.js","level":"info","message":"Starting JOB sommarkampanj-2025-dogs:sommarkampanj-2025","timestamp":"2025-09-30T07:50:00.960Z"}
{"label":"i2i-monitor-service.js","level":"info","message":"I2I Monitor GetParty: 0.1054","timestamp":"2025-09-30T07:50:01.046Z"}
{"label":"i2i-client.js","level":"info","message":"Fetching auth token STANDARD for api","timestamp":"2025-09-30T07:50:01.046Z"}
{"label":"i2i-client.js","level":"info","message":"Fetching auth token STANDARD for api","timestamp":"2025-09-30T07:50:01.157Z"}
{"label":"i2i-monitor-service.js","level":"info","message":"I2I Monitor UpdateParty: 0.2107","timestamp":"2025-09-30T07:50:01.257Z"}
{"label":"i2i-client.js","level":"info","message":"Fetching auth token STANDARD for api","timestamp":"2025-09-30T07:50:01.257Z"}
{"label":"i2i-monitor-service.js","level":"info","message":"I2I Monitor GetClaim: 0.1999","timestamp":"2025-09-30T07:50:01.457Z"}
{"label":"i2i-client.js","level":"info","message":"Fetching auth token STANDARD for api","timestamp":"2025-09-30T07:50:01.457Z"}
{"label":"marketing-service-job.js","level":"info","message":"Got 0 items to synk","timestamp":"2025-09-30T07:50:01.500Z"}
{"label":"marketing-service-job.js","level":"info","message":"Marketing log written","timestamp":"2025-09-30T07:50:01.501Z"}
{"label":"marketing-service-job.js","level":"info","message":"Post duplicate removal 0 items to synk","timestamp":"2025-09-30T07:50:01.501Z"}
{"label":"marketing-service-job.js","level":"info","message":"No data to sync","timestamp":"2025-09-30T07:50:01.501Z"}
{"label":"i2i-client.js","level":"info","message":"Fetching auth token STANDARD for api","timestamp":"2025-09-30T07:50:01.601Z"}
{"label":"i2i-client.js","level":"info","message":"Fetching auth token STANDARD for api","timestamp":"2025-09-30T07:50:01.747Z"}
{"label":"marketing-service-job.js","level":"info","message":"Got 0 items to synk","timestamp":"2025-09-30T07:50:01.778Z"}
{"label":"marketing-service-job.js","level":"info","message":"Marketing log written","timestamp":"2025-09-30T07:50:01.778Z"}
{"label":"marketing-service-job.js","level":"info","message":"Post duplicate removal 0 items to synk","timestamp":"2025-09-30T07:50:01.778Z"}
{"label":"marketing-service-job.js","level":"info","message":"No data to sync","timestamp":"2025-09-30T07:50:01.778Z"}
{"label":"i2i-monitor-service.js","level":"info","message":"I2I Monitor UpdatePolicy: 22.4951","timestamp":"2025-09-30T07:50:23.952Z"}
{"label":"i2i-client.js","level":"info","message":"Fetching auth token STANDARD for api","timestamp":"2025-09-30T07:50:23.952Z"}
{"label":"i2i-client.js","level":"info","message":"Fetching auth token STANDARD for api","timestamp":"2025-09-30T07:50:24.095Z"}
{"label":"i2i-monitor-service.js","level":"info","message":"I2I Monitor UpdateClaim: 1.9672","timestamp":"2025-09-30T07:50:25.920Z"}
{"label":"i2i-client.js","level":"info","message":"Fetching auth token STANDARD for api","timestamp":"2025-09-30T07:50:25.920Z"}
{"label":"i2i-monitor-service.js","level":"info","message":"I2I Monitor GetPolicy: 0.0960","timestamp":"2025-09-30T07:50:26.016Z"}
{"GetClaim":0.199888885,"GetParty":0.105357062,"GetPolicy":0.096035486,"UpdateClaim":1.967218258,"UpdateParty":0.21069831,"UpdatePolicy":22.495074146,"label":"i2i-monitor-service.js","level":"info","message":"I2I Monitor Results","timestamp":"2025-09-30T07:50:26.016Z"}
{"label":"i2i-client.js","level":"info","message":"Fetching auth token STANDARD for api","timestamp":"2025-09-30T07:55:00.316Z"}
{"label":"i2i-client.js","level":"info","message":"Fetching auth token STANDARD for api","timestamp":"2025-09-30T07:55:00.317Z"}
{"label":"i2i-monitor-service.js","level":"info","message":"I2I Monitor GetClaim: 0.1324","timestamp":"2025-09-30T07:55:00.449Z"}
{"label":"i2i-client.js","level":"info","message":"Fetching auth token STANDARD for api","timestamp":"2025-09-30T07:55:00.449Z"}
{"label":"i2i-monitor-service.js","level":"info","message":"I2I Monitor GetParty: 0.1006","timestamp":"2025-09-30T07:55:00.550Z"}
{"label":"i2i-client.js","level":"info","message":"Fetching auth token STANDARD for api","timestamp":"2025-09-30T07:55:00.550Z"}
{"label":"i2i-monitor-service.js","level":"info","message":"I2I Monitor GetPolicy: 0.0981","timestamp":"2025-09-30T07:55:00.648Z"}
{"label":"i2i-client.js","level":"info","message":"Fetching auth token STANDARD for api","timestamp":"2025-09-30T07:55:00.648Z"}
{"label":"i2i-client.js","level":"info","message":"Fetching auth token STANDARD for api","timestamp":"2025-09-30T07:55:00.802Z"}
{"label":"i2i-monitor-service.js","level":"info","message":"I2I Monitor UpdateClaim: 1.4937","timestamp":"2025-09-30T07:55:02.142Z"}
{"label":"i2i-client.js","level":"info","message":"Fetching auth token STANDARD for api","timestamp":"2025-09-30T07:55:02.142Z"}
{"label":"i2i-client.js","level":"info","message":"Fetching auth token STANDARD for api","timestamp":"2025-09-30T07:55:02.267Z"}
{"label":"i2i-monitor-service.js","level":"info","message":"I2I Monitor UpdateParty: 0.4750","timestamp":"2025-09-30T07:55:02.617Z"}
{"label":"i2i-client.js","level":"info","message":"Fetching auth token STANDARD for api","timestamp":"2025-09-30T07:55:02.617Z"}
{"label":"i2i-client.js","level":"info","message":"Fetching auth token STANDARD for api","timestamp":"2025-09-30T07:55:02.828Z"}
{"label":"i2i-client.js","level":"info","message":"Fetching auth token STANDARD for api","timestamp":"2025-09-30T07:55:02.940Z"}
{"label":"i2i-monitor-service.js","level":"info","message":"I2I Monitor UpdatePolicy: 13.2169","timestamp":"2025-09-30T07:55:15.834Z"}
{"GetClaim":0.132382692,"GetParty":0.100599254,"GetPolicy":0.09811065000000001,"UpdateClaim":1.493718668,"UpdateParty":0.475026414,"UpdatePolicy":13.216903698,"label":"i2i-monitor-service.js","level":"info","message":"I2I Monitor Results","timestamp":"2025-09-30T07:55:15.835Z"}
{"label":"i2i-client.js","level":"info","message":"Fetching auth token STANDARD for api","timestamp":"2025-09-30T08:00:00.709Z"}
{"label":"i2i-client.js","level":"info","message":"Fetching auth token STANDARD for api","timestamp":"2025-09-30T08:00:00.709Z"}
{"label":"marketing-service.js","level":"info","message":"Start job sommarkampanj-2025-dogs:sommarkampanj-2025","timestamp":"2025-09-30T08:00:00.731Z"}
{"label":"marketing-service-job.js","level":"info","message":"Starting JOB sommarkampanj-2025-dogs:sommarkampanj-2025","timestamp":"2025-09-30T08:00:00.731Z"}
{"label":"marketing-service.js","level":"info","message":"Start job sommarkampanj-2025-dogs:sommarkampanj-2025","timestamp":"2025-09-30T08:00:00.733Z"}
{"label":"marketing-service-job.js","level":"info","message":"Starting JOB sommarkampanj-2025-dogs:sommarkampanj-2025","timestamp":"2025-09-30T08:00:00.733Z"}
{"label":"i2i-db-monitor-service.js","level":"info","message":"I2I DB Monitor ProfilerLastHour@Execution: 0.0788","timestamp":"2025-09-30T08:00:00.791Z"}
{"label":"i2i-db-monitor-service.js","level":"info","message":"I2I DB Monitor ProfilerLastHour@TotalCount: 0.0000","timestamp":"2025-09-30T08:00:00.791Z"}
{"label":"i2i-db-monitor-service.js","level":"info","message":"I2I DB Monitor ProfilerLastHour@Count: 0.0000","timestamp":"2025-09-30T08:00:00.791Z"}
{"label":"i2i-db-monitor-service.js","level":"info","message":"I2I DB Monitor ProfilerLastHour@ErrorCount: 0.0000","timestamp":"2025-09-30T08:00:00.791Z"}
{"label":"i2i-db-monitor-service.js","level":"info","message":"I2I DB Monitor ProfilerLastHour@CountTimeout: 0.0000","timestamp":"2025-09-30T08:00:00.791Z"}
{"label":"i2i-db-monitor-service.js","level":"info","message":"I2I DB Monitor ProfilerLastHour@AvgDuration: 0.0000","timestamp":"2025-09-30T08:00:00.791Z"}
{"label":"i2i-db-monitor-service.js","level":"info","message":"I2I DB Monitor ProfilerLastHour@TotalDuration: 0.0000","timestamp":"2025-09-30T08:00:00.791Z"}
{"label":"i2i-db-monitor-service.js","level":"info","message":"I2I DB Monitor ProfilerLastHour@AvgDurationTimeout: 0.0000","timestamp":"2025-09-30T08:00:00.791Z"}
{"label":"i2i-db-monitor-service.js","level":"info","message":"I2I DB Monitor ProfilerLastHour@TotalDurationTiemout: 0.0000","timestamp":"2025-09-30T08:00:00.791Z"}
{"label":"i2i-db-monitor-service.js","level":"info","message":"I2I DB Monitor ProfilerPrevHour@Execution: 0.0580","timestamp":"2025-09-30T08:00:00.849Z"}
{"label":"i2i-db-monitor-service.js","level":"info","message":"I2I DB Monitor ProfilerPrevHour@TotalCount: 13.0000","timestamp":"2025-09-30T08:00:00.849Z"}
{"label":"i2i-db-monitor-service.js","level":"info","message":"I2I DB Monitor ProfilerPrevHour@Count: 9.0000","timestamp":"2025-09-30T08:00:00.850Z"}
{"label":"i2i-db-monitor-service.js","level":"info","message":"I2I DB Monitor ProfilerPrevHour@ErrorCount: 0.0000","timestamp":"2025-09-30T08:00:00.850Z"}
{"label":"i2i-db-monitor-service.js","level":"info","message":"I2I DB Monitor ProfilerPrevHour@CountTimeout: 4.0000","timestamp":"2025-09-30T08:00:00.850Z"}
{"label":"i2i-db-monitor-service.js","level":"info","message":"I2I DB Monitor ProfilerPrevHour@AvgDuration: 8369852.8889","timestamp":"2025-09-30T08:00:00.850Z"}
{"label":"i2i-db-monitor-service.js","level":"info","message":"I2I DB Monitor ProfilerPrevHour@TotalDuration: 75328676.0000","timestamp":"2025-09-30T08:00:00.850Z"}
{"label":"i2i-db-monitor-service.js","level":"info","message":"I2I DB Monitor ProfilerPrevHour@AvgDurationTimeout: 30001216.5000","timestamp":"2025-09-30T08:00:00.850Z"}
{"label":"i2i-db-monitor-service.js","level":"info","message":"I2I DB Monitor ProfilerPrevHour@TotalDurationTiemout: 120004866.0000","timestamp":"2025-09-30T08:00:00.850Z"}
{"ProfilerLastHour_AvgDuration":0,"ProfilerLastHour_AvgDurationTimeout":0,"ProfilerLastHour_Count":0,"ProfilerLastHour_CountTimeout":0,"ProfilerLastHour_ErrorCount":0,"ProfilerLastHour_TotalCount":0,"ProfilerLastHour_TotalDuration":0,"ProfilerLastHour_TotalDurationTiemout":0,"ProfilerPrevHour_AvgDuration":8369852.888888889,"ProfilerPrevHour_AvgDurationTimeout":30001216.5,"ProfilerPrevHour_Count":9,"ProfilerPrevHour_CountTimeout":4,"ProfilerPrevHour_ErrorCount":0,"ProfilerPrevHour_TotalCount":13,"ProfilerPrevHour_TotalDuration":75328676,"ProfilerPrevHour_TotalDurationTiemout":120004866,"label":"i2i-db-monitor-service.js","level":"info","message":"I2I DB Monitor Results","timestamp":"2025-09-30T08:00:00.851Z"}
{"label":"i2i-client.js","level":"info","message":"Fetching auth token STANDARD for api","timestamp":"2025-09-30T08:00:00.970Z"}
{"label":"i2i-monitor-service.js","level":"info","message":"I2I Monitor UpdateParty: 0.4860","timestamp":"2025-09-30T08:00:01.195Z"}
{"label":"i2i-client.js","level":"info","message":"Fetching auth token STANDARD for api","timestamp":"2025-09-30T08:00:01.196Z"}
{"label":"i2i-monitor-service.js","level":"info","message":"I2I Monitor GetPolicy: 0.1062","timestamp":"2025-09-30T08:00:01.302Z"}
{"label":"i2i-client.js","level":"info","message":"Fetching auth token STANDARD for api","timestamp":"2025-09-30T08:00:01.302Z"}
{"label":"marketing-service-job.js","level":"info","message":"Got 0 items to synk","timestamp":"2025-09-30T08:00:01.344Z"}
{"label":"marketing-service-job.js","level":"info","message":"Marketing log written","timestamp":"2025-09-30T08:00:01.344Z"}
{"label":"marketing-service-job.js","level":"info","message":"Post duplicate removal 0 items to synk","timestamp":"2025-09-30T08:00:01.344Z"}
{"label":"marketing-service-job.js","level":"info","message":"No data to sync","timestamp":"2025-09-30T08:00:01.344Z"}
{"label":"i2i-monitor-service.js","level":"info","message":"I2I Monitor GetClaim: 0.1613","timestamp":"2025-09-30T08:00:01.463Z"}
{"label":"i2i-client.js","level":"info","message":"Fetching auth token STANDARD for api","timestamp":"2025-09-30T08:00:01.464Z"}
{"label":"i2i-client.js","level":"info","message":"Fetching auth token STANDARD for api","timestamp":"2025-09-30T08:00:01.633Z"}
{"label":"marketing-service-job.js","level":"info","message":"Got 0 items to synk","timestamp":"2025-09-30T08:00:02.207Z"}
{"label":"marketing-service-job.js","level":"info","message":"Marketing log written","timestamp":"2025-09-30T08:00:02.207Z"}
{"label":"marketing-service-job.js","level":"info","message":"Post duplicate removal 0 items to synk","timestamp":"2025-09-30T08:00:02.208Z"}
{"label":"marketing-service-job.js","level":"info","message":"No data to sync","timestamp":"2025-09-30T08:00:02.208Z"}
{"label":"i2i-monitor-service.js","level":"info","message":"I2I Monitor UpdateClaim: 2.5085","timestamp":"2025-09-30T08:00:03.972Z"}
{"label":"i2i-client.js","level":"info","message":"Fetching auth token STANDARD for api","timestamp":"2025-09-30T08:00:03.972Z"}
{"label":"i2i-monitor-service.js","level":"info","message":"I2I Monitor GetParty: 0.1315","timestamp":"2025-09-30T08:00:04.104Z"}
{"label":"i2i-client.js","level":"info","message":"Fetching auth token STANDARD for api","timestamp":"2025-09-30T08:00:04.104Z"}
{"label":"i2i-client.js","level":"info","message":"Fetching auth token STANDARD for api","timestamp":"2025-09-30T08:00:04.236Z"}
{"label":"i2i-client.js","level":"info","message":"Fetching auth token STANDARD for api","timestamp":"2025-09-30T08:00:04.339Z"}
{"label":"i2i-monitor-service.js","level":"info","message":"I2I Monitor UpdatePolicy: 21.9740","timestamp":"2025-09-30T08:00:26.078Z"}
{"GetClaim":0.161324956,"GetParty":0.131475753,"GetPolicy":0.106156723,"UpdateClaim":2.508510089,"UpdateParty":0.48602622300000003,"UpdatePolicy":21.974031436,"label":"i2i-monitor-service.js","level":"info","message":"I2I Monitor Results","timestamp":"2025-09-30T08:00:26.078Z"}
{"label":"i2i-client.js","level":"info","message":"Fetching auth token STANDARD for api","timestamp":"2025-09-30T08:05:00.208Z"}
{"label":"i2i-client.js","level":"info","message":"Fetching auth token STANDARD for api","timestamp":"2025-09-30T08:05:00.209Z"}
{"label":"i2i-client.js","level":"info","message":"Fetching auth token STANDARD for api","timestamp":"2025-09-30T08:05:00.311Z"}
{"label":"i2i-monitor-service.js","level":"info","message":"I2I Monitor UpdateParty: 0.1954","timestamp":"2025-09-30T08:05:00.404Z"}
{"label":"i2i-client.js","level":"info","message":"Fetching auth token STANDARD for api","timestamp":"2025-09-30T08:05:00.404Z"}
{"label":"i2i-monitor-service.js","level":"info","message":"I2I Monitor GetParty: 0.0965","timestamp":"2025-09-30T08:05:00.501Z"}
{"label":"i2i-client.js","level":"info","message":"Fetching auth token STANDARD for api","timestamp":"2025-09-30T08:05:00.501Z"}
{"label":"i2i-client.js","level":"info","message":"Fetching auth token STANDARD for api","timestamp":"2025-09-30T08:05:00.603Z"}
{"label":"i2i-client.js","level":"info","message":"Fetching auth token STANDARD for api","timestamp":"2025-09-30T08:05:00.700Z"}
{"label":"i2i-monitor-service.js","level":"info","message":"I2I Monitor UpdatePolicy: 17.0719","timestamp":"2025-09-30T08:05:17.573Z"}
{"label":"i2i-client.js","level":"info","message":"Fetching auth token STANDARD for api","timestamp":"2025-09-30T08:05:17.573Z"}
{"label":"i2i-monitor-service.js","level":"info","message":"I2I Monitor GetClaim: 0.1254","timestamp":"2025-09-30T08:05:17.699Z"}
{"label":"i2i-client.js","level":"info","message":"Fetching auth token STANDARD for api","timestamp":"2025-09-30T08:05:17.699Z"}
{"label":"i2i-monitor-service.js","level":"info","message":"I2I Monitor GetPolicy: 0.0924","timestamp":"2025-09-30T08:05:17.791Z"}
{"label":"i2i-client.js","level":"info","message":"Fetching auth token STANDARD for api","timestamp":"2025-09-30T08:05:17.791Z"}
{"label":"i2i-client.js","level":"info","message":"Fetching auth token STANDARD for api","timestamp":"2025-09-30T08:05:17.918Z"}
{"label":"i2i-monitor-service.js","level":"info","message":"I2I Monitor UpdateClaim: 1.6859","timestamp":"2025-09-30T08:05:19.477Z"}
{"GetClaim":0.125412187,"GetParty":0.096456031,"GetPolicy":0.09242618500000001,"UpdateClaim":1.685875263,"UpdateParty":0.195404136,"UpdatePolicy":17.071853767,"label":"i2i-monitor-service.js","level":"info","message":"I2I Monitor Results","timestamp":"2025-09-30T08:05:19.477Z"}
{"label":"i2i-client.js","level":"info","message":"Fetching auth token STANDARD for api","timestamp":"2025-09-30T08:10:00.614Z"}
{"label":"i2i-client.js","level":"info","message":"Fetching auth token STANDARD for api","timestamp":"2025-09-30T08:10:00.614Z"}
{"label":"marketing-service.js","level":"info","message":"Start job sommarkampanj-2025-dogs:sommarkampanj-2025","timestamp":"2025-09-30T08:10:00.623Z"}
{"label":"marketing-service-job.js","level":"info","message":"Starting JOB sommarkampanj-2025-dogs:sommarkampanj-2025","timestamp":"2025-09-30T08:10:00.624Z"}
{"label":"marketing-service.js","level":"info","message":"Start job sommarkampanj-2025-dogs:sommarkampanj-2025","timestamp":"2025-09-30T08:10:00.628Z"}
{"label":"marketing-service-job.js","level":"info","message":"Starting JOB sommarkampanj-2025-dogs:sommarkampanj-2025","timestamp":"2025-09-30T08:10:00.629Z"}
{"label":"i2i-monitor-service.js","level":"info","message":"I2I Monitor GetClaim: 0.3041","timestamp":"2025-09-30T08:10:00.918Z"}
{"label":"i2i-client.js","level":"info","message":"Fetching auth token STANDARD for api","timestamp":"2025-09-30T08:10:00.918Z"}
{"label":"i2i-client.js","level":"info","message":"Fetching auth token STANDARD for api","timestamp":"2025-09-30T08:10:01.044Z"}
{"label":"marketing-service-job.js","level":"info","message":"Got 0 items to synk","timestamp":"2025-09-30T08:10:01.102Z"}
{"label":"marketing-service-job.js","level":"info","message":"Marketing log written","timestamp":"2025-09-30T08:10:01.102Z"}
{"label":"marketing-service-job.js","level":"info","message":"Post duplicate removal 0 items to synk","timestamp":"2025-09-30T08:10:01.102Z"}
{"label":"marketing-service-job.js","level":"info","message":"No data to sync","timestamp":"2025-09-30T08:10:01.102Z"}
{"label":"i2i-client.js","level":"info","message":"Fetching auth token STANDARD for api","timestamp":"2025-09-30T08:10:01.172Z"}
{"label":"marketing-service-job.js","level":"info","message":"Got 0 items to synk","timestamp":"2025-09-30T08:10:01.198Z"}
{"label":"marketing-service-job.js","level":"info","message":"Marketing log written","timestamp":"2025-09-30T08:10:01.198Z"}
{"label":"marketing-service-job.js","level":"info","message":"Post duplicate removal 0 items to synk","timestamp":"2025-09-30T08:10:01.199Z"}
{"label":"marketing-service-job.js","level":"info","message":"No data to sync","timestamp":"2025-09-30T08:10:01.199Z"}
{"label":"i2i-monitor-service.js","level":"info","message":"I2I Monitor UpdatePolicy: 18.8737","timestamp":"2025-09-30T08:10:19.792Z"}
{"label":"i2i-client.js","level":"info","message":"Fetching auth token STANDARD for api","timestamp":"2025-09-30T08:10:19.792Z"}
{"label":"i2i-monitor-service.js","level":"info","message":"I2I Monitor GetParty: 0.0836","timestamp":"2025-09-30T08:10:19.876Z"}
{"label":"i2i-client.js","level":"info","message":"Fetching auth token STANDARD for api","timestamp":"2025-09-30T08:10:19.876Z"}
{"label":"i2i-client.js","level":"info","message":"Fetching auth token STANDARD for api","timestamp":"2025-09-30T08:10:20.293Z"}
{"label":"i2i-monitor-service.js","level":"info","message":"I2I Monitor UpdateParty: 0.6585","timestamp":"2025-09-30T08:10:20.534Z"}
{"label":"i2i-client.js","level":"info","message":"Fetching auth token STANDARD for api","timestamp":"2025-09-30T08:10:20.534Z"}
{"label":"i2i-monitor-service.js","level":"info","message":"I2I Monitor GetPolicy: 0.1144","timestamp":"2025-09-30T08:10:20.649Z"}
{"label":"i2i-client.js","level":"info","message":"Fetching auth token STANDARD for api","timestamp":"2025-09-30T08:10:20.649Z"}
{"label":"i2i-client.js","level":"info","message":"Fetching auth token STANDARD for api","timestamp":"2025-09-30T08:10:21.161Z"}
{"label":"i2i-monitor-service.js","level":"info","message":"I2I Monitor UpdateClaim: 2.0917","timestamp":"2025-09-30T08:10:22.741Z"}
{"GetClaim":0.30409582,"GetParty":0.083563755,"GetPolicy":0.114417592,"UpdateClaim":2.091695152,"UpdateParty":0.6585140669999999,"UpdatePolicy":18.873680009,"label":"i2i-monitor-service.js","level":"info","message":"I2I Monitor Results","timestamp":"2025-09-30T08:10:22.741Z"}
{"label":"i2i-client.js","level":"info","message":"Fetching auth token STANDARD for api","timestamp":"2025-09-30T08:15:00.012Z"}
{"label":"i2i-client.js","level":"info","message":"Fetching auth token STANDARD for api","timestamp":"2025-09-30T08:15:00.012Z"}
{"label":"i2i-client.js","level":"info","message":"Fetching auth token STANDARD for api","timestamp":"2025-09-30T08:15:00.117Z"}
{"label":"i2i-monitor-service.js","level":"info","message":"I2I Monitor UpdateParty: 0.1906","timestamp":"2025-09-30T08:15:00.203Z"}
{"label":"i2i-client.js","level":"info","message":"Fetching auth token STANDARD for api","timestamp":"2025-09-30T08:15:00.203Z"}
{"label":"i2i-monitor-service.js","level":"info","message":"I2I Monitor GetParty: 0.0758","timestamp":"2025-09-30T08:15:00.279Z"}
{"label":"i2i-client.js","level":"info","message":"Fetching auth token STANDARD for api","timestamp":"2025-09-30T08:15:00.279Z"}
{"label":"i2i-monitor-service.js","level":"info","message":"I2I Monitor GetPolicy: 0.0913","timestamp":"2025-09-30T08:15:00.370Z"}
{"label":"i2i-client.js","level":"info","message":"Fetching auth token STANDARD for api","timestamp":"2025-09-30T08:15:00.370Z"}
{"label":"i2i-monitor-service.js","level":"info","message":"I2I Monitor GetClaim: 0.1810","timestamp":"2025-09-30T08:15:00.552Z"}
{"label":"i2i-client.js","level":"info","message":"Fetching auth token STANDARD for api","timestamp":"2025-09-30T08:15:00.552Z"}
{"label":"i2i-client.js","level":"info","message":"Fetching auth token STANDARD for api","timestamp":"2025-09-30T08:15:00.669Z"}
{"label":"i2i-monitor-service.js","level":"info","message":"I2I Monitor UpdateClaim: 1.6187","timestamp":"2025-09-30T08:15:02.171Z"}
{"label":"i2i-client.js","level":"info","message":"Fetching auth token STANDARD for api","timestamp":"2025-09-30T08:15:02.171Z"}
{"label":"i2i-client.js","level":"info","message":"Fetching auth token STANDARD for api","timestamp":"2025-09-30T08:15:02.268Z"}
{"label":"i2i-client.js","level":"info","message":"Fetching auth token STANDARD for api","timestamp":"2025-09-30T08:15:02.358Z"}
{"label":"i2i-monitor-service.js","level":"info","message":"I2I Monitor UpdatePolicy: 18.1769","timestamp":"2025-09-30T08:15:20.348Z"}
{"GetClaim":0.181042429,"GetParty":0.075830122,"GetPolicy":0.091304529,"UpdateClaim":1.6187198779999998,"UpdateParty":0.190618018,"UpdatePolicy":18.17690339,"label":"i2i-monitor-service.js","level":"info","message":"I2I Monitor Results","timestamp":"2025-09-30T08:15:20.348Z"}
{"label":"i2i-client.js","level":"info","message":"Fetching auth token STANDARD for api","timestamp":"2025-09-30T08:20:00.540Z"}
{"label":"i2i-client.js","level":"info","message":"Fetching auth token STANDARD for api","timestamp":"2025-09-30T08:20:00.540Z"}
{"label":"marketing-service.js","level":"info","message":"Start job sommarkampanj-2025-dogs:sommarkampanj-2025","timestamp":"2025-09-30T08:20:00.558Z"}
{"label":"marketing-service-job.js","level":"info","message":"Starting JOB sommarkampanj-2025-dogs:sommarkampanj-2025","timestamp":"2025-09-30T08:20:00.558Z"}
{"label":"marketing-service.js","level":"info","message":"Start job sommarkampanj-2025-dogs:sommarkampanj-2025","timestamp":"2025-09-30T08:20:00.566Z"}
{"label":"marketing-service-job.js","level":"info","message":"Starting JOB sommarkampanj-2025-dogs:sommarkampanj-2025","timestamp":"2025-09-30T08:20:00.566Z"}
{"label":"i2i-client.js","level":"info","message":"Fetching auth token STANDARD for api","timestamp":"2025-09-30T08:20:00.869Z"}
{"label":"marketing-service-job.js","level":"info","message":"Got 0 items to synk","timestamp":"2025-09-30T08:20:00.990Z"}
{"label":"marketing-service-job.js","level":"info","message":"Marketing log written","timestamp":"2025-09-30T08:20:00.990Z"}
{"label":"marketing-service-job.js","level":"info","message":"Post duplicate removal 0 items to synk","timestamp":"2025-09-30T08:20:00.990Z"}
{"label":"marketing-service-job.js","level":"info","message":"No data to sync","timestamp":"2025-09-30T08:20:00.990Z"}
{"label":"marketing-service-job.js","level":"info","message":"Got 0 items to synk","timestamp":"2025-09-30T08:20:01.265Z"}
{"label":"marketing-service-job.js","level":"info","message":"Marketing log written","timestamp":"2025-09-30T08:20:01.265Z"}
{"label":"marketing-service-job.js","level":"info","message":"Post duplicate removal 0 items to synk","timestamp":"2025-09-30T08:20:01.265Z"}
{"label":"marketing-service-job.js","level":"info","message":"No data to sync","timestamp":"2025-09-30T08:20:01.265Z"}
{"label":"i2i-monitor-service.js","level":"info","message":"I2I Monitor UpdateClaim: 2.3721","timestamp":"2025-09-30T08:20:02.917Z"}
{"label":"i2i-client.js","level":"info","message":"Fetching auth token STANDARD for api","timestamp":"2025-09-30T08:20:02.917Z"}
{"label":"i2i-client.js","level":"info","message":"Fetching auth token STANDARD for api","timestamp":"2025-09-30T08:20:03.078Z"}
{"label":"i2i-monitor-service.js","level":"info","message":"I2I Monitor UpdateParty: 0.2972","timestamp":"2025-09-30T08:20:03.214Z"}
{"label":"i2i-client.js","level":"info","message":"Fetching auth token STANDARD for api","timestamp":"2025-09-30T08:20:03.215Z"}
{"label":"i2i-monitor-service.js","level":"info","message":"I2I Monitor GetClaim: 0.3850","timestamp":"2025-09-30T08:20:03.600Z"}
{"label":"i2i-client.js","level":"info","message":"Fetching auth token STANDARD for api","timestamp":"2025-09-30T08:20:03.600Z"}
{"label":"i2i-monitor-service.js","level":"info","message":"I2I Monitor GetPolicy: 0.3251","timestamp":"2025-09-30T08:20:03.925Z"}
{"label":"i2i-client.js","level":"info","message":"Fetching auth token STANDARD for api","timestamp":"2025-09-30T08:20:03.925Z"}
{"label":"i2i-monitor-service.js","level":"info","message":"I2I Monitor GetParty: 0.3899","timestamp":"2025-09-30T08:20:04.316Z"}
{"label":"i2i-client.js","level":"info","message":"Fetching auth token STANDARD for api","timestamp":"2025-09-30T08:20:04.317Z"}
{"label":"i2i-client.js","level":"info","message":"Fetching auth token STANDARD for api","timestamp":"2025-09-30T08:20:04.618Z"}
{"label":"i2i-client.js","level":"info","message":"Fetching auth token STANDARD for api","timestamp":"2025-09-30T08:20:04.948Z"}
{"label":"i2i-monitor-service.js","level":"info","message":"I2I Monitor UpdatePolicy: 27.3967","timestamp":"2025-09-30T08:20:31.713Z"}
{"GetClaim":0.38500230199999996,"GetParty":0.3899386,"GetPolicy":0.325108993,"UpdateClaim":2.3720886730000004,"UpdateParty":0.297237058,"UpdatePolicy":27.396717681,"label":"i2i-monitor-service.js","level":"info","message":"I2I Monitor Results","timestamp":"2025-09-30T08:20:31.714Z"}
{"label":"i2i-client.js","level":"info","message":"Fetching auth token STANDARD for api","timestamp":"2025-09-30T08:25:00.140Z"}
{"label":"i2i-client.js","level":"info","message":"Fetching auth token STANDARD for api","timestamp":"2025-09-30T08:25:00.140Z"}
{"label":"i2i-client.js","level":"info","message":"Fetching auth token STANDARD for api","timestamp":"2025-09-30T08:25:00.620Z"}
{"label":"i2i-client.js","level":"info","message":"Fetching auth token STANDARD for api","timestamp":"2025-09-30T08:25:00.815Z"}
{"label":"i2i-monitor-service.js","level":"info","message":"I2I Monitor UpdatePolicy: 31.4273","timestamp":"2025-09-30T08:25:31.568Z"}
{"label":"i2i-client.js","level":"info","message":"Fetching auth token STANDARD for api","timestamp":"2025-09-30T08:25:31.568Z"}
{"label":"i2i-monitor-service.js","level":"info","message":"I2I Monitor GetClaim: 0.1179","timestamp":"2025-09-30T08:25:31.686Z"}
{"label":"i2i-client.js","level":"info","message":"Fetching auth token STANDARD for api","timestamp":"2025-09-30T08:25:31.686Z"}
{"label":"i2i-client.js","level":"info","message":"Fetching auth token STANDARD for api","timestamp":"2025-09-30T08:25:31.822Z"}
{"label":"i2i-monitor-service.js","level":"info","message":"I2I Monitor UpdateClaim: 1.4427","timestamp":"2025-09-30T08:25:33.128Z"}
{"label":"i2i-client.js","level":"info","message":"Fetching auth token STANDARD for api","timestamp":"2025-09-30T08:25:33.129Z"}
{"label":"i2i-monitor-service.js","level":"info","message":"I2I Monitor GetParty: 0.0861","timestamp":"2025-09-30T08:25:33.215Z"}
{"label":"i2i-client.js","level":"info","message":"Fetching auth token STANDARD for api","timestamp":"2025-09-30T08:25:33.215Z"}
{"label":"i2i-monitor-service.js","level":"info","message":"I2I Monitor GetPolicy: 0.0923","timestamp":"2025-09-30T08:25:33.307Z"}
{"label":"i2i-client.js","level":"info","message":"Fetching auth token STANDARD for api","timestamp":"2025-09-30T08:25:33.307Z"}
{"label":"i2i-client.js","level":"info","message":"Fetching auth token STANDARD for api","timestamp":"2025-09-30T08:25:33.387Z"}
{"label":"i2i-monitor-service.js","level":"info","message":"I2I Monitor UpdateParty: 0.1678","timestamp":"2025-09-30T08:25:33.475Z"}
{"GetClaim":0.11788346300000001,"GetParty":0.086102755,"GetPolicy":0.092292602,"UpdateClaim":1.4426756,"UpdateParty":0.167798516,"UpdatePolicy":31.427265424,"label":"i2i-monitor-service.js","level":"info","message":"I2I Monitor Results","timestamp":"2025-09-30T08:25:33.475Z"}
{"label":"i2i-client.js","level":"info","message":"Fetching auth token STANDARD for api","timestamp":"2025-09-30T08:30:00.543Z"}
{"label":"i2i-client.js","level":"info","message":"Fetching auth token STANDARD for api","timestamp":"2025-09-30T08:30:00.543Z"}
{"label":"marketing-service.js","level":"info","message":"Start job sommarkampanj-2025-dogs:sommarkampanj-2025","timestamp":"2025-09-30T08:30:00.561Z"}
{"label":"marketing-service-job.js","level":"info","message":"Starting JOB sommarkampanj-2025-dogs:sommarkampanj-2025","timestamp":"2025-09-30T08:30:00.562Z"}
{"label":"marketing-service.js","level":"info","message":"Start job sommarkampanj-2025-dogs:sommarkampanj-2025","timestamp":"2025-09-30T08:30:00.563Z"}
{"label":"marketing-service-job.js","level":"info","message":"Starting JOB sommarkampanj-2025-dogs:sommarkampanj-2025","timestamp":"2025-09-30T08:30:00.563Z"}
{"label":"i2i-db-monitor-service.js","level":"info","message":"I2I DB Monitor ProfilerLastHour@Execution: 0.0328","timestamp":"2025-09-30T08:30:00.580Z"}
{"label":"i2i-db-monitor-service.js","level":"info","message":"I2I DB Monitor ProfilerLastHour@TotalCount: 0.0000","timestamp":"2025-09-30T08:30:00.580Z"}
{"label":"i2i-db-monitor-service.js","level":"info","message":"I2I DB Monitor ProfilerLastHour@Count: 0.0000","timestamp":"2025-09-30T08:30:00.580Z"}
{"label":"i2i-db-monitor-service.js","level":"info","message":"I2I DB Monitor ProfilerLastHour@ErrorCount: 0.0000","timestamp":"2025-09-30T08:30:00.580Z"}
{"label":"i2i-db-monitor-service.js","level":"info","message":"I2I DB Monitor ProfilerLastHour@CountTimeout: 0.0000","timestamp":"2025-09-30T08:30:00.580Z"}
{"label":"i2i-db-monitor-service.js","level":"info","message":"I2I DB Monitor ProfilerLastHour@AvgDuration: 0.0000","timestamp":"2025-09-30T08:30:00.580Z"}
{"label":"i2i-db-monitor-service.js","level":"info","message":"I2I DB Monitor ProfilerLastHour@TotalDuration: 0.0000","timestamp":"2025-09-30T08:30:00.580Z"}
{"label":"i2i-db-monitor-service.js","level":"info","message":"I2I DB Monitor ProfilerLastHour@AvgDurationTimeout: 0.0000","timestamp":"2025-09-30T08:30:00.580Z"}
{"label":"i2i-db-monitor-service.js","level":"info","message":"I2I DB Monitor ProfilerLastHour@TotalDurationTiemout: 0.0000","timestamp":"2025-09-30T08:30:00.580Z"}
{"label":"i2i-db-monitor-service.js","level":"info","message":"I2I DB Monitor ProfilerPrevHour@Execution: 0.0180","timestamp":"2025-09-30T08:30:00.598Z"}
{"label":"i2i-db-monitor-service.js","level":"info","message":"I2I DB Monitor ProfilerPrevHour@TotalCount: 5.0000","timestamp":"2025-09-30T08:30:00.599Z"}
{"label":"i2i-db-monitor-service.js","level":"info","message":"I2I DB Monitor ProfilerPrevHour@Count: 5.0000","timestamp":"2025-09-30T08:30:00.599Z"}
{"label":"i2i-db-monitor-service.js","level":"info","message":"I2I DB Monitor ProfilerPrevHour@ErrorCount: 0.0000","timestamp":"2025-09-30T08:30:00.599Z"}
{"label":"i2i-db-monitor-service.js","level":"info","message":"I2I DB Monitor ProfilerPrevHour@CountTimeout: 0.0000","timestamp":"2025-09-30T08:30:00.599Z"}
{"label":"i2i-db-monitor-service.js","level":"info","message":"I2I DB Monitor ProfilerPrevHour@AvgDuration: 7537396.0000","timestamp":"2025-09-30T08:30:00.599Z"}
{"label":"i2i-db-monitor-service.js","level":"info","message":"I2I DB Monitor ProfilerPrevHour@TotalDuration: 37686980.0000","timestamp":"2025-09-30T08:30:00.599Z"}
{"label":"i2i-db-monitor-service.js","level":"info","message":"I2I DB Monitor ProfilerPrevHour@AvgDurationTimeout: 0.0000","timestamp":"2025-09-30T08:30:00.599Z"}
{"label":"i2i-db-monitor-service.js","level":"info","message":"I2I DB Monitor ProfilerPrevHour@TotalDurationTiemout: 0.0000","timestamp":"2025-09-30T08:30:00.599Z"}
{"ProfilerLastHour_AvgDuration":0,"ProfilerLastHour_AvgDurationTimeout":0,"ProfilerLastHour_Count":0,"ProfilerLastHour_CountTimeout":0,"ProfilerLastHour_ErrorCount":0,"ProfilerLastHour_TotalCount":0,"ProfilerLastHour_TotalDuration":0,"ProfilerLastHour_TotalDurationTiemout":0,"ProfilerPrevHour_AvgDuration":7537396,"ProfilerPrevHour_AvgDurationTimeout":0,"ProfilerPrevHour_Count":5,"ProfilerPrevHour_CountTimeout":0,"ProfilerPrevHour_ErrorCount":0,"ProfilerPrevHour_TotalCount":5,"ProfilerPrevHour_TotalDuration":37686980,"ProfilerPrevHour_TotalDurationTiemout":0,"label":"i2i-db-monitor-service.js","level":"info","message":"I2I DB Monitor Results","timestamp":"2025-09-30T08:30:00.599Z"}
{"label":"i2i-client.js","level":"info","message":"Fetching auth token STANDARD for api","timestamp":"2025-09-30T08:30:00.766Z"}
{"label":"marketing-service-job.js","level":"info","message":"Got 0 items to synk","timestamp":"2025-09-30T08:30:00.890Z"}
{"label":"marketing-service-job.js","level":"info","message":"Marketing log written","timestamp":"2025-09-30T08:30:00.890Z"}
{"label":"marketing-service-job.js","level":"info","message":"Post duplicate removal 0 items to synk","timestamp":"2025-09-30T08:30:00.890Z"}
{"label":"marketing-service-job.js","level":"info","message":"No data to sync","timestamp":"2025-09-30T08:30:00.890Z"}
{"label":"marketing-service-job.js","level":"info","message":"Got 0 items to synk","timestamp":"2025-09-30T08:30:00.922Z"}
{"label":"marketing-service-job.js","level":"info","message":"Marketing log written","timestamp":"2025-09-30T08:30:00.922Z"}
{"label":"marketing-service-job.js","level":"info","message":"Post duplicate removal 0 items to synk","timestamp":"2025-09-30T08:30:00.922Z"}
{"label":"marketing-service-job.js","level":"info","message":"No data to sync","timestamp":"2025-09-30T08:30:00.922Z"}
{"label":"i2i-monitor-service.js","level":"info","message":"I2I Monitor UpdateClaim: 2.3562","timestamp":"2025-09-30T08:30:02.900Z"}
{"label":"i2i-client.js","level":"info","message":"Fetching auth token STANDARD for api","timestamp":"2025-09-30T08:30:02.900Z"}
{"label":"i2i-client.js","level":"info","message":"Fetching auth token STANDARD for api","timestamp":"2025-09-30T08:30:03.032Z"}
{"label":"i2i-client.js","level":"info","message":"Fetching auth token STANDARD for api","timestamp":"2025-09-30T08:30:03.131Z"}
{"label":"i2i-monitor-service.js","level":"info","message":"I2I Monitor UpdatePolicy: 29.0478","timestamp":"2025-09-30T08:30:31.948Z"}
{"label":"i2i-client.js","level":"info","message":"Fetching auth token STANDARD for api","timestamp":"2025-09-30T08:30:31.948Z"}
{"label":"i2i-monitor-service.js","level":"info","message":"I2I Monitor GetParty: 0.0951","timestamp":"2025-09-30T08:30:32.043Z"}
{"label":"i2i-client.js","level":"info","message":"Fetching auth token STANDARD for api","timestamp":"2025-09-30T08:30:32.043Z"}
{"label":"i2i-client.js","level":"info","message":"Fetching auth token STANDARD for api","timestamp":"2025-09-30T08:30:32.171Z"}
{"label":"i2i-monitor-service.js","level":"info","message":"I2I Monitor UpdateParty: 0.2721","timestamp":"2025-09-30T08:30:32.315Z"}
{"label":"i2i-client.js","level":"info","message":"Fetching auth token STANDARD for api","timestamp":"2025-09-30T08:30:32.316Z"}
{"label":"i2i-monitor-service.js","level":"info","message":"I2I Monitor GetClaim: 0.2126","timestamp":"2025-09-30T08:30:32.528Z"}
{"label":"i2i-client.js","level":"info","message":"Fetching auth token STANDARD for api","timestamp":"2025-09-30T08:30:32.528Z"}
{"label":"i2i-monitor-service.js","level":"info","message":"I2I Monitor GetPolicy: 0.1325","timestamp":"2025-09-30T08:30:32.661Z"}
{"GetClaim":0.21257576,"GetParty":0.095098563,"GetPolicy":0.132536836,"UpdateClaim":2.3562013040000003,"UpdateParty":0.27207578,"UpdatePolicy":29.047752646,"label":"i2i-monitor-service.js","level":"info","message":"I2I Monitor Results","timestamp":"2025-09-30T08:30:32.661Z"}
{"label":"i2i-client.js","level":"info","message":"Fetching auth token STANDARD for api","timestamp":"2025-09-30T08:35:00.186Z"}
{"label":"i2i-client.js","level":"info","message":"Fetching auth token STANDARD for api","timestamp":"2025-09-30T08:35:00.187Z"}
{"label":"i2i-monitor-service.js","level":"info","message":"I2I Monitor GetParty: 0.0956","timestamp":"2025-09-30T08:35:00.282Z"}
{"label":"i2i-client.js","level":"info","message":"Fetching auth token STANDARD for api","timestamp":"2025-09-30T08:35:00.283Z"}
{"label":"i2i-monitor-service.js","level":"info","message":"I2I Monitor GetClaim: 0.1610","timestamp":"2025-09-30T08:35:00.444Z"}
{"label":"i2i-client.js","level":"info","message":"Fetching auth token STANDARD for api","timestamp":"2025-09-30T08:35:00.444Z"}
{"label":"i2i-client.js","level":"info","message":"Fetching auth token STANDARD for api","timestamp":"2025-09-30T08:35:00.538Z"}
{"label":"i2i-client.js","level":"info","message":"Fetching auth token STANDARD for api","timestamp":"2025-09-30T08:35:00.625Z"}
{"label":"i2i-monitor-service.js","level":"info","message":"I2I Monitor UpdatePolicy: 22.5566","timestamp":"2025-09-30T08:35:23.000Z"}
{"label":"i2i-client.js","level":"info","message":"Fetching auth token STANDARD for api","timestamp":"2025-09-30T08:35:23.000Z"}
{"label":"i2i-client.js","level":"info","message":"Fetching auth token STANDARD for api","timestamp":"2025-09-30T08:35:23.155Z"}
{"label":"i2i-monitor-service.js","level":"info","message":"I2I Monitor UpdateClaim: 2.7540","timestamp":"2025-09-30T08:35:25.754Z"}
{"label":"i2i-client.js","level":"info","message":"Fetching auth token STANDARD for api","timestamp":"2025-09-30T08:35:25.755Z"}
{"label":"i2i-monitor-service.js","level":"info","message":"I2I Monitor GetPolicy: 0.1065","timestamp":"2025-09-30T08:35:25.861Z"}
{"label":"i2i-client.js","level":"info","message":"Fetching auth token STANDARD for api","timestamp":"2025-09-30T08:35:25.861Z"}
{"label":"i2i-client.js","level":"info","message":"Fetching auth token STANDARD for api","timestamp":"2025-09-30T08:35:25.981Z"}
{"label":"i2i-monitor-service.js","level":"info","message":"I2I Monitor UpdateParty: 0.2348","timestamp":"2025-09-30T08:35:26.096Z"}
{"GetClaim":0.161017261,"GetParty":0.09563268,"GetPolicy":0.10648833,"UpdateClaim":2.7540280590000004,"UpdateParty":0.23480630600000002,"UpdatePolicy":22.556558818000003,"label":"i2i-monitor-service.js","level":"info","message":"I2I Monitor Results","timestamp":"2025-09-30T08:35:26.096Z"}
{"label":"i2i-client.js","level":"info","message":"Fetching auth token STANDARD for api","timestamp":"2025-09-30T08:40:00.728Z"}
{"label":"i2i-client.js","level":"info","message":"Fetching auth token STANDARD for api","timestamp":"2025-09-30T08:40:00.728Z"}
{"label":"marketing-service.js","level":"info","message":"Start job sommarkampanj-2025-dogs:sommarkampanj-2025","timestamp":"2025-09-30T08:40:00.737Z"}
{"label":"marketing-service-job.js","level":"info","message":"Starting JOB sommarkampanj-2025-dogs:sommarkampanj-2025","timestamp":"2025-09-30T08:40:00.737Z"}
{"label":"marketing-service.js","level":"info","message":"Start job sommarkampanj-2025-dogs:sommarkampanj-2025","timestamp":"2025-09-30T08:40:00.738Z"}
{"label":"marketing-service-job.js","level":"info","message":"Starting JOB sommarkampanj-2025-dogs:sommarkampanj-2025","timestamp":"2025-09-30T08:40:00.738Z"}
{"label":"i2i-monitor-service.js","level":"info","message":"I2I Monitor GetParty: 0.1813","timestamp":"2025-09-30T08:40:00.910Z"}
{"label":"i2i-client.js","level":"info","message":"Fetching auth token STANDARD for api","timestamp":"2025-09-30T08:40:00.910Z"}
{"label":"marketing-service-job.js","level":"info","message":"Got 0 items to synk","timestamp":"2025-09-30T08:40:01.026Z"}
{"label":"marketing-service-job.js","level":"info","message":"Marketing log written","timestamp":"2025-09-30T08:40:01.026Z"}
{"label":"marketing-service-job.js","level":"info","message":"Post duplicate removal 0 items to synk","timestamp":"2025-09-30T08:40:01.026Z"}
{"label":"marketing-service-job.js","level":"info","message":"No data to sync","timestamp":"2025-09-30T08:40:01.026Z"}
{"label":"i2i-client.js","level":"info","message":"Fetching auth token STANDARD for api","timestamp":"2025-09-30T08:40:01.136Z"}
{"label":"marketing-service-job.js","level":"info","message":"Got 0 items to synk","timestamp":"2025-09-30T08:40:01.570Z"}
{"label":"marketing-service-job.js","level":"info","message":"Marketing log written","timestamp":"2025-09-30T08:40:01.570Z"}
{"label":"marketing-service-job.js","level":"info","message":"Post duplicate removal 0 items to synk","timestamp":"2025-09-30T08:40:01.570Z"}
{"label":"marketing-service-job.js","level":"info","message":"No data to sync","timestamp":"2025-09-30T08:40:01.570Z"}
{"label":"i2i-monitor-service.js","level":"info","message":"I2I Monitor UpdateClaim: 4.2806","timestamp":"2025-09-30T08:40:05.191Z"}
{"label":"i2i-client.js","level":"info","message":"Fetching auth token STANDARD for api","timestamp":"2025-09-30T08:40:05.191Z"}
{"label":"i2i-client.js","level":"info","message":"Fetching auth token STANDARD for api","timestamp":"2025-09-30T08:40:05.331Z"}
{"label":"i2i-monitor-service.js","level":"info","message":"I2I Monitor UpdateParty: 0.2907","timestamp":"2025-09-30T08:40:05.481Z"}
{"label":"i2i-client.js","level":"info","message":"Fetching auth token STANDARD for api","timestamp":"2025-09-30T08:40:05.482Z"}
{"label":"i2i-monitor-service.js","level":"info","message":"I2I Monitor GetPolicy: 0.1498","timestamp":"2025-09-30T08:40:05.631Z"}
{"label":"i2i-client.js","level":"info","message":"Fetching auth token STANDARD for api","timestamp":"2025-09-30T08:40:05.632Z"}
{"label":"i2i-client.js","level":"info","message":"Fetching auth token STANDARD for api","timestamp":"2025-09-30T08:40:05.745Z"}
{"label":"i2i-client.js","level":"info","message":"Fetching auth token STANDARD for api","timestamp":"2025-09-30T08:40:05.834Z"}
{"label":"i2i-monitor-service.js","level":"info","message":"I2I Monitor UpdatePolicy: 22.0210","timestamp":"2025-09-30T08:40:27.653Z"}
{"label":"i2i-client.js","level":"info","message":"Fetching auth token STANDARD for api","timestamp":"2025-09-30T08:40:27.653Z"}
{"label":"i2i-monitor-service.js","level":"info","message":"I2I Monitor GetClaim: 0.2082","timestamp":"2025-09-30T08:40:27.861Z"}
{"GetClaim":0.208241438,"GetParty":0.181300406,"GetPolicy":0.149839064,"UpdateClaim":4.2806481530000005,"UpdateParty":0.290662874,"UpdatePolicy":22.021045672,"label":"i2i-monitor-service.js","level":"info","message":"I2I Monitor Results","timestamp":"2025-09-30T08:40:27.861Z"}
{"label":"i2i-client.js","level":"info","message":"Fetching auth token STANDARD for api","timestamp":"2025-09-30T08:45:00.115Z"}
{"label":"i2i-client.js","level":"info","message":"Fetching auth token STANDARD for api","timestamp":"2025-09-30T08:45:00.115Z"}
{"label":"i2i-client.js","level":"info","message":"Fetching auth token STANDARD for api","timestamp":"2025-09-30T08:45:00.216Z"}
{"label":"i2i-client.js","level":"info","message":"Fetching auth token STANDARD for api","timestamp":"2025-09-30T08:45:00.307Z"}
{"label":"i2i-monitor-service.js","level":"info","message":"I2I Monitor UpdatePolicy: 28.2918","timestamp":"2025-09-30T08:45:28.407Z"}
{"label":"i2i-client.js","level":"info","message":"Fetching auth token STANDARD for api","timestamp":"2025-09-30T08:45:28.407Z"}
{"label":"i2i-monitor-service.js","level":"info","message":"I2I Monitor GetParty: 0.0798","timestamp":"2025-09-30T08:45:28.487Z"}
{"label":"i2i-client.js","level":"info","message":"Fetching auth token STANDARD for api","timestamp":"2025-09-30T08:45:28.487Z"}
{"label":"i2i-monitor-service.js","level":"info","message":"I2I Monitor GetClaim: 0.1201","timestamp":"2025-09-30T08:45:28.608Z"}
{"label":"i2i-client.js","level":"info","message":"Fetching auth token STANDARD for api","timestamp":"2025-09-30T08:45:28.609Z"}
{"label":"i2i-client.js","level":"info","message":"Fetching auth token STANDARD for api","timestamp":"2025-09-30T08:45:28.739Z"}
{"label":"i2i-monitor-service.js","level":"info","message":"I2I Monitor UpdateClaim: 2.9579","timestamp":"2025-09-30T08:45:31.567Z"}
{"label":"i2i-client.js","level":"info","message":"Fetching auth token STANDARD for api","timestamp":"2025-09-30T08:45:31.567Z"}
{"label":"i2i-monitor-service.js","level":"info","message":"I2I Monitor GetPolicy: 0.0905","timestamp":"2025-09-30T08:45:31.657Z"}
{"label":"i2i-client.js","level":"info","message":"Fetching auth token STANDARD for api","timestamp":"2025-09-30T08:45:31.657Z"}
{"label":"i2i-client.js","level":"info","message":"Fetching auth token STANDARD for api","timestamp":"2025-09-30T08:45:31.737Z"}
{"label":"i2i-monitor-service.js","level":"info","message":"I2I Monitor UpdateParty: 0.1714","timestamp":"2025-09-30T08:45:31.829Z"}
{"GetClaim":0.120076753,"GetParty":0.079832134,"GetPolicy":0.090467919,"UpdateClaim":2.957922277,"UpdateParty":0.171412653,"UpdatePolicy":28.291849635,"label":"i2i-monitor-service.js","level":"info","message":"I2I Monitor Results","timestamp":"2025-09-30T08:45:31.829Z"}
{"label":"i2i-client.js","level":"info","message":"Fetching auth token STANDARD for api","timestamp":"2025-09-30T08:50:00.497Z"}
{"label":"i2i-client.js","level":"info","message":"Fetching auth token STANDARD for api","timestamp":"2025-09-30T08:50:00.497Z"}
{"label":"marketing-service.js","level":"info","message":"Start job sommarkampanj-2025-dogs:sommarkampanj-2025","timestamp":"2025-09-30T08:50:00.511Z"}
{"label":"marketing-service-job.js","level":"info","message":"Starting JOB sommarkampanj-2025-dogs:sommarkampanj-2025","timestamp":"2025-09-30T08:50:00.511Z"}
{"label":"marketing-service.js","level":"info","message":"Start job sommarkampanj-2025-dogs:sommarkampanj-2025","timestamp":"2025-09-30T08:50:00.514Z"}
{"label":"marketing-service-job.js","level":"info","message":"Starting JOB sommarkampanj-2025-dogs:sommarkampanj-2025","timestamp":"2025-09-30T08:50:00.514Z"}
{"label":"i2i-monitor-service.js","level":"info","message":"I2I Monitor GetParty: 0.1332","timestamp":"2025-09-30T08:50:00.630Z"}
{"label":"i2i-client.js","level":"info","message":"Fetching auth token STANDARD for api","timestamp":"2025-09-30T08:50:00.630Z"}
{"label":"i2i-monitor-service.js","level":"info","message":"I2I Monitor GetPolicy: 0.1535","timestamp":"2025-09-30T08:50:00.784Z"}
{"label":"i2i-client.js","level":"info","message":"Fetching auth token STANDARD for api","timestamp":"2025-09-30T08:50:00.784Z"}
{"label":"i2i-client.js","level":"info","message":"Fetching auth token STANDARD for api","timestamp":"2025-09-30T08:50:01.211Z"}
{"label":"marketing-service-job.js","level":"info","message":"Got 0 items to synk","timestamp":"2025-09-30T08:50:01.445Z"}
{"label":"marketing-service-job.js","level":"info","message":"Marketing log written","timestamp":"2025-09-30T08:50:01.445Z"}
{"label":"marketing-service-job.js","level":"info","message":"Post duplicate removal 0 items to synk","timestamp":"2025-09-30T08:50:01.445Z"}
{"label":"marketing-service-job.js","level":"info","message":"No data to sync","timestamp":"2025-09-30T08:50:01.445Z"}
{"label":"marketing-service-job.js","level":"info","message":"Got 0 items to synk","timestamp":"2025-09-30T08:50:02.606Z"}
{"label":"marketing-service-job.js","level":"info","message":"Marketing log written","timestamp":"2025-09-30T08:50:02.606Z"}
{"label":"marketing-service-job.js","level":"info","message":"Post duplicate removal 0 items to synk","timestamp":"2025-09-30T08:50:02.606Z"}
{"label":"marketing-service-job.js","level":"info","message":"No data to sync","timestamp":"2025-09-30T08:50:02.606Z"}
{"label":"i2i-monitor-service.js","level":"info","message":"I2I Monitor UpdateClaim: 4.4893","timestamp":"2025-09-30T08:50:05.273Z"}
{"label":"i2i-client.js","level":"info","message":"Fetching auth token STANDARD for api","timestamp":"2025-09-30T08:50:05.274Z"}
{"label":"i2i-client.js","level":"info","message":"Fetching auth token STANDARD for api","timestamp":"2025-09-30T08:50:05.352Z"}
{"label":"i2i-monitor-service.js","level":"info","message":"I2I Monitor UpdateParty: 0.1748","timestamp":"2025-09-30T08:50:05.448Z"}
{"label":"i2i-client.js","level":"info","message":"Fetching auth token STANDARD for api","timestamp":"2025-09-30T08:50:05.449Z"}
{"label":"i2i-monitor-service.js","level":"info","message":"I2I Monitor GetClaim: 0.1901","timestamp":"2025-09-30T08:50:05.639Z"}
{"label":"i2i-client.js","level":"info","message":"Fetching auth token STANDARD for api","timestamp":"2025-09-30T08:50:05.639Z"}
{"label":"i2i-client.js","level":"info","message":"Fetching auth token STANDARD for api","timestamp":"2025-09-30T08:50:05.784Z"}
{"label":"i2i-client.js","level":"info","message":"Fetching auth token STANDARD for api","timestamp":"2025-09-30T08:50:06.025Z"}
{"label":"i2i-monitor-service.js","level":"info","message":"I2I Monitor UpdatePolicy: 32.0068","timestamp":"2025-09-30T08:50:37.646Z"}
{"GetClaim":0.190096208,"GetParty":0.133224144,"GetPolicy":0.153452412,"UpdateClaim":4.489264651,"UpdateParty":0.174816639,"UpdatePolicy":32.006811468,"label":"i2i-monitor-service.js","level":"info","message":"I2I Monitor Results","timestamp":"2025-09-30T08:50:37.646Z"}
{"label":"i2i-client.js","level":"info","message":"Fetching auth token STANDARD for api","timestamp":"2025-09-30T08:55:00.872Z"}
{"label":"i2i-client.js","level":"info","message":"Fetching auth token STANDARD for api","timestamp":"2025-09-30T08:55:00.872Z"}
{"label":"i2i-client.js","level":"info","message":"Fetching auth token STANDARD for api","timestamp":"2025-09-30T08:55:01.019Z"}
{"label":"i2i-client.js","level":"info","message":"Fetching auth token STANDARD for api","timestamp":"2025-09-30T08:55:01.135Z"}
{"label":"i2i-monitor-service.js","level":"info","message":"I2I Monitor UpdatePolicy: 18.8122","timestamp":"2025-09-30T08:55:19.685Z"}
{"label":"i2i-client.js","level":"info","message":"Fetching auth token STANDARD for api","timestamp":"2025-09-30T08:55:19.685Z"}
{"label":"i2i-monitor-service.js","level":"info","message":"I2I Monitor GetParty: 0.1126","timestamp":"2025-09-30T08:55:19.797Z"}
{"label":"i2i-client.js","level":"info","message":"Fetching auth token STANDARD for api","timestamp":"2025-09-30T08:55:19.798Z"}
{"label":"i2i-client.js","level":"info","message":"Fetching auth token STANDARD for api","timestamp":"2025-09-30T08:55:19.880Z"}
{"label":"i2i-monitor-service.js","level":"info","message":"I2I Monitor UpdateParty: 0.2342","timestamp":"2025-09-30T08:55:20.032Z"}
{"label":"i2i-client.js","level":"info","message":"Fetching auth token STANDARD for api","timestamp":"2025-09-30T08:55:20.032Z"}
{"label":"i2i-monitor-service.js","level":"info","message":"I2I Monitor GetPolicy: 0.1431","timestamp":"2025-09-30T08:55:20.175Z"}
{"label":"i2i-client.js","level":"info","message":"Fetching auth token STANDARD for api","timestamp":"2025-09-30T08:55:20.175Z"}
{"label":"i2i-monitor-service.js","level":"info","message":"I2I Monitor GetClaim: 0.1500","timestamp":"2025-09-30T08:55:20.325Z"}
{"label":"i2i-client.js","level":"info","message":"Fetching auth token STANDARD for api","timestamp":"2025-09-30T08:55:20.325Z"}
{"label":"i2i-client.js","level":"info","message":"Fetching auth token STANDARD for api","timestamp":"2025-09-30T08:55:20.455Z"}
{"label":"i2i-monitor-service.js","level":"info","message":"I2I Monitor UpdateClaim: 1.9175","timestamp":"2025-09-30T08:55:22.243Z"}
{"GetClaim":0.150028836,"GetParty":0.11261275999999999,"GetPolicy":0.14307783100000002,"UpdateClaim":1.917520198,"UpdateParty":0.23421857299999999,"UpdatePolicy":18.812157097,"label":"i2i-monitor-service.js","level":"info","message":"I2I Monitor Results","timestamp":"2025-09-30T08:55:22.243Z"}
{"label":"marketing-service.js","level":"info","message":"Start job new-dogs-vetplan:new-dogs-vetplan","timestamp":"2025-09-30T09:00:00.236Z"}
{"label":"marketing-service-job.js","level":"info","message":"Starting JOB new-dogs-vetplan:new-dogs-vetplan","timestamp":"2025-09-30T09:00:00.236Z"}
{"label":"i2i-client.js","level":"info","message":"Fetching auth token STANDARD for api","timestamp":"2025-09-30T09:00:00.244Z"}
{"label":"i2i-client.js","level":"info","message":"Fetching auth token STANDARD for api","timestamp":"2025-09-30T09:00:00.245Z"}
{"label":"marketing-service.js","level":"info","message":"Start job sommarkampanj-2025-dogs:sommarkampanj-2025","timestamp":"2025-09-30T09:00:00.271Z"}
{"label":"marketing-service-job.js","level":"info","message":"Starting JOB sommarkampanj-2025-dogs:sommarkampanj-2025","timestamp":"2025-09-30T09:00:00.272Z"}
{"label":"marketing-service.js","level":"info","message":"Start job sommarkampanj-2025-dogs:sommarkampanj-2025","timestamp":"2025-09-30T09:00:00.273Z"}
{"label":"marketing-service-job.js","level":"info","message":"Starting JOB sommarkampanj-2025-dogs:sommarkampanj-2025","timestamp":"2025-09-30T09:00:00.273Z"}
{"label":"i2i-db-monitor-service.js","level":"info","message":"I2I DB Monitor ProfilerLastHour@Execution: 0.1154","timestamp":"2025-09-30T09:00:00.370Z"}
{"label":"i2i-db-monitor-service.js","level":"info","message":"I2I DB Monitor ProfilerLastHour@TotalCount: 78.0000","timestamp":"2025-09-30T09:00:00.370Z"}
{"label":"i2i-db-monitor-service.js","level":"info","message":"I2I DB Monitor ProfilerLastHour@Count: 78.0000","timestamp":"2025-09-30T09:00:00.370Z"}
{"label":"i2i-db-monitor-service.js","level":"info","message":"I2I DB Monitor ProfilerLastHour@ErrorCount: 0.0000","timestamp":"2025-09-30T09:00:00.370Z"}
{"label":"i2i-db-monitor-service.js","level":"info","message":"I2I DB Monitor ProfilerLastHour@CountTimeout: 0.0000","timestamp":"2025-09-30T09:00:00.370Z"}
{"label":"i2i-db-monitor-service.js","level":"info","message":"I2I DB Monitor ProfilerLastHour@AvgDuration: 8402507.2949","timestamp":"2025-09-30T09:00:00.370Z"}
{"label":"i2i-db-monitor-service.js","level":"info","message":"I2I DB Monitor ProfilerLastHour@TotalDuration: 655395569.0000","timestamp":"2025-09-30T09:00:00.370Z"}
{"label":"i2i-db-monitor-service.js","level":"info","message":"I2I DB Monitor ProfilerLastHour@AvgDurationTimeout: 0.0000","timestamp":"2025-09-30T09:00:00.370Z"}
{"label":"i2i-db-monitor-service.js","level":"info","message":"I2I DB Monitor ProfilerLastHour@TotalDurationTiemout: 0.0000","timestamp":"2025-09-30T09:00:00.370Z"}
{"label":"i2i-db-monitor-service.js","level":"info","message":"I2I DB Monitor ProfilerPrevHour@Execution: 0.0300","timestamp":"2025-09-30T09:00:00.400Z"}
{"label":"i2i-db-monitor-service.js","level":"info","message":"I2I DB Monitor ProfilerPrevHour@TotalCount: 56.0000","timestamp":"2025-09-30T09:00:00.400Z"}
{"label":"i2i-db-monitor-service.js","level":"info","message":"I2I DB Monitor ProfilerPrevHour@Count: 54.0000","timestamp":"2025-09-30T09:00:00.400Z"}
{"label":"i2i-db-monitor-service.js","level":"info","message":"I2I DB Monitor ProfilerPrevHour@ErrorCount: 0.0000","timestamp":"2025-09-30T09:00:00.400Z"}
{"label":"i2i-db-monitor-service.js","level":"info","message":"I2I DB Monitor ProfilerPrevHour@CountTimeout: 2.0000","timestamp":"2025-09-30T09:00:00.400Z"}
{"label":"i2i-db-monitor-service.js","level":"info","message":"I2I DB Monitor ProfilerPrevHour@AvgDuration: 7781467.0926","timestamp":"2025-09-30T09:00:00.400Z"}
{"label":"i2i-db-monitor-service.js","level":"info","message":"I2I DB Monitor ProfilerPrevHour@TotalDuration: 420199223.0000","timestamp":"2025-09-30T09:00:00.400Z"}
{"label":"i2i-db-monitor-service.js","level":"info","message":"I2I DB Monitor ProfilerPrevHour@AvgDurationTimeout: 30003256.0000","timestamp":"2025-09-30T09:00:00.400Z"}
{"label":"i2i-db-monitor-service.js","level":"info","message":"I2I DB Monitor ProfilerPrevHour@TotalDurationTiemout: 60006512.0000","timestamp":"2025-09-30T09:00:00.400Z"}
{"ProfilerLastHour_AvgDuration":8402507.294871794,"ProfilerLastHour_AvgDurationTimeout":0,"ProfilerLastHour_Count":78,"ProfilerLastHour_CountTimeout":0,"ProfilerLastHour_ErrorCount":0,"ProfilerLastHour_TotalCount":78,"ProfilerLastHour_TotalDuration":655395569,"ProfilerLastHour_TotalDurationTiemout":0,"ProfilerPrevHour_AvgDuration":7781467.092592592,"ProfilerPrevHour_AvgDurationTimeout":30003256,"ProfilerPrevHour_Count":54,"ProfilerPrevHour_CountTimeout":2,"ProfilerPrevHour_ErrorCount":0,"ProfilerPrevHour_TotalCount":56,"ProfilerPrevHour_TotalDuration":420199223,"ProfilerPrevHour_TotalDurationTiemout":60006512,"label":"i2i-db-monitor-service.js","level":"info","message":"I2I DB Monitor Results","timestamp":"2025-09-30T09:00:00.400Z"}
{"label":"i2i-client.js","level":"info","message":"Fetching auth token STANDARD for api","timestamp":"2025-09-30T09:00:00.627Z"}
{"label":"marketing-service-job.js","level":"info","message":"Got 6 items to synk","timestamp":"2025-09-30T09:00:00.757Z"}
{"label":"marketing-service-job.js","level":"info","message":"Marketing log written","timestamp":"2025-09-30T09:00:00.815Z"}
{"label":"marketing-service-job.js","level":"info","message":"Post duplicate removal 5 items to synk","timestamp":"2025-09-30T09:00:00.815Z"}
{"label":"log-sink.js","level":"info","message":"Wrote generated/files/new-dogs-vetplan_20250930090000815Z.csv","timestamp":"2025-09-30T09:00:00.819Z"}
{"label":"i2i-client.js","level":"info","message":"Fetching auth token STANDARD for api","timestamp":"2025-09-30T09:00:00.840Z"}
{"label":"marketing-service-job.js","level":"info","message":"Got 0 items to synk","timestamp":"2025-09-30T09:00:01.124Z"}
{"label":"marketing-service-job.js","level":"info","message":"Marketing log written","timestamp":"2025-09-30T09:00:01.124Z"}
{"label":"marketing-service-job.js","level":"info","message":"Post duplicate removal 0 items to synk","timestamp":"2025-09-30T09:00:01.128Z"}
{"label":"marketing-service-job.js","level":"info","message":"No data to sync","timestamp":"2025-09-30T09:00:01.128Z"}
{"label":"marketing-service-job.js","level":"info","message":"Got 0 items to synk","timestamp":"2025-09-30T09:00:01.228Z"}
{"label":"marketing-service-job.js","level":"info","message":"Marketing log written","timestamp":"2025-09-30T09:00:01.228Z"}
{"label":"marketing-service-job.js","level":"info","message":"Post duplicate removal 0 items to synk","timestamp":"2025-09-30T09:00:01.229Z"}
{"label":"marketing-service-job.js","level":"info","message":"No data to sync","timestamp":"2025-09-30T09:00:01.229Z"}
{"label":"mailchimp-template-sink.js","level":"info","message":[{"_id":"f0f18ef4d6ee4299aaf51560368f900b","email":"XX,"queued_reason":null,"reject_reason":null,"status":"sent"}],"timestamp":"2025-09-30T09:00:03.387Z"}
{"label":"i2i-monitor-service.js","level":"info","message":"I2I Monitor UpdatePolicy: 24.7880","timestamp":"2025-09-30T09:00:25.033Z"}
{"label":"i2i-client.js","level":"info","message":"Fetching auth token STANDARD for api","timestamp":"2025-09-30T09:00:25.033Z"}
{"label":"i2i-monitor-service.js","level":"info","message":"I2I Monitor GetParty: 0.0752","timestamp":"2025-09-30T09:00:25.108Z"}
{"label":"i2i-client.js","level":"info","message":"Fetching auth token STANDARD for api","timestamp":"2025-09-30T09:00:25.108Z"}
{"label":"i2i-client.js","level":"info","message":"Fetching auth token STANDARD for api","timestamp":"2025-09-30T09:00:25.184Z"}
{"label":"i2i-monitor-service.js","level":"info","message":"I2I Monitor UpdateParty: 0.1624","timestamp":"2025-09-30T09:00:25.271Z"}
{"label":"i2i-client.js","level":"info","message":"Fetching auth token STANDARD for api","timestamp":"2025-09-30T09:00:25.271Z"}
{"label":"i2i-monitor-service.js","level":"info","message":"I2I Monitor GetClaim: 0.1196","timestamp":"2025-09-30T09:00:25.390Z"}
{"label":"i2i-client.js","level":"info","message":"Fetching auth token STANDARD for api","timestamp":"2025-09-30T09:00:25.393Z"}
{"label":"i2i-monitor-service.js","level":"info","message":"I2I Monitor GetPolicy: 0.0864","timestamp":"2025-09-30T09:00:25.479Z"}
{"label":"i2i-client.js","level":"info","message":"Fetching auth token STANDARD for api","timestamp":"2025-09-30T09:00:25.479Z"}
{"label":"i2i-client.js","level":"info","message":"Fetching auth token STANDARD for api","timestamp":"2025-09-30T09:00:25.598Z"}
{"label":"i2i-monitor-service.js","level":"info","message":"I2I Monitor UpdateClaim: 1.5227","timestamp":"2025-09-30T09:00:27.002Z"}
{"GetClaim":0.1195832,"GetParty":0.075239646,"GetPolicy":0.086425108,"UpdateClaim":1.522651238,"UpdateParty":0.162359566,"UpdatePolicy":24.787951543,"label":"i2i-monitor-service.js","level":"info","message":"I2I Monitor Results","timestamp":"2025-09-30T09:00:27.002Z"}
{"label":"i2i-client.js","level":"info","message":"Fetching auth token STANDARD for api","timestamp":"2025-09-30T09:05:00.885Z"}
{"label":"i2i-client.js","level":"info","message":"Fetching auth token STANDARD for api","timestamp":"2025-09-30T09:05:00.885Z"}
{"label":"i2i-monitor-service.js","level":"info","message":"I2I Monitor GetClaim: 0.1605","timestamp":"2025-09-30T09:05:01.046Z"}
{"label":"i2i-client.js","level":"info","message":"Fetching auth token STANDARD for api","timestamp":"2025-09-30T09:05:01.046Z"}
{"label":"i2i-monitor-service.js","level":"info","message":"I2I Monitor GetParty: 0.0831","timestamp":"2025-09-30T09:05:01.129Z"}
{"label":"i2i-client.js","level":"info","message":"Fetching auth token STANDARD for api","timestamp":"2025-09-30T09:05:01.129Z"}
{"label":"i2i-client.js","level":"info","message":"Fetching auth token STANDARD for api","timestamp":"2025-09-30T09:05:01.210Z"}
{"label":"i2i-monitor-service.js","level":"info","message":"I2I Monitor UpdateParty: 0.1785","timestamp":"2025-09-30T09:05:01.308Z"}
{"label":"i2i-client.js","level":"info","message":"Fetching auth token STANDARD for api","timestamp":"2025-09-30T09:05:01.308Z"}
{"label":"i2i-monitor-service.js","level":"info","message":"I2I Monitor GetPolicy: 0.0931","timestamp":"2025-09-30T09:05:01.401Z"}
{"label":"i2i-client.js","level":"info","message":"Fetching auth token STANDARD for api","timestamp":"2025-09-30T09:05:01.401Z"}
{"label":"i2i-client.js","level":"info","message":"Fetching auth token STANDARD for api","timestamp":"2025-09-30T09:05:01.545Z"}
{"label":"i2i-monitor-service.js","level":"info","message":"I2I Monitor UpdateClaim: 1.6540","timestamp":"2025-09-30T09:05:03.056Z"}
{"label":"i2i-client.js","level":"info","message":"Fetching auth token STANDARD for api","timestamp":"2025-09-30T09:05:03.056Z"}
{"label":"i2i-client.js","level":"info","message":"Fetching auth token STANDARD for api","timestamp":"2025-09-30T09:05:03.154Z"}
{"label":"i2i-client.js","level":"info","message":"Fetching auth token STANDARD for api","timestamp":"2025-09-30T09:05:03.254Z"}
{"label":"i2i-monitor-service.js","level":"info","message":"I2I Monitor UpdatePolicy: 23.8955","timestamp":"2025-09-30T09:05:26.951Z"}
{"GetClaim":0.160520893,"GetParty":0.083107981,"GetPolicy":0.093072736,"UpdateClaim":1.654021516,"UpdateParty":0.17851688599999999,"UpdatePolicy":23.895470840999998,"label":"i2i-monitor-service.js","level":"info","message":"I2I Monitor Results","timestamp":"2025-09-30T09:05:26.951Z"}
{"label":"i2i-client.js","level":"info","message":"Fetching auth token STANDARD for api","timestamp":"2025-09-30T09:10:00.295Z"}
{"label":"i2i-client.js","level":"info","message":"Fetching auth token STANDARD for api","timestamp":"2025-09-30T09:10:00.296Z"}
{"label":"marketing-service.js","level":"info","message":"Start job sommarkampanj-2025-dogs:sommarkampanj-2025","timestamp":"2025-09-30T09:10:00.308Z"}
{"label":"marketing-service-job.js","level":"info","message":"Starting JOB sommarkampanj-2025-dogs:sommarkampanj-2025","timestamp":"2025-09-30T09:10:00.308Z"}
{"label":"marketing-service.js","level":"info","message":"Start job sommarkampanj-2025-dogs:sommarkampanj-2025","timestamp":"2025-09-30T09:10:00.309Z"}
{"label":"marketing-service-job.js","level":"info","message":"Starting JOB sommarkampanj-2025-dogs:sommarkampanj-2025","timestamp":"2025-09-30T09:10:00.309Z"}
{"label":"i2i-monitor-service.js","level":"info","message":"I2I Monitor GetClaim: 0.2320","timestamp":"2025-09-30T09:10:00.528Z"}
{"label":"i2i-client.js","level":"info","message":"Fetching auth token STANDARD for api","timestamp":"2025-09-30T09:10:00.528Z"}
{"label":"i2i-monitor-service.js","level":"info","message":"I2I Monitor GetPolicy: 0.1002","timestamp":"2025-09-30T09:10:00.628Z"}
{"label":"i2i-client.js","level":"info","message":"Fetching auth token STANDARD for api","timestamp":"2025-09-30T09:10:00.628Z"}
{"label":"marketing-service-job.js","level":"info","message":"Got 0 items to synk","timestamp":"2025-09-30T09:10:00.668Z"}
{"label":"marketing-service-job.js","level":"info","message":"Marketing log written","timestamp":"2025-09-30T09:10:00.668Z"}
{"label":"marketing-service-job.js","level":"info","message":"Post duplicate removal 0 items to synk","timestamp":"2025-09-30T09:10:00.668Z"}
{"label":"marketing-service-job.js","level":"info","message":"No data to sync","timestamp":"2025-09-30T09:10:00.668Z"}
{"label":"marketing-service-job.js","level":"info","message":"Got 0 items to synk","timestamp":"2025-09-30T09:10:00.678Z"}
{"label":"marketing-service-job.js","level":"info","message":"Marketing log written","timestamp":"2025-09-30T09:10:00.678Z"}
{"label":"marketing-service-job.js","level":"info","message":"Post duplicate removal 0 items to synk","timestamp":"2025-09-30T09:10:00.678Z"}
{"label":"marketing-service-job.js","level":"info","message":"No data to sync","timestamp":"2025-09-30T09:10:00.678Z"}
{"label":"i2i-client.js","level":"info","message":"Fetching auth token STANDARD for api","timestamp":"2025-09-30T09:10:00.778Z"}
{"label":"i2i-monitor-service.js","level":"info","message":"I2I Monitor UpdateClaim: 1.8963","timestamp":"2025-09-30T09:10:02.525Z"}
{"label":"i2i-client.js","level":"info","message":"Fetching auth token STANDARD for api","timestamp":"2025-09-30T09:10:02.525Z"}
{"label":"i2i-monitor-service.js","level":"info","message":"I2I Monitor GetParty: 0.0806","timestamp":"2025-09-30T09:10:02.606Z"}
{"label":"i2i-client.js","level":"info","message":"Fetching auth token STANDARD for api","timestamp":"2025-09-30T09:10:02.606Z"}
{"label":"i2i-client.js","level":"info","message":"Fetching auth token STANDARD for api","timestamp":"2025-09-30T09:10:02.692Z"}
{"label":"i2i-client.js","level":"info","message":"Fetching auth token STANDARD for api","timestamp":"2025-09-30T09:10:02.778Z"}
{"label":"i2i-monitor-service.js","level":"info","message":"I2I Monitor UpdatePolicy: 24.0024","timestamp":"2025-09-30T09:10:26.608Z"}
{"label":"i2i-client.js","level":"info","message":"Fetching auth token STANDARD for api","timestamp":"2025-09-30T09:10:26.608Z"}
{"label":"i2i-client.js","level":"info","message":"Fetching auth token STANDARD for api","timestamp":"2025-09-30T09:10:26.689Z"}
{"label":"i2i-monitor-service.js","level":"info","message":"I2I Monitor UpdateParty: 0.1679","timestamp":"2025-09-30T09:10:26.776Z"}
{"GetClaim":0.231986114,"GetParty":0.080635805,"GetPolicy":0.100188138,"UpdateClaim":1.896290761,"UpdateParty":0.16791624300000002,"UpdatePolicy":24.002420123,"label":"i2i-monitor-service.js","level":"info","message":"I2I Monitor Results","timestamp":"2025-09-30T09:10:26.777Z"}
{"label":"i2i-client.js","level":"info","message":"Fetching auth token STANDARD for api","timestamp":"2025-09-30T09:15:00.633Z"}
{"label":"i2i-client.js","level":"info","message":"Fetching auth token STANDARD for api","timestamp":"2025-09-30T09:15:00.634Z"}
{"label":"i2i-client.js","level":"info","message":"Fetching auth token STANDARD for api","timestamp":"2025-09-30T09:15:00.724Z"}
{"label":"i2i-monitor-service.js","level":"info","message":"I2I Monitor UpdateParty: 0.1883","timestamp":"2025-09-30T09:15:00.822Z"}
{"label":"i2i-client.js","level":"info","message":"Fetching auth token STANDARD for api","timestamp":"2025-09-30T09:15:00.822Z"}
{"label":"i2i-client.js","level":"info","message":"Fetching auth token STANDARD for api","timestamp":"2025-09-30T09:15:00.977Z"}
{"label":"i2i-monitor-service.js","level":"info","message":"I2I Monitor UpdateClaim: 2.7498","timestamp":"2025-09-30T09:15:03.572Z"}
{"label":"i2i-client.js","level":"info","message":"Fetching auth token STANDARD for api","timestamp":"2025-09-30T09:15:03.572Z"}
{"label":"i2i-monitor-service.js","level":"info","message":"I2I Monitor GetParty: 0.0844","timestamp":"2025-09-30T09:15:03.657Z"}
{"label":"i2i-client.js","level":"info","message":"Fetching auth token STANDARD for api","timestamp":"2025-09-30T09:15:03.657Z"}
{"label":"i2i-client.js","level":"info","message":"Fetching auth token STANDARD for api","timestamp":"2025-09-30T09:15:03.744Z"}
{"label":"i2i-client.js","level":"info","message":"Fetching auth token STANDARD for api","timestamp":"2025-09-30T09:15:03.833Z"}
{"label":"i2i-monitor-service.js","level":"info","message":"I2I Monitor UpdatePolicy: 11.7333","timestamp":"2025-09-30T09:15:15.390Z"}
{"label":"i2i-client.js","level":"info","message":"Fetching auth token STANDARD for api","timestamp":"2025-09-30T09:15:15.390Z"}
{"label":"i2i-monitor-service.js","level":"info","message":"I2I Monitor GetPolicy: 0.1029","timestamp":"2025-09-30T09:15:15.493Z"}
{"label":"i2i-client.js","level":"info","message":"Fetching auth token STANDARD for api","timestamp":"2025-09-30T09:15:15.493Z"}
{"label":"i2i-monitor-service.js","level":"info","message":"I2I Monitor GetClaim: 0.1330","timestamp":"2025-09-30T09:15:15.626Z"}
{"GetClaim":0.133046571,"GetParty":0.084403787,"GetPolicy":0.102880611,"UpdateClaim":2.749841521,"UpdateParty":0.188274847,"UpdatePolicy":11.73325816,"label":"i2i-monitor-service.js","level":"info","message":"I2I Monitor Results","timestamp":"2025-09-30T09:15:15.627Z"}
{"label":"i2i-client.js","level":"info","message":"Fetching auth token STANDARD for api","timestamp":"2025-09-30T09:20:00.957Z"}
{"label":"i2i-client.js","level":"info","message":"Fetching auth token STANDARD for api","timestamp":"2025-09-30T09:20:00.957Z"}
{"label":"marketing-service.js","level":"info","message":"Start job sommarkampanj-2025-dogs:sommarkampanj-2025","timestamp":"2025-09-30T09:20:00.982Z"}
{"label":"marketing-service-job.js","level":"info","message":"Starting JOB sommarkampanj-2025-dogs:sommarkampanj-2025","timestamp":"2025-09-30T09:20:00.982Z"}
{"label":"marketing-service.js","level":"info","message":"Start job sommarkampanj-2025-dogs:sommarkampanj-2025","timestamp":"2025-09-30T09:20:00.985Z"}
{"label":"marketing-service-job.js","level":"info","message":"Starting JOB sommarkampanj-2025-dogs:sommarkampanj-2025","timestamp":"2025-09-30T09:20:00.985Z"}
{"label":"i2i-monitor-service.js","level":"info","message":"I2I Monitor GetClaim: 0.3711","timestamp":"2025-09-30T09:20:01.328Z"}
{"label":"i2i-client.js","level":"info","message":"Fetching auth token STANDARD for api","timestamp":"2025-09-30T09:20:01.328Z"}
{"label":"i2i-client.js","level":"info","message":"Fetching auth token STANDARD for api","timestamp":"2025-09-30T09:20:01.534Z"}
{"label":"marketing-service-job.js","level":"info","message":"Got 0 items to synk","timestamp":"2025-09-30T09:20:01.576Z"}
{"label":"marketing-service-job.js","level":"info","message":"Marketing log written","timestamp":"2025-09-30T09:20:01.576Z"}
{"label":"marketing-service-job.js","level":"info","message":"Post duplicate removal 0 items to synk","timestamp":"2025-09-30T09:20:01.576Z"}
{"label":"marketing-service-job.js","level":"info","message":"No data to sync","timestamp":"2025-09-30T09:20:01.576Z"}
{"label":"i2i-monitor-service.js","level":"info","message":"I2I Monitor UpdateParty: 0.4004","timestamp":"2025-09-30T09:20:01.729Z"}
{"label":"i2i-client.js","level":"info","message":"Fetching auth token STANDARD for api","timestamp":"2025-09-30T09:20:01.729Z"}
{"label":"i2i-client.js","level":"info","message":"Fetching auth token STANDARD for api","timestamp":"2025-09-30T09:20:01.930Z"}
{"label":"marketing-service-job.js","level":"info","message":"Got 0 items to synk","timestamp":"2025-09-30T09:20:01.975Z"}
{"label":"marketing-service-job.js","level":"info","message":"Marketing log written","timestamp":"2025-09-30T09:20:01.975Z"}
{"label":"marketing-service-job.js","level":"info","message":"Post duplicate removal 0 items to synk","timestamp":"2025-09-30T09:20:01.975Z"}
{"label":"marketing-service-job.js","level":"info","message":"No data to sync","timestamp":"2025-09-30T09:20:01.975Z"}
{"label":"i2i-client.js","level":"info","message":"Fetching auth token STANDARD for api","timestamp":"2025-09-30T09:20:02.069Z"}
{"label":"i2i-monitor-service.js","level":"info","message":"I2I Monitor UpdatePolicy: 44.2698","timestamp":"2025-09-30T09:20:45.999Z"}
{"label":"i2i-client.js","level":"info","message":"Fetching auth token STANDARD for api","timestamp":"2025-09-30T09:20:45.999Z"}
{"label":"i2i-monitor-service.js","level":"info","message":"I2I Monitor GetPolicy: 0.4036","timestamp":"2025-09-30T09:20:46.403Z"}
{"label":"i2i-client.js","level":"info","message":"Fetching auth token STANDARD for api","timestamp":"2025-09-30T09:20:46.403Z"}
{"label":"i2i-monitor-service.js","level":"info","message":"I2I Monitor GetParty: 0.2618","timestamp":"2025-09-30T09:20:46.665Z"}
{"label":"i2i-client.js","level":"info","message":"Fetching auth token STANDARD for api","timestamp":"2025-09-30T09:20:46.665Z"}
{"label":"i2i-client.js","level":"info","message":"Fetching auth token STANDARD for api","timestamp":"2025-09-30T09:20:46.957Z"}
{"label":"i2i-monitor-service.js","level":"info","message":"I2I Monitor UpdateClaim: 4.1813","timestamp":"2025-09-30T09:20:50.846Z"}
{"GetClaim":0.37109193900000004,"GetParty":0.261779354,"GetPolicy":0.40362613700000005,"UpdateClaim":4.181323836,"UpdateParty":0.40041952199999997,"UpdatePolicy":44.269770879999996,"label":"i2i-monitor-service.js","level":"info","message":"I2I Monitor Results","timestamp":"2025-09-30T09:20:50.847Z"}
{"label":"i2i-client.js","level":"info","message":"Fetching auth token STANDARD for api","timestamp":"2025-09-30T09:25:00.283Z"}
{"label":"i2i-client.js","level":"info","message":"Fetching auth token STANDARD for api","timestamp":"2025-09-30T09:25:00.283Z"}
{"label":"i2i-monitor-service.js","level":"info","message":"I2I Monitor GetParty: 0.1833","timestamp":"2025-09-30T09:25:00.466Z"}
{"label":"i2i-client.js","level":"info","message":"Fetching auth token STANDARD for api","timestamp":"2025-09-30T09:25:00.466Z"}
{"label":"i2i-client.js","level":"info","message":"Fetching auth token STANDARD for api","timestamp":"2025-09-30T09:25:00.681Z"}
{"label":"i2i-monitor-service.js","level":"info","message":"I2I Monitor UpdateClaim: 3.1097","timestamp":"2025-09-30T09:25:03.576Z"}
{"label":"i2i-client.js","level":"info","message":"Fetching auth token STANDARD for api","timestamp":"2025-09-30T09:25:03.576Z"}
{"label":"i2i-client.js","level":"info","message":"Fetching auth token STANDARD for api","timestamp":"2025-09-30T09:25:03.744Z"}
{"label":"i2i-monitor-service.js","level":"info","message":"I2I Monitor UpdateParty: 0.3469","timestamp":"2025-09-30T09:25:03.923Z"}
{"label":"i2i-client.js","level":"info","message":"Fetching auth token STANDARD for api","timestamp":"2025-09-30T09:25:03.923Z"}
{"label":"i2i-client.js","level":"info","message":"Fetching auth token STANDARD for api","timestamp":"2025-09-30T09:25:04.094Z"}
{"label":"i2i-client.js","level":"info","message":"Fetching auth token STANDARD for api","timestamp":"2025-09-30T09:25:04.333Z"}
{"label":"i2i-monitor-service.js","level":"info","message":"I2I Monitor UpdatePolicy: 24.0861","timestamp":"2025-09-30T09:25:28.010Z"}
{"label":"i2i-client.js","level":"info","message":"Fetching auth token STANDARD for api","timestamp":"2025-09-30T09:25:28.010Z"}
{"label":"i2i-monitor-service.js","level":"info","message":"I2I Monitor GetPolicy: 0.3221","timestamp":"2025-09-30T09:25:28.332Z"}
{"label":"i2i-client.js","level":"info","message":"Fetching auth token STANDARD for api","timestamp":"2025-09-30T09:25:28.332Z"}
{"label":"i2i-monitor-service.js","level":"info","message":"I2I Monitor GetClaim: 0.1892","timestamp":"2025-09-30T09:25:28.521Z"}
{"GetClaim":0.189249737,"GetParty":0.18328712100000003,"GetPolicy":0.32214638100000004,"UpdateClaim":3.109714618,"UpdateParty":0.346944639,"UpdatePolicy":24.086139777,"label":"i2i-monitor-service.js","level":"info","message":"I2I Monitor Results","timestamp":"2025-09-30T09:25:28.522Z"}
{"label":"i2i-client.js","level":"info","message":"Fetching auth token STANDARD for api","timestamp":"2025-09-30T09:30:00.728Z"}
{"label":"i2i-client.js","level":"info","message":"Fetching auth token STANDARD for api","timestamp":"2025-09-30T09:30:00.728Z"}
{"label":"marketing-service.js","level":"info","message":"Start job sommarkampanj-2025-dogs:sommarkampanj-2025","timestamp":"2025-09-30T09:30:00.744Z"}
{"label":"marketing-service-job.js","level":"info","message":"Starting JOB sommarkampanj-2025-dogs:sommarkampanj-2025","timestamp":"2025-09-30T09:30:00.744Z"}
{"label":"marketing-service.js","level":"info","message":"Start job sommarkampanj-2025-dogs:sommarkampanj-2025","timestamp":"2025-09-30T09:30:00.745Z"}
{"label":"marketing-service-job.js","level":"info","message":"Starting JOB sommarkampanj-2025-dogs:sommarkampanj-2025","timestamp":"2025-09-30T09:30:00.745Z"}
{"label":"i2i-db-monitor-service.js","level":"info","message":"I2I DB Monitor ProfilerLastHour@Execution: 0.0402","timestamp":"2025-09-30T09:30:00.771Z"}
{"label":"i2i-db-monitor-service.js","level":"info","message":"I2I DB Monitor ProfilerLastHour@TotalCount: 37.0000","timestamp":"2025-09-30T09:30:00.771Z"}
{"label":"i2i-db-monitor-service.js","level":"info","message":"I2I DB Monitor ProfilerLastHour@Count: 37.0000","timestamp":"2025-09-30T09:30:00.771Z"}
{"label":"i2i-db-monitor-service.js","level":"info","message":"I2I DB Monitor ProfilerLastHour@ErrorCount: 0.0000","timestamp":"2025-09-30T09:30:00.771Z"}
{"label":"i2i-db-monitor-service.js","level":"info","message":"I2I DB Monitor ProfilerLastHour@CountTimeout: 0.0000","timestamp":"2025-09-30T09:30:00.771Z"}
{"label":"i2i-db-monitor-service.js","level":"info","message":"I2I DB Monitor ProfilerLastHour@AvgDuration: 7777620.3243","timestamp":"2025-09-30T09:30:00.771Z"}
{"label":"i2i-db-monitor-service.js","level":"info","message":"I2I DB Monitor ProfilerLastHour@TotalDuration: 287771952.0000","timestamp":"2025-09-30T09:30:00.771Z"}
{"label":"i2i-db-monitor-service.js","level":"info","message":"I2I DB Monitor ProfilerLastHour@AvgDurationTimeout: 0.0000","timestamp":"2025-09-30T09:30:00.771Z"}
{"label":"i2i-db-monitor-service.js","level":"info","message":"I2I DB Monitor ProfilerLastHour@TotalDurationTiemout: 0.0000","timestamp":"2025-09-30T09:30:00.771Z"}
{"label":"i2i-db-monitor-service.js","level":"info","message":"I2I DB Monitor ProfilerPrevHour@Execution: 0.0213","timestamp":"2025-09-30T09:30:00.793Z"}
{"label":"i2i-db-monitor-service.js","level":"info","message":"I2I DB Monitor ProfilerPrevHour@TotalCount: 52.0000","timestamp":"2025-09-30T09:30:00.793Z"}
{"label":"i2i-db-monitor-service.js","level":"info","message":"I2I DB Monitor ProfilerPrevHour@Count: 52.0000","timestamp":"2025-09-30T09:30:00.793Z"}
{"label":"i2i-db-monitor-service.js","level":"info","message":"I2I DB Monitor ProfilerPrevHour@ErrorCount: 0.0000","timestamp":"2025-09-30T09:30:00.793Z"}
{"label":"i2i-db-monitor-service.js","level":"info","message":"I2I DB Monitor ProfilerPrevHour@CountTimeout: 0.0000","timestamp":"2025-09-30T09:30:00.793Z"}
{"label":"i2i-db-monitor-service.js","level":"info","message":"I2I DB Monitor ProfilerPrevHour@AvgDuration: 9180089.7115","timestamp":"2025-09-30T09:30:00.793Z"}
{"label":"i2i-db-monitor-service.js","level":"info","message":"I2I DB Monitor ProfilerPrevHour@TotalDuration: 477364665.0000","timestamp":"2025-09-30T09:30:00.793Z"}
{"label":"i2i-db-monitor-service.js","level":"info","message":"I2I DB Monitor ProfilerPrevHour@AvgDurationTimeout: 0.0000","timestamp":"2025-09-30T09:30:00.793Z"}
{"label":"i2i-db-monitor-service.js","level":"info","message":"I2I DB Monitor ProfilerPrevHour@TotalDurationTiemout: 0.0000","timestamp":"2025-09-30T09:30:00.793Z"}
{"ProfilerLastHour_AvgDuration":7777620.324324325,"ProfilerLastHour_AvgDurationTimeout":0,"ProfilerLastHour_Count":37,"ProfilerLastHour_CountTimeout":0,"ProfilerLastHour_ErrorCount":0,"ProfilerLastHour_TotalCount":37,"ProfilerLastHour_TotalDuration":287771952,"ProfilerLastHour_TotalDurationTiemout":0,"ProfilerPrevHour_AvgDuration":9180089.711538462,"ProfilerPrevHour_AvgDurationTimeout":0,"ProfilerPrevHour_Count":52,"ProfilerPrevHour_CountTimeout":0,"ProfilerPrevHour_ErrorCount":0,"ProfilerPrevHour_TotalCount":52,"ProfilerPrevHour_TotalDuration":477364665,"ProfilerPrevHour_TotalDurationTiemout":0,"label":"i2i-db-monitor-service.js","level":"info","message":"I2I DB Monitor Results","timestamp":"2025-09-30T09:30:00.793Z"}
{"label":"i2i-monitor-service.js","level":"info","message":"I2I Monitor GetParty: 0.1693","timestamp":"2025-09-30T09:30:00.898Z"}
{"label":"i2i-client.js","level":"info","message":"Fetching auth token STANDARD for api","timestamp":"2025-09-30T09:30:00.898Z"}
{"label":"marketing-service-job.js","level":"info","message":"Got 0 items to synk","timestamp":"2025-09-30T09:30:01.092Z"}
{"label":"marketing-service-job.js","level":"info","message":"Marketing log written","timestamp":"2025-09-30T09:30:01.092Z"}
{"label":"marketing-service-job.js","level":"info","message":"Post duplicate removal 0 items to synk","timestamp":"2025-09-30T09:30:01.092Z"}
{"label":"marketing-service-job.js","level":"info","message":"No data to sync","timestamp":"2025-09-30T09:30:01.092Z"}
{"label":"i2i-client.js","level":"info","message":"Fetching auth token STANDARD for api","timestamp":"2025-09-30T09:30:01.148Z"}
{"label":"marketing-service-job.js","level":"info","message":"Got 0 items to synk","timestamp":"2025-09-30T09:30:01.161Z"}
{"label":"marketing-service-job.js","level":"info","message":"Marketing log written","timestamp":"2025-09-30T09:30:01.161Z"}
{"label":"marketing-service-job.js","level":"info","message":"Post duplicate removal 0 items to synk","timestamp":"2025-09-30T09:30:01.161Z"}
{"label":"marketing-service-job.js","level":"info","message":"No data to sync","timestamp":"2025-09-30T09:30:01.161Z"}
{"label":"i2i-monitor-service.js","level":"info","message":"I2I Monitor UpdateClaim: 3.8559","timestamp":"2025-09-30T09:30:04.754Z"}
{"label":"i2i-client.js","level":"info","message":"Fetching auth token STANDARD for api","timestamp":"2025-09-30T09:30:04.754Z"}
{"label":"i2i-client.js","level":"info","message":"Fetching auth token STANDARD for api","timestamp":"2025-09-30T09:30:04.923Z"}
{"label":"i2i-client.js","level":"info","message":"Fetching auth token STANDARD for api","timestamp":"2025-09-30T09:30:05.130Z"}
{"label":"i2i-monitor-service.js","level":"info","message":"I2I Monitor UpdatePolicy: 20.2617","timestamp":"2025-09-30T09:30:25.016Z"}
{"label":"i2i-client.js","level":"info","message":"Fetching auth token STANDARD for api","timestamp":"2025-09-30T09:30:25.016Z"}
{"label":"i2i-monitor-service.js","level":"info","message":"I2I Monitor GetClaim: 0.1157","timestamp":"2025-09-30T09:30:25.132Z"}
{"label":"i2i-client.js","level":"info","message":"Fetching auth token STANDARD for api","timestamp":"2025-09-30T09:30:25.132Z"}
{"label":"i2i-monitor-service.js","level":"info","message":"I2I Monitor GetPolicy: 0.0877","timestamp":"2025-09-30T09:30:25.220Z"}
{"label":"i2i-client.js","level":"info","message":"Fetching auth token STANDARD for api","timestamp":"2025-09-30T09:30:25.220Z"}
{"label":"i2i-client.js","level":"info","message":"Fetching auth token STANDARD for api","timestamp":"2025-09-30T09:30:25.295Z"}
{"label":"i2i-monitor-service.js","level":"info","message":"I2I Monitor UpdateParty: 0.1600","timestamp":"2025-09-30T09:30:25.380Z"}
{"GetClaim":0.11567362199999999,"GetParty":0.16934865899999998,"GetPolicy":0.087731154,"UpdateClaim":3.855949255,"UpdateParty":0.159986141,"UpdatePolicy":20.261690084999998,"label":"i2i-monitor-service.js","level":"info","message":"I2I Monitor Results","timestamp":"2025-09-30T09:30:25.380Z"}
